activation_rate,active_steps,agreement_clearance_rate,agreement_decisions,agreement_directional_cosine,agreement_hard_disagreement_rate,blocked_pre_opening_activation_rate,blocked_pre_opening_active_steps,blocked_pre_opening_any_activation,blocked_pre_opening_steps,compute_ms_per_step,cvar20_violation,episode_id,false_preactivation_episode,hard_contacts,k,post_opening_activation_rate,post_opening_active_steps,post_opening_any_activation,post_opening_no_activation_episode,post_opening_steps,pre_event_activation_rate,pre_event_active_steps,pre_event_any_activation,pre_event_steps,regime,steps,success
0.21428571428571427,12,1.0,7,0.5774383136932805,0.0,0.0,0,0,10,8.03128907136852,2.362980258937169,0,0,10.0,4,0.5714285714285714,12,1,0,21,0.0,0,0,25,R1,56,1.0
0.0,0,nan,0,nan,nan,0.0,0,0,10,11.308583474354977,1.9600181268606136,1,0,7.0,4,0.0,0,0,1,22,0.0,0,0,27,R1,59,1.0
0.05454545454545454,3,0.3333333333333333,3,0.9969352840293362,0.6666666666666666,0.2,2,1,10,11.668960145801645,2.2891397638925843,2,1,9.0,4,0.05,1,1,0,20,0.0,0,0,25,R3,55,1.0
0.0625,4,1.0,4,0.5664498480685543,0.0,0.0,0,0,10,10.897170218868268,1.3941213816136981,3,0,3.0,4,0.16,4,1,0,25,0.0,0,0,29,R3,64,1.0
0.0,0,nan,0,nan,nan,0.0,0,0,10,9.457433363951912,1.597566672104449,4,0,3.0,4,0.0,0,0,1,19,0.0,0,0,26,R3,55,1.0
0.07692307692307693,5,0.4,5,0.6375240304331303,0.6,0.0,0,0,10,7.505898553734789,1.702204422305705,5,0,6.0,4,0.08333333333333333,2,1,0,24,0.0967741935483871,3,1,31,R1,65,1.0
0.140625,9,0.0,9,0.9741766479927537,0.0,0.0,0,0,10,7.7334779844022705,2.1134453923295142,6,0,8.0,4,0.0,0,0,1,24,0.3,9,1,30,R1,64,1.0
0.019230769230769232,1,0.0,1,0.9963091090988382,0.0,0.1,1,1,10,7.211776519118128,2.3778427353296747,7,1,9.0,4,0.0,0,0,1,18,0.0,0,0,24,R1,52,1.0
0.09803921568627451,5,1.0,4,0.999983260298478,0.0,0.0,0,0,10,7.159655372151082,2.628880120379997,8,0,12.0,4,0.29411764705882354,5,1,0,17,0.0,0,0,24,R2,51,1.0
0.02040816326530612,1,1.0,1,0.9913070154295042,0.0,0.0,0,0,10,9.030066285643498,2.774425280290071,9,0,13.0,4,0.058823529411764705,1,1,0,17,0.0,0,0,22,R2,49,1.0
0.0,0,nan,0,nan,nan,0.0,0,0,10,7.221719339473306,2.540613819464813,10,0,9.0,4,0.0,0,0,1,20,0.0,0,0,26,R1,56,1.0
0.15151515151515152,10,1.0,8,0.451003441292994,0.0,0.0,0,0,10,7.3619045759904,1.3684046317319656,11,0,3.0,4,0.38461538461538464,10,1,0,26,0.0,0,0,30,R1,66,1.0
0.04918032786885246,3,1.0,3,0.9833600836561232,0.0,0.0,0,0,10,7.2126943440573505,1.348203829612707,12,0,3.0,4,0.13636363636363635,3,1,0,22,0.0,0,0,29,R2,61,1.0
0.0,0,nan,0,nan,nan,0.0,0,0,10,7.223115200273848,2.716918832493124,13,0,20.0,4,0.0,0,0,1,22,0.0,0,0,28,R1,60,1.0
0.0,0,nan,0,nan,nan,0.0,0,0,10,7.19563412470355,2.5473058023440713,14,0,11.0,4,0.0,0,0,1,17,0.0,0,0,21,R1,48,1.0
0.0,0,nan,0,nan,nan,0.0,0,0,10,7.093647925541046,2.376065133927987,15,0,11.0,4,0.0,0,0,1,19,0.0,0,0,25,R2,54,1.0
0.0,0,nan,0,nan,nan,0.0,0,0,10,7.84829454259726,2.576678928773273,16,0,12.0,4,0.0,0,0,1,22,0.0,0,0,27,R1,59,1.0
0.0,0,nan,0,nan,nan,0.0,0,0,10,7.939261583184513,2.5702010751655413,17,0,13.0,4,0.0,0,0,1,16,0.0,0,0,22,R2,48,1.0
0.0,0,nan,0,nan,nan,0.0,0,0,10,7.906381901629059,2.737993605095636,18,0,14.0,4,0.0,0,0,1,33,0.0,0,0,28,R1,71,1.0
0.0,0,nan,0,nan,nan,0.0,0,0,10,7.772689027399182,2.7136702958803167,19,0,20.0,4,0.0,0,0,1,31,0.0,0,0,32,R1,73,1.0
0.0,0,nan,0,nan,nan,0.0,0,0,10,7.859541096671995,2.623574669938637,20,0,13.0,4,0.0,0,0,1,25,0.0,0,0,27,R1,62,1.0
0.0,0,nan,0,nan,nan,0.0,0,0,10,7.7178910703391725,2.4211518309931686,21,0,11.0,4,0.0,0,0,1,33,0.0,0,0,28,R1,71,1.0
0.0547945205479452,4,0.0,4,0.7899607323887995,1.0,0.0,0,0,10,7.7047253698142475,2.874771676691243,22,0,35.0,4,0.13333333333333333,4,1,0,30,0.0,0,0,33,R3,73,1.0
0.06666666666666667,4,0.0,3,0.7436793604472877,1.0,0.0,0,0,10,9.877535249688663,2.9458124249101667,23,0,23.0,4,0.16666666666666666,4,1,0,24,0.0,0,0,26,R1,60,1.0
0.24193548387096775,15,0.5333333333333333,15,0.7433744613589529,0.4666666666666667,0.8,8,1,10,9.776405290223568,2.3258657745726046,24,1,11.0,4,0.28,7,1,0,25,0.0,0,0,27,R1,62,1.0
0.0,0,nan,0,nan,nan,0.0,0,0,10,9.962010370347546,2.6196810436186126,25,0,13.0,4,0.0,0,0,1,19,0.0,0,0,25,R3,54,1.0
0.12244897959183673,6,1.0,6,0.48554920610611824,0.0,0.0,0,0,10,9.29587610227493,2.546969282694993,26,0,8.0,4,0.3333333333333333,6,1,0,18,0.0,0,0,21,R1,49,1.0
0.0,0,nan,0,nan,nan,0.0,0,0,10,9.436098909513516,1.5967590741003161,27,0,3.0,4,0.0,0,0,1,19,0.0,0,0,26,R1,55,1.0
0.0,0,nan,0,nan,nan,0.0,0,0,10,9.819688660395771,2.54822434855749,28,0,10.0,4,0.0,0,0,1,19,0.0,0,0,24,R1,53,1.0
0.03333333333333333,2,1.0,2,0.3433453998857168,0.0,0.0,0,0,10,9.34582470023694,1.8479620419266167,29,0,6.0,4,0.08695652173913043,2,1,0,23,0.0,0,0,27,R1,60,1.0
0.0,0,nan,0,nan,nan,0.0,0,0,10,9.897578413827055,1.6863183446650871,30,0,5.0,4,0.0,0,0,1,21,0.0,0,0,27,R1,58,1.0
0.03225806451612903,2,1.0,2,0.766634601338031,0.0,0.0,0,0,10,9.939712983924114,1.4884514100856787,31,0,4.0,4,0.08695652173913043,2,1,0,23,0.0,0,0,29,R1,62,1.0
0.01020408163265306,1,0.0,1,0.8109429758029212,1.0,0.0,0,0,10,9.661518867372306,2.3532579644877725,32,0,15.0,4,0.022727272727272728,1,1,0,44,0.0,0,0,44,R3,98,1.0
0.0,0,nan,0,nan,nan,0.0,0,0,10,9.96555901357381,2.3168994275328356,33,0,11.0,4,0.0,0,0,1,30,0.0,0,0,33,R1,73,1.0
0.010526315789473684,1,0.0,1,0.7190975709878674,0.0,0.0,0,0,10,9.92653490515965,2.302078598725906,34,0,16.0,4,0.023255813953488372,1,1,0,43,0.0,0,0,42,R3,95,1.0
0.0,0,nan,0,nan,nan,0.0,0,0,10,9.954464854066222,2.6701621178403863,35,0,23.0,4,0.0,0,0,1,43,0.0,0,0,43,R3,96,1.0
0.0,0,nan,0,nan,nan,0.0,0,0,10,8.220826439267002,2.7225023921948193,36,0,26.0,4,0.0,0,0,1,36,0.0,0,0,36,R3,82,1.0
0.0,0,nan,0,nan,nan,0.0,0,0,10,7.448343391769339,2.79123342911119,37,0,16.0,4,0.0,0,0,1,31,0.0,0,0,33,R3,74,1.0
0.0,0,nan,0,nan,nan,0.0,0,0,10,7.2713938091456995,2.9034996531176134,38,0,17.0,4,0.0,0,0,1,28,0.0,0,0,30,R1,68,1.0
0.04477611940298507,3,0.0,3,0.7731705936258276,0.0,0.0,0,0,10,8.413444671939725,2.1433432370595495,39,0,9.0,4,0.1111111111111111,3,1,0,27,0.0,0,0,30,R3,67,1.0
0.0,0,nan,0,nan,nan,0.0,0,0,10,7.516325857105418,2.7522791876700436,40,0,12.0,4,0.0,0,0,1,16,0.0,0,0,23,R1,49,1.0
0.043478260869565216,2,1.0,2,0.999664844231459,0.0,0.0,0,0,10,8.12496767384405,2.6972267215317944,41,0,10.0,4,0.13333333333333333,2,1,0,15,0.0,0,0,21,R1,46,1.0
0.0,0,nan,0,nan,nan,0.0,0,0,10,7.4151733260014625,2.8011454570864034,42,0,15.0,4,0.0,0,0,1,15,0.0,0,0,21,R1,46,1.0
0.0,0,nan,0,nan,nan,0.0,0,0,10,7.639702965489364,2.2272830403440618,43,0,8.0,4,0.0,0,0,1,21,0.0,0,0,27,R1,58,1.0
0.017543859649122806,1,0.0,1,0.5877232177561263,0.0,0.0,0,0,10,7.498963070183731,2.4046908059124963,44,0,9.0,4,0.05,1,1,0,20,0.0,0,0,27,R1,57,1.0
0.06896551724137931,4,0.0,4,0.7266384716809754,0.0,0.0,0,0,10,7.528265638092276,1.4814433670919105,45,0,3.0,4,0.18181818181818182,4,1,0,22,0.0,0,0,26,R1,58,1.0
0.0,0,nan,0,nan,nan,0.0,0,0,10,7.459510943659072,2.6167182594237133,46,0,19.0,4,0.0,0,0,1,19,0.0,0,0,24,R2,53,1.0
0.017543859649122806,1,nan,0,nan,nan,0.0,0,0,10,8.573997508950956,2.871439346729781,47,0,14.0,4,0.047619047619047616,1,1,0,21,0.0,0,0,26,R2,57,1.0
0.0,0,nan,0,nan,nan,0.0,0,0,10,7.87072059017087,2.614089267007646,48,0,19.0,4,0.0,0,0,1,23,0.0,0,0,28,R1,61,1.0
0.0,0,nan,0,nan,nan,0.0,0,0,10,8.106283383191718,2.6454031552219197,49,0,23.0,4,0.0,0,0,1,22,0.0,0,0,28,R1,60,1.0
0.0,0,nan,0,nan,nan,0.0,0,0,10,7.939886861444952,2.6422474975988606,50,0,26.0,4,0.0,0,0,1,25,0.0,0,0,30,R1,65,1.0
0.0,0,nan,0,nan,nan,0.0,0,0,10,7.910559190407632,2.643164110339712,51,0,15.0,4,0.0,0,0,1,24,0.0,0,0,29,R3,63,1.0
0.06666666666666667,4,0.25,4,0.4063342005898133,0.0,0.0,0,0,10,8.00891026641087,2.5264129420002814,52,0,19.0,4,0.17391304347826086,4,1,0,23,0.0,0,0,27,R1,60,1.0
0.0,0,nan,0,nan,nan,0.0,0,0,10,7.878833983947213,2.6651667401423,53,0,22.0,4,0.0,0,0,1,23,0.0,0,0,30,R1,63,1.0
0.034482758620689655,2,1.0,1,0.7261657873473887,0.0,0.0,0,0,10,7.998860706595287,2.782066960016255,54,0,18.0,4,0.09090909090909091,2,1,0,22,0.0,0,0,26,R3,58,1.0
0.0,0,nan,0,nan,nan,0.0,0,0,10,7.916132888769628,2.9025735500866983,55,0,26.0,4,0.0,0,0,1,21,0.0,0,0,23,R2,54,1.0
0.0,0,nan,0,nan,nan,0.0,0,0,10,7.695475770694921,2.715038202629101,56,0,14.0,4,0.0,0,0,1,24,0.0,0,0,27,R1,61,1.0
0.0,0,nan,0,nan,nan,0.0,0,0,10,7.693154961112644,2.338214653197354,57,0,12.0,4,0.0,0,0,1,34,0.0,0,0,33,R2,77,1.0
0.0,0,nan,0,nan,nan,0.0,0,0,10,7.801636452742694,2.8454293823099044,58,0,18.0,4,0.0,0,0,1,19,0.0,0,0,24,R3,53,1.0
0.03571428571428571,3,1.0,3,0.6376674649230082,0.0,0.0,0,0,10,7.598853321161143,2.3439386667017663,59,0,14.0,4,0.08108108108108109,3,1,0,37,0.0,0,0,37,R2,84,1.0
0.0,0,nan,0,nan,nan,0.0,0,0,10,7.82191426095897,2.777140792119841,60,0,13.0,4,0.0,0,0,1,15,0.0,0,0,21,R2,46,1.0
0.0,0,nan,0,nan,nan,0.0,0,0,10,7.574989730518395,2.692303360576063,61,0,28.0,4,0.0,0,0,1,41,0.0,0,0,38,R1,89,1.0
0.0,0,nan,0,nan,nan,0.0,0,0,10,7.6199437441196425,2.204289657812067,62,0,14.0,4,0.0,0,0,1,36,0.0,0,0,36,R2,82,1.0
0.0,0,nan,0,nan,nan,0.0,0,0,10,7.659962733547824,2.7010432044458494,63,0,16.0,4,0.0,0,0,1,23,0.0,0,0,27,R2,60,1.0
0.0,0,nan,0,nan,nan,0.0,0,0,10,7.377543054030252,2.8635614652405468,64,0,24.0,4,0.0,0,0,1,31,0.0,0,0,33,R1,74,1.0
0.09333333333333334,7,0.8571428571428571,7,0.7531065438556516,0.0,0.0,0,0,10,7.455736866686493,2.796560009974473,65,0,16.0,4,0.21875,7,1,0,32,0.0,0,0,33,R1,75,1.0
0.0125,1,0.0,1,0.7681274775072853,0.0,0.0,0,0,10,7.596015062517836,2.5291423374898323,66,0,14.0,4,0.029411764705882353,1,1,0,34,0.0,0,0,36,R1,80,1.0
0.010869565217391304,1,1.0,1,0.9902144567773535,0.0,0.0,0,0,10,7.446719412932314,2.0504109203291665,67,0,11.0,4,0.02564102564102564,1,1,0,39,0.0,0,0,43,R3,92,1.0
0.0,0,nan,0,nan,nan,0.0,0,0,10,7.578307781791822,2.8381777175848146,68,0,21.0,4,0.0,0,0,1,21,0.0,0,0,24,R3,55,1.0
0.0,0,nan,0,nan,nan,0.0,0,0,10,7.45302167014925,2.431950220684982,69,0,13.0,4,0.0,0,0,1,41,0.0,0,0,40,R1,91,1.0
0.04918032786885246,3,1.0,3,0.7439493467680848,0.0,0.0,0,0,10,7.636957524676395,2.8214173678498686,70,0,22.0,4,0.125,3,1,0,24,0.0,0,0,27,R3,61,1.0
0.0,0,nan,0,nan,nan,0.0,0,0,10,7.436887999828805,2.687216269430436,71,0,20.0,4,0.0,0,0,1,40,0.0,0,0,43,R3,93,1.0
0.0,0,nan,0,nan,nan,0.0,0,0,10,7.381442233357423,2.137342532905733,72,0,8.0,4,0.0,0,0,1,23,0.0,0,0,27,R2,60,1.0
0.0,0,nan,0,nan,nan,0.0,0,0,10,7.3955501234382135,1.4227277019380067,73,0,5.0,4,0.0,0,0,1,31,0.0,0,0,32,R1,73,1.0
0.0,0,nan,0,nan,nan,0.0,0,0,10,7.532088321438225,2.5203608420319052,74,0,14.0,4,0.0,0,0,1,20,0.0,0,0,26,R1,56,1.0
0.0196078431372549,1,0.0,1,0.6743012231949482,1.0,0.0,0,0,10,7.587490431558085,2.4509575849039558,75,0,8.0,4,0.0,0,0,1,17,0.041666666666666664,1,1,24,R3,51,1.0
0.018867924528301886,1,nan,0,nan,nan,0.0,0,0,10,7.431954131703296,1.6244097121152306,76,0,3.0,4,0.05263157894736842,1,1,0,19,0.0,0,0,24,R2,53,1.0
0.07692307692307693,5,0.0,5,0.9292540426193628,1.0,0.0,0,0,10,7.313513138349383,1.7956624707092161,77,0,9.0,4,0.0,0,0,1,26,0.1724137931034483,5,1,29,R2,65,1.0
0.04,2,0.0,2,0.6812653563752029,1.0,0.0,0,0,10,7.8217231400776654,2.294193332285993,78,0,7.0,4,0.0,0,0,1,16,0.08333333333333333,2,1,24,R3,50,1.0
0.0,0,nan,0,nan,nan,0.0,0,0,10,7.817575075684792,2.050294436322874,79,0,9.0,4,0.0,0,0,1,26,0.0,0,0,30,R2,66,1.0
0.0,0,nan,0,nan,nan,0.0,0,0,10,6.685886350807554,1.5516681919841158,80,0,3.0,4,0.0,0,0,1,21,0.0,0,0,26,R2,57,1.0
0.05084745762711865,3,1.0,3,0.6007998752059794,0.0,0.0,0,0,10,6.7189798815673125,2.027296783697919,81,0,7.0,4,0.13636363636363635,3,1,0,22,0.0,0,0,27,R1,59,1.0
0.0,0,nan,0,nan,nan,0.0,0,0,10,6.640479367164591,1.9377262575474838,82,0,4.0,4,0.0,0,0,1,16,0.0,0,0,23,R3,49,1.0
0.0,0,nan,0,nan,nan,0.0,0,0,10,6.570599290200569,1.286306343319554,83,0,2.0,4,0.0,0,0,1,23,0.0,0,0,29,R1,62,1.0
0.0,0,nan,0,nan,nan,0.0,0,0,10,6.679866569510732,1.4318816726149286,84,0,3.0,4,0.0,0,0,1,25,0.0,0,0,30,R1,65,1.0
0.0,0,nan,0,nan,nan,0.0,0,0,10,6.558133551654214,1.560250319927145,85,0,3.0,4,0.0,0,0,1,21,0.0,0,0,27,R1,58,1.0
0.0,0,nan,0,nan,nan,0.0,0,0,10,6.7370962692970915,2.581963192698953,86,0,10.0,4,0.0,0,0,1,18,0.0,0,0,24,R1,52,1.0
0.0,0,nan,0,nan,nan,0.0,0,0,10,6.560154254639558,1.8163089828546135,87,0,4.0,4,0.0,0,0,1,18,0.0,0,0,23,R1,51,1.0
0.0,0,nan,0,nan,nan,0.0,0,0,10,7.930111794420929,2.6158939358641398,88,0,12.0,4,0.0,0,0,1,28,0.0,0,0,30,R1,68,1.0
0.0,0,nan,0,nan,nan,0.0,0,0,10,8.040863274213587,2.432755971356926,89,0,12.0,4,0.0,0,0,1,24,0.0,0,0,28,R1,62,1.0
0.0,0,nan,0,nan,nan,0.0,0,0,10,7.712429609765844,2.623868964394451,90,0,18.0,4,0.0,0,0,1,38,0.0,0,0,34,R1,82,1.0
0.0,0,nan,0,nan,nan,0.0,0,0,10,7.804831164131469,2.4914235762254027,91,0,14.0,4,0.0,0,0,1,27,0.0,0,0,30,R2,67,1.0
0.0,0,nan,0,nan,nan,0.0,0,0,10,7.7780439103988295,2.4796387722366835,92,0,10.0,4,0.0,0,0,1,27,0.0,0,0,30,R2,67,1.0
0.0,0,nan,0,nan,nan,0.0,0,0,10,7.888675348526291,2.45994975730419,93,0,10.0,4,0.0,0,0,1,28,0.0,0,0,28,R2,66,1.0
0.0,0,nan,0,nan,nan,0.0,0,0,10,7.734743685931807,2.4431178062625323,94,0,14.0,4,0.0,0,0,1,17,0.0,0,0,24,R2,51,1.0
0.0,0,nan,0,nan,nan,0.0,0,0,10,7.575357226111616,2.679837746849038,95,0,14.0,4,0.0,0,0,1,38,0.0,0,0,36,R1,84,1.0
0.07246376811594203,5,0.0,5,0.924486196842645,0.0,0.0,0,0,10,7.367328855384519,2.108504713076481,96,0,11.0,4,0.17857142857142858,5,1,0,28,0.0,0,0,31,R2,69,1.0
0.12121212121212122,8,0.125,8,0.9095020948173421,0.0,0.0,0,0,10,7.440667242697215,2.5311799259189423,97,0,15.0,4,0.32,8,1,0,25,0.0,0,0,31,R2,66,1.0
0.10204081632653061,5,1.0,5,0.506046507090864,0.0,0.0,0,0,10,7.252600265557555,1.8835481670857055,98,0,4.0,4,0.2777777777777778,5,1,0,18,0.0,0,0,21,R1,49,1.0
0.12280701754385964,7,1.0,7,0.5670247776598366,0.0,0.0,0,0,10,7.408072263116768,2.623175056275576,99,0,11.0,4,0.3333333333333333,7,1,0,21,0.0,0,0,26,R1,57,1.0
0.21428571428571427,12,1.0,7,0.5774383136932805,0.0,0.0,0,0,10,7.946561821362203,2.362980258937169,0,0,10.0,8,0.5714285714285714,12,1,0,21,0.0,0,0,25,R1,56,1.0
0.0,0,nan,0,nan,nan,0.0,0,0,10,7.999776525154584,1.9600181268606136,1,0,7.0,8,0.0,0,0,1,22,0.0,0,0,27,R1,59,1.0
0.10909090909090909,6,0.6666666666666666,6,0.8267967753910593,0.3333333333333333,0.2,2,1,10,7.775578563186255,2.2891397638925843,2,1,9.0,8,0.2,4,1,0,20,0.0,0,0,25,R3,55,1.0
0.09375,6,1.0,6,0.6154390893566679,0.0,0.0,0,0,10,7.807934422089602,1.3941213816136981,3,0,3.0,8,0.24,6,1,0,25,0.0,0,0,29,R3,64,1.0
0.32727272727272727,18,0.6666666666666666,15,0.7134707589554646,0.0,0.0,0,0,10,7.527768636249345,1.5975663233089985,4,0,3.0,8,0.5263157894736842,10,1,0,19,0.3076923076923077,8,1,26,R3,55,1.0
0.09230769230769231,6,0.5,6,0.6869103373345129,0.5,0.0,0,0,10,7.707722461782396,1.702204411262008,5,0,6.0,8,0.125,3,1,0,24,0.0967741935483871,3,1,31,R1,65,1.0
0.171875,11,0.18181818181818182,11,0.9296059616445201,0.0,0.0,0,0,10,8.333815187143045,2.113445117976783,6,0,8.0,8,0.08333333333333333,2,1,0,24,0.3,9,1,30,R1,64,1.0
0.17307692307692307,9,0.6666666666666666,9,0.7989575538862805,0.0,0.1,1,1,10,7.390586038617095,2.377843306085679,7,1,9.0,8,0.16666666666666666,3,1,0,18,0.20833333333333334,5,1,24,R1,52,1.0
0.23529411764705882,12,0.5714285714285714,7,0.716392683500551,0.42857142857142855,0.3,3,1,10,7.658211176521053,2.628876824235302,8,1,12.0,8,0.5294117647058824,9,1,0,17,0.0,0,0,24,R2,51,1.0
0.02040816326530612,1,1.0,1,0.7939932433275886,0.0,0.0,0,0,10,7.503681387918602,2.774425280290071,9,0,13.0,8,0.058823529411764705,1,1,0,17,0.0,0,0,22,R2,49,1.0
0.05357142857142857,3,0.6666666666666666,3,0.8551196052889664,0.0,0.0,0,0,10,7.48890458895143,2.5406136995400392,10,0,9.0,8,0.1,2,1,0,20,0.038461538461538464,1,1,26,R1,56,1.0
0.21212121212121213,14,1.0,12,0.5557705950889065,0.0,0.1,1,1,10,7.745887181954458,1.3684046382766868,11,1,3.0,8,0.5,13,1,0,26,0.0,0,0,30,R1,66,1.0
0.09836065573770492,6,0.8333333333333334,6,0.8805113479131336,0.16666666666666666,0.0,0,0,10,7.485610114689153,1.3482038494321997,12,0,3.0,8,0.22727272727272727,5,1,0,22,0.034482758620689655,1,1,29,R2,61,1.0
0.13333333333333333,8,1.0,5,0.808095856902851,0.0,0.0,0,0,10,7.446412333229091,2.7169188033590737,13,0,20.0,8,0.36363636363636365,8,1,0,22,0.0,0,0,28,R1,60,1.0
0.0,0,nan,0,nan,nan,0.0,0,0,10,7.4790595620773574,2.5473058023440713,14,0,11.0,8,0.0,0,0,1,17,0.0,0,0,21,R1,48,1.0
0.018518518518518517,1,0.0,1,0.4741402824653511,1.0,0.0,0,0,10,7.299689092582816,2.37606504388543,15,0,11.0,8,0.0,0,0,1,19,0.04,1,1,25,R2,54,1.0
0.0,0,nan,0,nan,nan,0.0,0,0,10,8.011191356256289,2.576678928773273,16,0,12.0,8,0.0,0,0,1,22,0.0,0,0,27,R1,59,1.0
0.0,0,nan,0,nan,nan,0.0,0,0,10,8.113058145681862,2.5702010751655413,17,0,13.0,8,0.0,0,0,1,16,0.0,0,0,22,R2,48,1.0
0.0,0,nan,0,nan,nan,0.0,0,0,10,7.890505718254209,2.737993605095636,18,0,14.0,8,0.0,0,0,1,33,0.0,0,0,28,R1,71,1.0
0.0,0,nan,0,nan,nan,0.0,0,0,10,7.912952547784487,2.7136702958803167,19,0,20.0,8,0.0,0,0,1,31,0.0,0,0,32,R1,73,1.0
0.0,0,nan,0,nan,nan,0.0,0,0,10,7.854703999680257,2.623574669938637,20,0,13.0,8,0.0,0,0,1,25,0.0,0,0,27,R1,62,1.0
0.0,0,nan,0,nan,nan,0.0,0,0,10,7.9420780423622,2.4211518309931686,21,0,11.0,8,0.0,0,0,1,33,0.0,0,0,28,R1,71,1.0
0.0547945205479452,4,0.0,4,0.7899607323887995,1.0,0.0,0,0,10,7.838695246665675,2.874771676691243,22,0,35.0,8,0.13333333333333333,4,1,0,30,0.0,0,0,33,R3,73,1.0
0.06666666666666667,4,0.0,3,0.7436793604472877,1.0,0.0,0,0,10,8.100537750093887,2.9458124249101667,23,0,23.0,8,0.16666666666666666,4,1,0,24,0.0,0,0,26,R1,60,1.0
0.2903225806451613,18,0.6111111111111112,18,0.7135463597666476,0.3888888888888889,0.8,8,1,10,7.588458322589436,2.3258657745726046,24,1,11.0,8,0.4,10,1,0,25,0.0,0,0,27,R1,62,1.0
0.24074074074074073,13,0.08333333333333333,12,0.6962812540426345,0.8333333333333334,0.5,5,1,10,7.672304370552646,2.6196796388888135,25,1,13.0,8,0.42105263157894735,8,1,0,19,0.0,0,0,25,R3,54,1.0
0.12244897959183673,6,1.0,6,0.48554920610611824,0.0,0.0,0,0,10,7.57392844938369,2.546969282694993,26,0,8.0,8,0.3333333333333333,6,1,0,18,0.0,0,0,21,R1,49,1.0
0.18181818181818182,10,0.9,10,0.7108057424465664,0.1,0.1,1,1,10,7.5036095820409665,1.5967601678111318,27,1,3.0,8,0.2631578947368421,5,1,0,19,0.15384615384615385,4,1,26,R1,55,1.0
0.018867924528301886,1,1.0,1,0.7268464423401167,0.0,0.0,0,0,10,7.5525977359952865,2.54822434855749,28,0,10.0,8,0.05263157894736842,1,1,0,19,0.0,0,0,24,R1,53,1.0
0.06666666666666667,4,1.0,4,0.5673584549007528,0.0,0.0,0,0,10,7.4064072997619705,1.8479620419266167,29,0,6.0,8,0.17391304347826086,4,1,0,23,0.0,0,0,27,R1,60,1.0
0.1206896551724138,7,0.42857142857142855,7,0.7194086502800981,0.5714285714285714,0.5,5,1,10,7.6202377932876795,1.6863184746342978,30,1,5.0,8,0.09523809523809523,2,1,0,21,0.0,0,0,27,R1,58,1.0
0.06451612903225806,4,1.0,4,0.8784983739733033,0.0,0.0,0,0,10,7.584704128901414,1.4884512879805765,31,0,4.0,8,0.08695652173913043,2,1,0,23,0.06896551724137931,2,1,29,R1,62,1.0
0.01020408163265306,1,0.0,1,0.8109429758029212,1.0,0.0,0,0,10,7.658862397763688,2.3532579644877725,32,0,15.0,8,0.022727272727272728,1,1,0,44,0.0,0,0,44,R3,98,1.0
0.0,0,nan,0,nan,nan,0.0,0,0,10,7.4994903558559,2.3168994275328356,33,0,11.0,8,0.0,0,0,1,30,0.0,0,0,33,R1,73,1.0
0.010526315789473684,1,0.0,1,0.7190975709878674,0.0,0.0,0,0,10,7.700924400093132,2.302078598725906,34,0,16.0,8,0.023255813953488372,1,1,0,43,0.0,0,0,42,R3,95,1.0
0.0,0,nan,0,nan,nan,0.0,0,0,10,7.5937951460218756,2.6701621178403863,35,0,23.0,8,0.0,0,0,1,43,0.0,0,0,43,R3,96,1.0
0.0,0,nan,0,nan,nan,0.0,0,0,10,7.619311792418224,2.7225023921948193,36,0,26.0,8,0.0,0,0,1,36,0.0,0,0,36,R3,82,1.0
0.0,0,nan,0,nan,nan,0.0,0,0,10,7.61642045934521,2.79123342911119,37,0,16.0,8,0.0,0,0,1,31,0.0,0,0,33,R3,74,1.0
0.0,0,nan,0,nan,nan,0.0,0,0,10,7.499401588574983,2.9034996531176134,38,0,17.0,8,0.0,0,0,1,28,0.0,0,0,30,R1,68,1.0
0.04477611940298507,3,0.0,3,0.7731705936258276,0.0,0.0,0,0,10,7.603676641731759,2.1433432370595495,39,0,9.0,8,0.1111111111111111,3,1,0,27,0.0,0,0,30,R3,67,1.0
0.20408163265306123,10,0.3,10,0.6358844996029983,0.7,0.0,0,0,10,7.676948591287495,2.7522792688578064,40,0,12.0,8,0.1875,3,1,0,16,0.30434782608695654,7,1,23,R1,49,1.0
0.043478260869565216,2,1.0,2,0.999664844231459,0.0,0.0,0,0,10,7.753956608686839,2.6972267215317944,41,0,10.0,8,0.13333333333333333,2,1,0,15,0.0,0,0,21,R1,46,1.0
0.06521739130434782,3,0.0,2,0.7150631074279057,0.0,0.0,0,0,10,7.756871499662774,2.8011454570864034,42,0,15.0,8,0.2,3,1,0,15,0.0,0,0,21,R1,46,1.0
0.034482758620689655,2,1.0,2,0.6958792158686989,0.0,0.0,0,0,10,7.7913646382512525,2.2272830403440618,43,0,8.0,8,0.09523809523809523,2,1,0,21,0.0,0,0,27,R1,58,1.0
0.017543859649122806,1,0.0,1,0.5877232177561263,0.0,0.0,0,0,10,7.6722308243788255,2.4046908059124963,44,0,9.0,8,0.05,1,1,0,20,0.0,0,0,27,R1,57,1.0
0.3620689655172414,21,0.0,21,0.7106284673476738,0.0,0.0,0,0,10,7.787339413911907,1.4814450437315125,45,0,3.0,8,0.18181818181818182,4,1,0,22,0.6538461538461539,17,1,26,R1,58,1.0
0.0,0,nan,0,nan,nan,0.0,0,0,10,7.665942169897223,2.6167182594237133,46,0,19.0,8,0.0,0,0,1,19,0.0,0,0,24,R2,53,1.0
0.017543859649122806,1,nan,0,nan,nan,0.0,0,0,10,7.767598157985495,2.871439346729781,47,0,14.0,8,0.047619047619047616,1,1,0,21,0.0,0,0,26,R2,57,1.0
0.0,0,nan,0,nan,nan,0.0,0,0,10,8.023965655784046,2.614089267007646,48,0,19.0,8,0.0,0,0,1,23,0.0,0,0,28,R1,61,1.0
0.016666666666666666,1,0.0,1,0.7536845383540952,1.0,0.0,0,0,10,7.957147750130389,2.645403155886003,49,0,23.0,8,0.045454545454545456,1,1,0,22,0.0,0,0,28,R1,60,1.0
0.0,0,nan,0,nan,nan,0.0,0,0,10,7.886707092312952,2.6422474975988606,50,0,26.0,8,0.0,0,0,1,25,0.0,0,0,30,R1,65,1.0
0.0,0,nan,0,nan,nan,0.0,0,0,10,7.978926349009964,2.643164110339712,51,0,15.0,8,0.0,0,0,1,24,0.0,0,0,29,R3,63,1.0
0.06666666666666667,4,0.25,4,0.4063342005898133,0.0,0.0,0,0,10,8.010824049900597,2.5264129420002814,52,0,19.0,8,0.17391304347826086,4,1,0,23,0.0,0,0,27,R1,60,1.0
0.0,0,nan,0,nan,nan,0.0,0,0,10,7.902519206427748,2.6651667401423,53,0,22.0,8,0.0,0,0,1,23,0.0,0,0,30,R1,63,1.0
0.034482758620689655,2,1.0,1,0.7261657873473887,0.0,0.0,0,0,10,8.018493827468523,2.782066960016255,54,0,18.0,8,0.09090909090909091,2,1,0,22,0.0,0,0,26,R3,58,1.0
0.0,0,nan,0,nan,nan,0.0,0,0,10,7.940988610951333,2.9025735500866983,55,0,26.0,8,0.0,0,0,1,21,0.0,0,0,23,R2,54,1.0
0.0,0,nan,0,nan,nan,0.0,0,0,10,7.767227950666222,2.715038202629101,56,0,14.0,8,0.0,0,0,1,24,0.0,0,0,27,R1,61,1.0
0.0,0,nan,0,nan,nan,0.0,0,0,10,7.789716610228401,2.338214653197354,57,0,12.0,8,0.0,0,0,1,34,0.0,0,0,33,R2,77,1.0
0.0,0,nan,0,nan,nan,0.0,0,0,10,7.719765528201846,2.8454293823099044,58,0,18.0,8,0.0,0,0,1,19,0.0,0,0,24,R3,53,1.0
0.15476190476190477,13,1.0,12,0.46374047748124786,0.0,0.0,0,0,10,7.743215357116978,2.3439386667017663,59,0,14.0,8,0.35135135135135137,13,1,0,37,0.0,0,0,37,R2,84,1.0
0.0,0,nan,0,nan,nan,0.0,0,0,10,7.744225825856278,2.777140792119841,60,0,13.0,8,0.0,0,0,1,15,0.0,0,0,21,R2,46,1.0
0.0,0,nan,0,nan,nan,0.0,0,0,10,7.627120595673895,2.692303360576063,61,0,28.0,8,0.0,0,0,1,41,0.0,0,0,38,R1,89,1.0
0.10975609756097561,9,1.0,7,0.7101156098445652,0.0,0.0,0,0,10,7.720263365715764,2.204289657812067,62,0,14.0,8,0.25,9,1,0,36,0.0,0,0,36,R2,82,1.0
0.0,0,nan,0,nan,nan,0.0,0,0,10,7.6874268663232215,2.7010432044458494,63,0,16.0,8,0.0,0,0,1,23,0.0,0,0,27,R2,60,1.0
0.013513513513513514,1,0.0,1,0.5355990303067294,1.0,0.0,0,0,10,7.636511459241848,2.863561460058006,64,0,24.0,8,0.0,0,0,1,31,0.030303030303030304,1,1,33,R1,74,1.0
0.09333333333333334,7,0.8571428571428571,7,0.7531065438556516,0.0,0.0,0,0,10,7.5986928535470115,2.796560009974473,65,0,16.0,8,0.21875,7,1,0,32,0.0,0,0,33,R1,75,1.0
0.0125,1,0.0,1,0.7681274775072853,0.0,0.0,0,0,10,7.621218849817524,2.5291423374898323,66,0,14.0,8,0.029411764705882353,1,1,0,34,0.0,0,0,36,R1,80,1.0
0.03260869565217391,3,1.0,3,0.774388614009016,0.0,0.0,0,0,10,7.734677293426459,2.0504109203291665,67,0,11.0,8,0.05128205128205128,2,1,0,39,0.023255813953488372,1,1,43,R3,92,1.0
0.0,0,nan,0,nan,nan,0.0,0,0,10,7.682233236052773,2.8381777175848146,68,0,21.0,8,0.0,0,0,1,21,0.0,0,0,24,R3,55,1.0
0.0,0,nan,0,nan,nan,0.0,0,0,10,7.645687988989955,2.431950220684982,69,0,13.0,8,0.0,0,0,1,41,0.0,0,0,40,R1,91,1.0
0.04918032786885246,3,1.0,3,0.7439493467680848,0.0,0.0,0,0,10,7.717981639215112,2.8214173678498686,70,0,22.0,8,0.125,3,1,0,24,0.0,0,0,27,R3,61,1.0
0.0,0,nan,0,nan,nan,0.0,0,0,10,7.659384634368302,2.687216269430436,71,0,20.0,8,0.0,0,0,1,40,0.0,0,0,43,R3,93,1.0
0.1,6,0.6666666666666666,6,0.6906168868899308,0.3333333333333333,0.2,2,1,10,7.6448384003015235,2.137342463826673,72,1,8.0,8,0.17391304347826086,4,1,0,23,0.0,0,0,27,R2,60,1.0
0.0273972602739726,2,1.0,2,0.5483098859269966,0.0,0.0,0,0,10,7.665809507047987,1.422727662657739,73,0,5.0,8,0.03225806451612903,1,1,0,31,0.03125,1,1,32,R1,73,1.0
0.0,0,nan,0,nan,nan,0.0,0,0,10,7.751646392924678,2.5203608420319052,74,0,14.0,8,0.0,0,0,1,20,0.0,0,0,26,R1,56,1.0
0.0392156862745098,2,0.5,2,0.7142392883892797,0.5,0.0,0,0,10,7.788208235105427,2.450957395064815,75,0,8.0,8,0.058823529411764705,1,1,0,17,0.041666666666666664,1,1,24,R3,51,1.0
0.05660377358490566,3,1.0,2,0.706106746050329,0.0,0.0,0,0,10,7.717192396499603,1.6244097121152306,76,0,3.0,8,0.15789473684210525,3,1,0,19,0.0,0,0,24,R2,53,1.0
0.12307692307692308,8,0.0,8,0.8475174878847118,1.0,0.3,3,1,10,7.600118707453546,1.7956623016012858,77,1,9.0,8,0.0,0,0,1,26,0.1724137931034483,5,1,29,R2,65,1.0
0.06,3,0.3333333333333333,3,0.7412873570794419,0.6666666666666666,0.0,0,0,10,7.83454903983511,2.294193332285993,78,0,7.0,8,0.0625,1,1,0,16,0.08333333333333333,2,1,24,R3,50,1.0
0.030303030303030304,2,1.0,2,0.7432826946378127,0.0,0.0,0,0,10,7.728353999978439,2.050294436322874,79,0,9.0,8,0.07692307692307693,2,1,0,26,0.0,0,0,30,R2,66,1.0
0.017543859649122806,1,1.0,1,0.7480957150682392,0.0,0.0,0,0,10,6.984397894580309,1.5516681919841158,80,0,3.0,8,0.047619047619047616,1,1,0,21,0.0,0,0,26,R2,57,1.0
0.15254237288135594,9,0.4444444444444444,9,0.656192900914989,0.5555555555555556,0.5,5,1,10,6.931105491476354,2.027296553914879,81,1,7.0,8,0.18181818181818182,4,1,0,22,0.0,0,0,27,R1,59,1.0
0.32653061224489793,16,0.45454545454545453,11,0.7084999653324793,0.5454545454545454,0.6,6,1,10,6.78493879611927,1.9377274017888413,82,1,4.0,8,0.5,8,1,0,16,0.08695652173913043,2,1,23,R3,49,1.0
0.04838709677419355,3,1.0,3,0.7486521308457411,0.0,0.0,0,0,10,6.812831951631984,1.286306343319554,83,0,2.0,8,0.13043478260869565,3,1,0,23,0.0,0,0,29,R1,62,1.0
0.16923076923076924,11,1.0,6,0.7722029665901555,0.0,0.0,0,0,10,6.949485292156728,1.4318814471441257,84,0,3.0,8,0.44,11,1,0,25,0.0,0,0,30,R1,65,1.0
0.20689655172413793,12,0.6666666666666666,12,0.7330865913707673,0.3333333333333333,0.4,4,1,10,6.823359845117826,1.5602530772033836,85,1,3.0,8,0.23809523809523808,5,1,0,21,0.1111111111111111,3,1,27,R1,58,1.0
0.09615384615384616,5,1.0,4,0.707399648440112,0.0,0.0,0,0,10,6.957621230797556,2.5819627661224445,86,0,10.0,8,0.2777777777777778,5,1,0,18,0.0,0,0,24,R1,52,1.0
0.0392156862745098,2,0.0,2,0.683358326834163,1.0,0.2,2,1,10,6.761354960925767,1.816309444138208,87,1,4.0,8,0.0,0,0,1,18,0.0,0,0,23,R1,51,1.0
0.0,0,nan,0,nan,nan,0.0,0,0,10,8.027640500051135,2.6158939358641398,88,0,12.0,8,0.0,0,0,1,28,0.0,0,0,30,R1,68,1.0
0.04838709677419355,3,0.0,3,0.9223897165992714,0.0,0.0,0,0,10,8.040450435439725,2.432755730930171,89,0,12.0,8,0.125,3,1,0,24,0.0,0,0,28,R1,62,1.0
0.0,0,nan,0,nan,nan,0.0,0,0,10,7.784273268132493,2.623868964394451,90,0,18.0,8,0.0,0,0,1,38,0.0,0,0,34,R1,82,1.0
0.0,0,nan,0,nan,nan,0.0,0,0,10,7.918158134292645,2.4914235762254027,91,0,14.0,8,0.0,0,0,1,27,0.0,0,0,30,R2,67,1.0
0.0,0,nan,0,nan,nan,0.0,0,0,10,8.01087297028306,2.4796387722366835,92,0,10.0,8,0.0,0,0,1,27,0.0,0,0,30,R2,67,1.0
0.06060606060606061,4,1.0,4,0.9956441453537346,0.0,0.0,0,0,10,8.009960954289205,2.4599495655543264,93,0,10.0,8,0.14285714285714285,4,1,0,28,0.0,0,0,28,R2,66,1.0
0.0,0,nan,0,nan,nan,0.0,0,0,10,7.903672765036497,2.4431178062625323,94,0,14.0,8,0.0,0,0,1,17,0.0,0,0,24,R2,51,1.0
0.011904761904761904,1,0.0,1,0.7404214615045096,1.0,0.0,0,0,10,7.819759738118765,2.679837746849038,95,0,14.0,8,0.02631578947368421,1,1,0,38,0.0,0,0,36,R1,84,1.0
0.07246376811594203,5,0.0,5,0.924486196842645,0.0,0.0,0,0,10,7.645168985776684,2.108504713076481,96,0,11.0,8,0.17857142857142858,5,1,0,28,0.0,0,0,31,R2,69,1.0
0.12121212121212122,8,0.125,8,0.9095020948173421,0.0,0.0,0,0,10,7.654511090632613,2.5311799259189423,97,0,15.0,8,0.32,8,1,0,25,0.0,0,0,31,R2,66,1.0
0.2653061224489796,13,0.6153846153846154,13,0.5723857865945995,0.3076923076923077,0.5,5,1,10,7.5533315717546765,1.88354833917032,98,1,4.0,8,0.2777777777777778,5,1,0,18,0.14285714285714285,3,1,21,R1,49,1.0
0.12280701754385964,7,1.0,7,0.5670247776598366,0.0,0.0,0,0,10,7.728429438685182,2.623175056275576,99,0,11.0,8,0.3333333333333333,7,1,0,21,0.0,0,0,26,R1,57,1.0
0.23214285714285715,13,1.0,8,0.5604233510502599,0.0,0.0,0,0,10,8.564284338977554,2.3629801654601548,0,0,10.0,16,0.6190476190476191,13,1,0,21,0.0,0,0,25,R1,56,1.0
0.0,0,nan,0,nan,nan,0.0,0,0,10,8.493550271249644,1.9600181268606136,1,0,7.0,16,0.0,0,0,1,22,0.0,0,0,27,R1,59,1.0
0.10909090909090909,6,0.6666666666666666,6,0.804981769038768,0.3333333333333333,0.2,2,1,10,8.067822454772381,2.2891397638925843,2,1,9.0,16,0.2,4,1,0,20,0.0,0,0,25,R3,55,1.0
0.109375,7,1.0,7,0.41528785827966946,0.0,0.0,0,0,10,8.19756620330736,1.3941213816136981,3,0,3.0,16,0.28,7,1,0,25,0.0,0,0,29,R3,64,1.0
0.32727272727272727,18,0.6666666666666666,15,0.7561021200955399,0.0,0.0,0,0,10,7.844199254495007,1.5975663233089985,4,0,3.0,16,0.5263157894736842,10,1,0,19,0.3076923076923077,8,1,26,R3,55,1.0
0.24615384615384617,16,0.25,16,0.5888617814111525,0.625,0.1,1,1,10,8.176261476742534,1.7022059071716609,5,1,6.0,16,0.125,3,1,0,24,0.3870967741935484,12,1,31,R1,65,1.0
0.21875,14,0.35714285714285715,14,0.8915536331823674,0.0,0.0,0,0,10,8.68634196876883,2.113445216613494,6,0,8.0,16,0.16666666666666666,4,1,0,24,0.3333333333333333,10,1,30,R1,64,1.0
0.21153846153846154,11,0.6363636363636364,11,0.743298626987571,0.0,0.1,1,1,10,7.722575403861881,2.377843667667401,7,1,9.0,16,0.2222222222222222,4,1,0,18,0.25,6,1,24,R1,52,1.0
0.23529411764705882,12,0.5714285714285714,7,0.716392683500551,0.42857142857142855,0.3,3,1,10,7.864386254725248,2.628876824235302,8,1,12.0,16,0.5294117647058824,9,1,0,17,0.0,0,0,24,R2,51,1.0
0.02040816326530612,1,1.0,1,0.9661975363188764,0.0,0.0,0,0,10,7.971183734836665,2.774425280290071,9,0,13.0,16,0.058823529411764705,1,1,0,17,0.0,0,0,22,R2,49,1.0
0.07142857142857142,4,0.6666666666666666,3,0.9119560222090838,0.0,0.0,0,0,10,7.952836428428002,2.5406137562462,10,0,9.0,16,0.15,3,1,0,20,0.038461538461538464,1,1,26,R1,56,1.0
0.25757575757575757,17,1.0,15,0.6141038271328668,0.0,0.2,2,1,10,8.26249254565813,1.3684051080153352,11,1,3.0,16,0.5384615384615384,14,1,0,26,0.03333333333333333,1,1,30,R1,66,1.0
0.11475409836065574,7,0.8571428571428571,7,0.8642811659171753,0.14285714285714285,0.0,0,0,10,7.948471869238973,1.3482038494321997,12,0,3.0,16,0.2727272727272727,6,1,0,22,0.034482758620689655,1,1,29,R2,61,1.0
0.13333333333333333,8,1.0,5,0.808095856902851,0.0,0.0,0,0,10,7.873743533370241,2.7169188033590737,13,0,20.0,16,0.36363636363636365,8,1,0,22,0.0,0,0,28,R1,60,1.0
0.0,0,nan,0,nan,nan,0.0,0,0,10,7.8016242496232735,2.5473058023440713,14,0,11.0,16,0.0,0,0,1,17,0.0,0,0,21,R1,48,1.0
0.018518518518518517,1,0.0,1,0.4741402824653511,1.0,0.0,0,0,10,7.658690833421941,2.37606504388543,15,0,11.0,16,0.0,0,0,1,19,0.04,1,1,25,R2,54,1.0
0.0,0,nan,0,nan,nan,0.0,0,0,10,8.279816424118955,2.576678928773273,16,0,12.0,16,0.0,0,0,1,22,0.0,0,0,27,R1,59,1.0
0.020833333333333332,1,0.0,1,0.26691118210702236,1.0,0.0,0,0,10,8.293177687543599,2.5702012245018526,17,0,13.0,16,0.0625,1,1,0,16,0.0,0,0,22,R2,48,1.0
0.0,0,nan,0,nan,nan,0.0,0,0,10,8.108307507043232,2.737993605095636,18,0,14.0,16,0.0,0,0,1,33,0.0,0,0,28,R1,71,1.0
0.0,0,nan,0,nan,nan,0.0,0,0,10,8.186224095717915,2.7136702958803167,19,0,20.0,16,0.0,0,0,1,31,0.0,0,0,32,R1,73,1.0
0.0,0,nan,0,nan,nan,0.0,0,0,10,8.095212080778795,2.623574669938637,20,0,13.0,16,0.0,0,0,1,25,0.0,0,0,27,R1,62,1.0
0.0,0,nan,0,nan,nan,0.0,0,0,10,8.170106957755117,2.4211518309931686,21,0,11.0,16,0.0,0,0,1,33,0.0,0,0,28,R1,71,1.0
0.0684931506849315,5,0.0,5,0.7032772316616821,1.0,0.0,0,0,10,8.17369753399175,2.8747716872569584,22,0,35.0,16,0.16666666666666666,5,1,0,30,0.0,0,0,33,R3,73,1.0
0.1,6,0.0,4,0.781771648684849,1.0,0.0,0,0,10,8.166105583465347,2.945812410629371,23,0,23.0,16,0.25,6,1,0,24,0.0,0,0,26,R1,60,1.0
0.3225806451612903,20,0.65,20,0.6208958599365965,0.35,0.8,8,1,10,8.0984978224977,2.3258659722353534,24,1,11.0,16,0.48,12,1,0,25,0.0,0,0,27,R1,62,1.0
0.24074074074074073,13,0.08333333333333333,12,0.7560105293916605,0.8333333333333334,0.5,5,1,10,8.13004687046891,2.6196796388888135,25,1,13.0,16,0.42105263157894735,8,1,0,19,0.0,0,0,25,R3,54,1.0
0.14285714285714285,7,1.0,6,0.6300698450645555,0.0,0.0,0,0,10,8.015006326248262,2.546968800793017,26,0,8.0,16,0.3888888888888889,7,1,0,18,0.0,0,0,21,R1,49,1.0
0.2,11,0.9090909090909091,11,0.6925883686780859,0.09090909090909091,0.1,1,1,10,8.090886745644225,1.5967600906270347,27,1,3.0,16,0.3157894736842105,6,1,0,19,0.15384615384615385,4,1,26,R1,55,1.0
0.03773584905660377,2,1.0,1,0.7268468531589516,0.0,0.0,0,0,10,7.883959678814413,2.548222859467279,28,0,10.0,16,0.10526315789473684,2,1,0,19,0.0,0,0,24,R1,53,1.0
0.1,6,1.0,6,0.5679572164767055,0.0,0.0,0,0,10,7.800525766894377,1.8479620419266167,29,0,6.0,16,0.2608695652173913,6,1,0,23,0.0,0,0,27,R1,60,1.0
0.1206896551724138,7,0.42857142857142855,7,0.7194086502800981,0.5714285714285714,0.5,5,1,10,8.00405027583675,1.6863184746342978,30,1,5.0,16,0.09523809523809523,2,1,0,21,0.0,0,0,27,R1,58,1.0
0.06451612903225806,4,1.0,4,0.814303644816024,0.0,0.0,0,0,10,8.045716564670476,1.4884512879805765,31,0,4.0,16,0.08695652173913043,2,1,0,23,0.06896551724137931,2,1,29,R1,62,1.0
0.030612244897959183,3,0.0,3,0.8748789099164721,1.0,0.0,0,0,10,8.174313326444647,2.3532575313417703,32,0,15.0,16,0.06818181818181818,3,1,0,44,0.0,0,0,44,R3,98,1.0
0.0,0,nan,0,nan,nan,0.0,0,0,10,8.079063109431594,2.3168994275328356,33,0,11.0,16,0.0,0,0,1,30,0.0,0,0,33,R1,73,1.0
0.031578947368421054,3,0.0,3,0.8412602862490038,0.6666666666666666,0.0,0,0,10,8.32178185258894,2.3020785664605055,34,0,16.0,16,0.06976744186046512,3,1,0,43,0.0,0,0,42,R3,95,1.0
0.0,0,nan,0,nan,nan,0.0,0,0,10,7.928431635567297,2.6701621178403863,35,0,23.0,16,0.0,0,0,1,43,0.0,0,0,43,R3,96,1.0
0.0,0,nan,0,nan,nan,0.0,0,0,10,7.920096597844371,2.7225023921948193,36,0,26.0,16,0.0,0,0,1,36,0.0,0,0,36,R3,82,1.0
0.013513513513513514,1,0.0,1,0.9270059510299193,0.0,0.0,0,0,10,7.959385270353508,2.791233414829277,37,0,16.0,16,0.03225806451612903,1,1,0,31,0.0,0,0,33,R3,74,1.0
0.0,0,nan,0,nan,nan,0.0,0,0,10,7.778027250263703,2.9034996531176134,38,0,17.0,16,0.0,0,0,1,28,0.0,0,0,30,R1,68,1.0
0.08955223880597014,6,0.0,6,0.8911635306780535,0.0,0.0,0,0,10,7.859564507501756,2.1433432370595495,39,0,9.0,16,0.2222222222222222,6,1,0,27,0.0,0,0,30,R3,67,1.0
0.22448979591836735,11,0.3,10,0.6559583589701485,0.7,0.0,0,0,10,8.082717388027291,2.7522792688578064,40,0,12.0,16,0.25,4,1,0,16,0.30434782608695654,7,1,23,R1,49,1.0
0.10869565217391304,5,0.6666666666666666,3,0.7939080543009803,0.3333333333333333,0.0,0,0,10,8.234375717659967,2.697226887370217,41,0,10.0,16,0.26666666666666666,4,1,0,15,0.047619047619047616,1,1,21,R1,46,1.0
0.08695652173913043,4,0.0,2,0.7150631074279057,0.0,0.0,0,0,10,8.021918760673346,2.8011454570864034,42,0,15.0,16,0.26666666666666666,4,1,0,15,0.0,0,0,21,R1,46,1.0
0.034482758620689655,2,1.0,2,0.6958792158686989,0.0,0.0,0,0,10,8.800926275555334,2.2272830403440618,43,0,8.0,16,0.09523809523809523,2,1,0,21,0.0,0,0,27,R1,58,1.0
0.017543859649122806,1,0.0,1,0.5877232177561263,0.0,0.0,0,0,10,8.17467387726841,2.4046908059124963,44,0,9.0,16,0.05,1,1,0,20,0.0,0,0,27,R1,57,1.0
0.3620689655172414,21,0.0,21,0.720540459972713,0.0,0.0,0,0,10,8.2383551895779,1.4814450437315125,45,0,3.0,16,0.18181818181818182,4,1,0,22,0.6538461538461539,17,1,26,R1,58,1.0
0.0,0,nan,0,nan,nan,0.0,0,0,10,7.949578018424119,2.6167182594237133,46,0,19.0,16,0.0,0,0,1,19,0.0,0,0,24,R2,53,1.0
0.017543859649122806,1,nan,0,nan,nan,0.0,0,0,10,7.923195034923163,2.871439346729781,47,0,14.0,16,0.047619047619047616,1,1,0,21,0.0,0,0,26,R2,57,1.0
0.06557377049180328,4,0.0,4,0.6501660365387985,0.75,0.0,0,0,10,8.205118114853919,2.614089267007646,48,0,19.0,16,0.17391304347826086,4,1,0,23,0.0,0,0,28,R1,61,1.0
0.06666666666666667,4,0.0,4,0.558771618818569,1.0,0.0,0,0,10,8.092482850285402,2.645403155886003,49,0,23.0,16,0.18181818181818182,4,1,0,22,0.0,0,0,28,R1,60,1.0
0.0,0,nan,0,nan,nan,0.0,0,0,10,8.094174645912762,2.6422474975988606,50,0,26.0,16,0.0,0,0,1,25,0.0,0,0,30,R1,65,1.0
0.015873015873015872,1,1.0,1,0.9297769906819418,0.0,0.0,0,0,10,8.218653380892993,2.643164110339712,51,0,15.0,16,0.041666666666666664,1,1,0,24,0.0,0,0,29,R3,63,1.0
0.06666666666666667,4,0.25,4,0.4063342005898133,0.0,0.0,0,0,10,8.209446833158532,2.5264129420002814,52,0,19.0,16,0.17391304347826086,4,1,0,23,0.0,0,0,27,R1,60,1.0
0.015873015873015872,1,0.0,1,0.9721579971403054,0.0,0.0,0,0,10,8.106413968129171,2.665166763106754,53,0,22.0,16,0.043478260869565216,1,1,0,23,0.0,0,0,30,R1,63,1.0
0.034482758620689655,2,1.0,1,0.7261657873473887,0.0,0.0,0,0,10,8.57215706893275,2.782066960016255,54,0,18.0,16,0.09090909090909091,2,1,0,22,0.0,0,0,26,R3,58,1.0
0.037037037037037035,2,0.0,2,0.6577495857551641,1.0,0.0,0,0,10,8.145748703908692,2.9025735500866983,55,0,26.0,16,0.09523809523809523,2,1,0,21,0.0,0,0,23,R2,54,1.0
0.0,0,nan,0,nan,nan,0.0,0,0,10,7.894712328036759,2.715038202629101,56,0,14.0,16,0.0,0,0,1,24,0.0,0,0,27,R1,61,1.0
0.0,0,nan,0,nan,nan,0.0,0,0,10,7.930200675112353,2.338214653197354,57,0,12.0,16,0.0,0,0,1,34,0.0,0,0,33,R2,77,1.0
0.0,0,nan,0,nan,nan,0.0,0,0,10,7.8560822640044865,2.8454293823099044,58,0,18.0,16,0.0,0,0,1,19,0.0,0,0,24,R3,53,1.0
0.17857142857142858,15,1.0,14,0.4343782808501358,0.0,0.0,0,0,10,8.075992035585278,2.3439386667017663,59,0,14.0,16,0.40540540540540543,15,1,0,37,0.0,0,0,37,R2,84,1.0
0.0,0,nan,0,nan,nan,0.0,0,0,10,7.880395739567061,2.777140792119841,60,0,13.0,16,0.0,0,0,1,15,0.0,0,0,21,R2,46,1.0
0.0,0,nan,0,nan,nan,0.0,0,0,10,7.866661831163644,2.692303360576063,61,0,28.0,16,0.0,0,0,1,41,0.0,0,0,38,R1,89,1.0
0.10975609756097561,9,1.0,7,0.5782134507499376,0.0,0.0,0,0,10,7.995931548776287,2.204289657812067,62,0,14.0,16,0.25,9,1,0,36,0.0,0,0,36,R2,82,1.0
0.0,0,nan,0,nan,nan,0.0,0,0,10,8.042351683737555,2.7010432044458494,63,0,16.0,16,0.0,0,0,1,23,0.0,0,0,27,R2,60,1.0
0.06756756756756757,5,0.0,5,0.624871046658489,1.0,0.0,0,0,10,7.872981459808511,2.8635614606931443,64,0,24.0,16,0.0,0,0,1,31,0.15151515151515152,5,1,33,R1,74,1.0
0.13333333333333333,10,0.6,10,0.9165778837645663,0.0,0.0,0,0,10,7.895715666624407,2.7965599950495394,65,0,16.0,16,0.3125,10,1,0,32,0.0,0,0,33,R1,75,1.0
0.025,2,0.0,2,0.8634553097542577,0.0,0.0,0,0,10,7.949352325158543,2.5291420956152493,66,0,14.0,16,0.058823529411764705,2,1,0,34,0.0,0,0,36,R1,80,1.0
0.043478260869565216,4,0.75,4,0.752625185960595,0.25,0.0,0,0,10,8.025392728323704,2.0504113679633598,67,0,11.0,16,0.05128205128205128,2,1,0,39,0.046511627906976744,2,1,43,R3,92,1.0
0.0,0,nan,0,nan,nan,0.0,0,0,10,7.909117872953754,2.8381777175848146,68,0,21.0,16,0.0,0,0,1,21,0.0,0,0,24,R3,55,1.0
0.0,0,nan,0,nan,nan,0.0,0,0,10,7.914441329705949,2.431950220684982,69,0,13.0,16,0.0,0,0,1,41,0.0,0,0,40,R1,91,1.0
0.06557377049180328,4,1.0,3,0.536370309136125,0.0,0.0,0,0,10,8.001790491703776,2.821417405369366,70,0,22.0,16,0.16666666666666666,4,1,0,24,0.0,0,0,27,R3,61,1.0
0.0,0,nan,0,nan,nan,0.0,0,0,10,8.141007645228397,2.687216269430436,71,0,20.0,16,0.0,0,0,1,40,0.0,0,0,43,R3,93,1.0
0.1,6,0.6666666666666666,6,0.6906168868899308,0.3333333333333333,0.2,2,1,10,7.9742341171368025,2.137342463826673,72,1,8.0,16,0.17391304347826086,4,1,0,23,0.0,0,0,27,R2,60,1.0
0.1095890410958904,8,1.0,8,0.7013940797512921,0.0,0.0,0,0,10,8.038923328930563,1.4227272581151291,73,0,5.0,16,0.06451612903225806,2,1,0,31,0.1875,6,1,32,R1,73,1.0
0.017857142857142856,1,1.0,1,0.9091077915705681,0.0,0.0,0,0,10,8.130315857540284,2.5203608420319052,74,0,14.0,16,0.05,1,1,0,20,0.0,0,0,26,R1,56,1.0
0.0392156862745098,2,0.5,2,0.7142392883892797,0.5,0.0,0,0,10,8.120075980425064,2.450957395064815,75,0,8.0,16,0.058823529411764705,1,1,0,17,0.041666666666666664,1,1,24,R3,51,1.0
0.05660377358490566,3,1.0,2,0.706106746050329,0.0,0.0,0,0,10,7.987675509626432,1.6244097121152306,76,0,3.0,16,0.15789473684210525,3,1,0,19,0.0,0,0,24,R2,53,1.0
0.15384615384615385,10,0.0,10,0.7155645713469138,1.0,0.3,3,1,10,7.918407199814772,1.795662761156677,77,1,9.0,16,0.0,0,0,1,26,0.2413793103448276,7,1,29,R2,65,1.0
0.06,3,0.3333333333333333,3,0.7412873570794419,0.6666666666666666,0.0,0,0,10,8.255542680271901,2.294193332285993,78,0,7.0,16,0.0625,1,1,0,16,0.08333333333333333,2,1,24,R3,50,1.0
0.030303030303030304,2,1.0,2,0.7432826946378127,0.0,0.0,0,0,10,8.174008772722587,2.050294436322874,79,0,9.0,16,0.07692307692307693,2,1,0,26,0.0,0,0,30,R2,66,1.0
0.03508771929824561,2,1.0,2,0.8520107801082306,0.0,0.0,0,0,10,7.489371771634181,1.5516681919841158,80,0,3.0,16,0.09523809523809523,2,1,0,21,0.0,0,0,26,R2,57,1.0
0.15254237288135594,9,0.4444444444444444,9,0.7604595962906994,0.5555555555555556,0.5,5,1,10,7.3819310336286925,2.027296553914879,81,1,7.0,16,0.18181818181818182,4,1,0,22,0.0,0,0,27,R1,59,1.0
0.32653061224489793,16,0.45454545454545453,11,0.7281313434886129,0.5454545454545454,0.6,6,1,10,7.152052061057327,1.9377274017888413,82,1,4.0,16,0.5,8,1,0,16,0.08695652173913043,2,1,23,R3,49,1.0
0.08064516129032258,5,1.0,5,0.8953127329621404,0.0,0.1,1,1,10,7.350273677260585,1.2863061872198878,83,1,2.0,16,0.13043478260869565,3,1,0,23,0.034482758620689655,1,1,29,R1,62,1.0
0.16923076923076924,11,1.0,6,0.7722029665901555,0.0,0.0,0,0,10,7.435228323223642,1.4318814471441257,84,0,3.0,16,0.44,11,1,0,25,0.0,0,0,30,R1,65,1.0
0.2413793103448276,14,0.7142857142857143,14,0.6998684295147014,0.2857142857142857,0.4,4,1,10,7.337757000390536,1.5602530058236315,85,1,3.0,16,0.3333333333333333,7,1,0,21,0.1111111111111111,3,1,27,R1,58,1.0
0.09615384615384616,5,1.0,4,0.7616655088048059,0.0,0.0,0,0,10,7.278873595798639,2.5819627661224445,86,0,10.0,16,0.2777777777777778,5,1,0,18,0.0,0,0,24,R1,52,1.0
0.0784313725490196,4,0.25,4,0.8738262560158249,0.75,0.3,3,1,10,7.2280635883776,1.8163087871189767,87,1,4.0,16,0.05555555555555555,1,1,0,18,0.0,0,0,23,R1,51,1.0
0.014705882352941176,1,1.0,1,0.9945299419921512,0.0,0.0,0,0,10,8.326163426425088,2.6158939358641398,88,0,12.0,16,0.03571428571428571,1,1,0,28,0.0,0,0,30,R1,68,1.0
0.04838709677419355,3,0.0,3,0.9223897165992714,0.0,0.0,0,0,10,8.377133725462631,2.432755730930171,89,0,12.0,16,0.125,3,1,0,24,0.0,0,0,28,R1,62,1.0
0.012195121951219513,1,nan,0,nan,nan,0.0,0,0,10,7.972427987757639,2.623868964394451,90,0,18.0,16,0.02631578947368421,1,1,0,38,0.0,0,0,34,R1,82,1.0
0.05970149253731343,4,1.0,4,0.8815107099154929,0.0,0.0,0,0,10,8.17084550742866,2.4914228036672728,91,0,14.0,16,0.14814814814814814,4,1,0,27,0.0,0,0,30,R2,67,1.0
0.0,0,nan,0,nan,nan,0.0,0,0,10,8.394407940274382,2.4796387722366835,92,0,10.0,16,0.0,0,0,1,27,0.0,0,0,30,R2,67,1.0
0.06060606060606061,4,1.0,4,0.9474506658588966,0.0,0.0,0,0,10,8.294704606118048,2.4599495655543264,93,0,10.0,16,0.14285714285714285,4,1,0,28,0.0,0,0,28,R2,66,1.0
0.0,0,nan,0,nan,nan,0.0,0,0,10,7.9961621765202535,2.4431178062625323,94,0,14.0,16,0.0,0,0,1,17,0.0,0,0,24,R2,51,1.0
0.011904761904761904,1,0.0,1,0.7404214615045096,1.0,0.0,0,0,10,8.188415404653089,2.679837746849038,95,0,14.0,16,0.02631578947368421,1,1,0,38,0.0,0,0,36,R1,84,1.0
0.08695652173913043,6,0.0,6,0.752442382490104,0.0,0.0,0,0,10,8.001252927436102,2.108504713076481,96,0,11.0,16,0.21428571428571427,6,1,0,28,0.0,0,0,31,R2,69,1.0
0.12121212121212122,8,0.125,8,0.7686991899177064,0.0,0.0,0,0,10,7.985366560839766,2.5311799259189423,97,0,15.0,16,0.32,8,1,0,25,0.0,0,0,31,R2,66,1.0
0.2653061224489796,13,0.6153846153846154,13,0.6185248971056893,0.3076923076923077,0.5,5,1,10,8.08450487758299,1.88354833917032,98,1,4.0,16,0.2777777777777778,5,1,0,18,0.14285714285714285,3,1,21,R1,49,1.0
0.14035087719298245,8,1.0,8,0.4660585302503672,0.0,0.0,0,0,10,8.110409526444416,2.623175056275576,99,0,11.0,16,0.38095238095238093,8,1,0,21,0.0,0,0,26,R1,57,1.0
0.25,14,1.0,8,0.5417120133105866,0.0,0.0,0,0,10,9.002467750438623,2.3629800646033896,0,0,10.0,32,0.6666666666666666,14,1,0,21,0.0,0,0,25,R1,56,1.0
0.01694915254237288,1,1.0,1,0.8379319582175725,0.0,0.0,0,0,10,9.151525033827303,1.9600181268606136,1,0,7.0,32,0.0,0,0,1,22,0.037037037037037035,1,1,27,R1,59,1.0
0.2,11,0.5454545454545454,11,0.8612812877400461,0.45454545454545453,0.5,5,1,10,9.606608363736251,2.289139477912069,2,1,9.0,32,0.3,6,1,0,20,0.0,0,0,25,R3,55,1.0
0.109375,7,1.0,7,0.4375872862309417,0.0,0.0,0,0,10,9.075730015865702,1.3941213816136981,3,0,3.0,32,0.28,7,1,0,25,0.0,0,0,29,R3,64,1.0
0.34545454545454546,19,0.625,16,0.6861494663735045,0.0,0.0,0,0,10,8.880064472429115,1.5975663233089985,4,0,3.0,32,0.5263157894736842,10,1,0,19,0.34615384615384615,9,1,26,R3,55,1.0
0.3076923076923077,20,0.3,20,0.6238004024113779,0.6,0.2,2,1,10,9.127332784611589,1.7022058852933943,5,1,6.0,32,0.16666666666666666,4,1,0,24,0.45161290322580644,14,1,31,R1,65,1.0
0.296875,19,0.3684210526315789,19,0.8236118118547116,0.0,0.0,0,0,10,8.798676937658456,2.113445513243824,6,0,8.0,32,0.25,6,1,0,24,0.43333333333333335,13,1,30,R1,64,1.0
0.3076923076923077,16,0.5625,16,0.7590383592745826,0.125,0.1,1,1,10,8.468160442134831,2.3778435449024937,7,1,9.0,32,0.2222222222222222,4,1,0,18,0.4583333333333333,11,1,24,R1,52,1.0
0.2549019607843137,13,0.5,8,0.7344301880257588,0.5,0.4,4,1,10,8.412267391880354,2.6288772745725004,8,1,12.0,32,0.5294117647058824,9,1,0,17,0.0,0,0,24,R2,51,1.0
0.02040816326530612,1,1.0,1,0.9661975363188764,0.0,0.0,0,0,10,8.37284900017596,2.774425280290071,9,0,13.0,32,0.058823529411764705,1,1,0,17,0.0,0,0,22,R2,49,1.0
0.07142857142857142,4,0.6666666666666666,3,0.9355841163165087,0.0,0.0,0,0,10,8.753792803742856,2.5406137562462,10,0,9.0,32,0.15,3,1,0,20,0.038461538461538464,1,1,26,R1,56,1.0
0.2727272727272727,18,1.0,15,0.5484229656734456,0.0,0.2,2,1,10,9.099781575390477,1.3684051080153352,11,1,3.0,32,0.5769230769230769,15,1,0,26,0.03333333333333333,1,1,30,R1,66,1.0
0.14754098360655737,9,0.6666666666666666,9,0.8498082604836301,0.2222222222222222,0.1,1,1,10,8.868499999659777,1.3482041593900176,12,1,3.0,32,0.2727272727272727,6,1,0,22,0.06896551724137931,2,1,29,R2,61,1.0
0.16666666666666666,10,0.8333333333333334,6,0.7524738299082974,0.16666666666666666,0.1,1,1,10,8.558350600166401,2.7169188328358773,13,1,20.0,32,0.4090909090909091,9,1,0,22,0.0,0,0,28,R1,60,1.0
0.0,0,nan,0,nan,nan,0.0,0,0,10,8.29461441693032,2.5473058023440713,14,0,11.0,32,0.0,0,0,1,17,0.0,0,0,21,R1,48,1.0
0.018518518518518517,1,0.0,1,0.4741402824653511,1.0,0.0,0,0,10,8.398620018851943,2.37606504388543,15,0,11.0,32,0.0,0,0,1,19,0.04,1,1,25,R2,54,1.0
0.01694915254237288,1,0.0,1,0.9458734996328843,1.0,0.1,1,1,10,8.687655152891116,2.5766789248319752,16,1,12.0,32,0.0,0,0,1,22,0.0,0,0,27,R1,59,1.0
0.020833333333333332,1,0.0,1,0.26691118210702236,1.0,0.0,0,0,10,8.621620125268237,2.5702012245018526,17,0,13.0,32,0.0625,1,1,0,16,0.0,0,0,22,R2,48,1.0
0.0,0,nan,0,nan,nan,0.0,0,0,10,8.600785154734515,2.737993605095636,18,0,14.0,32,0.0,0,0,1,33,0.0,0,0,28,R1,71,1.0
0.0,0,nan,0,nan,nan,0.0,0,0,10,8.53968853424367,2.7136702958803167,19,0,20.0,32,0.0,0,0,1,31,0.0,0,0,32,R1,73,1.0
0.0,0,nan,0,nan,nan,0.0,0,0,10,8.430568887213726,2.623574669938637,20,0,13.0,32,0.0,0,0,1,25,0.0,0,0,27,R1,62,1.0
0.0,0,nan,0,nan,nan,0.0,0,0,10,8.539011633486002,2.4211518309931686,21,0,11.0,32,0.0,0,0,1,33,0.0,0,0,28,R1,71,1.0
0.0684931506849315,5,0.0,5,0.70145933002511,1.0,0.0,0,0,10,8.322108725934251,2.8747716872569584,22,0,35.0,32,0.16666666666666666,5,1,0,30,0.0,0,0,33,R3,73,1.0
0.1,6,0.0,4,0.778892747112002,1.0,0.0,0,0,10,8.597943600034341,2.945812410629371,23,0,23.0,32,0.25,6,1,0,24,0.0,0,0,26,R1,60,1.0
0.3225806451612903,20,0.65,20,0.6246159222695205,0.35,0.8,8,1,10,8.770920516033057,2.3258659722353534,24,1,11.0,32,0.48,12,1,0,25,0.0,0,0,27,R1,62,1.0
0.24074074074074073,13,0.08333333333333333,12,0.6633441405732275,0.8333333333333334,0.5,5,1,10,8.65453851831801,2.6196796388888135,25,1,13.0,32,0.42105263157894735,8,1,0,19,0.0,0,0,25,R3,54,1.0
0.14285714285714285,7,1.0,6,0.6617876270719579,0.0,0.0,0,0,10,8.739950428764354,2.546968800793017,26,0,8.0,32,0.3888888888888889,7,1,0,18,0.0,0,0,21,R1,49,1.0
0.2545454545454545,14,0.7857142857142857,14,0.6356180272990757,0.21428571428571427,0.3,3,1,10,8.980408836346628,1.5967600906270347,27,1,3.0,32,0.3684210526315789,7,1,0,19,0.15384615384615385,4,1,26,R1,55,1.0
0.03773584905660377,2,1.0,1,0.8468686341525367,0.0,0.0,0,0,10,8.578649962558147,2.548222859467279,28,0,10.0,32,0.10526315789473684,2,1,0,19,0.0,0,0,24,R1,53,1.0
0.13333333333333333,8,1.0,8,0.47467255875151726,0.0,0.0,0,0,10,8.761752449693935,1.8479615287426514,29,0,6.0,32,0.34782608695652173,8,1,0,23,0.0,0,0,27,R1,60,1.0
0.13793103448275862,8,0.375,8,0.6128712016378434,0.625,0.6,6,1,10,8.801581810232541,1.6863184646677454,30,1,5.0,32,0.09523809523809523,2,1,0,21,0.0,0,0,27,R1,58,1.0
0.06451612903225806,4,1.0,4,0.8554733546990195,0.0,0.0,0,0,10,8.991373580365982,1.4884512879805765,31,0,4.0,32,0.08695652173913043,2,1,0,23,0.06896551724137931,2,1,29,R1,62,1.0
0.030612244897959183,3,0.0,3,0.8748789099164721,1.0,0.0,0,0,10,8.660053530510762,2.3532575313417703,32,0,15.0,32,0.06818181818181818,3,1,0,44,0.0,0,0,44,R3,98,1.0
0.0,0,nan,0,nan,nan,0.0,0,0,10,8.637316164573374,2.3168994275328356,33,0,11.0,32,0.0,0,0,1,30,0.0,0,0,33,R1,73,1.0
0.031578947368421054,3,0.0,3,0.8412602862490038,0.6666666666666666,0.0,0,0,10,8.839837705263085,2.3020785664605055,34,0,16.0,32,0.06976744186046512,3,1,0,43,0.0,0,0,42,R3,95,1.0
0.0,0,nan,0,nan,nan,0.0,0,0,10,8.50642027065381,2.6701621178403863,35,0,23.0,32,0.0,0,0,1,43,0.0,0,0,43,R3,96,1.0
0.012195121951219513,1,0.0,1,0.7474460541490935,1.0,0.0,0,0,10,8.64877985370141,2.7225023932903345,36,0,26.0,32,0.027777777777777776,1,1,0,36,0.0,0,0,36,R3,82,1.0
0.013513513513513514,1,0.0,1,0.8360258271515839,0.0,0.0,0,0,10,8.703653432422545,2.791233414829277,37,0,16.0,32,0.03225806451612903,1,1,0,31,0.0,0,0,33,R3,74,1.0
0.0,0,nan,0,nan,nan,0.0,0,0,10,8.505125249725738,2.9034996531176134,38,0,17.0,32,0.0,0,0,1,28,0.0,0,0,30,R1,68,1.0
0.08955223880597014,6,0.0,6,0.9270476820602017,0.0,0.0,0,0,10,8.56848544773034,2.1433432370595495,39,0,9.0,32,0.2222222222222222,6,1,0,27,0.0,0,0,30,R3,67,1.0
0.2653061224489796,13,0.25,12,0.7218516330835305,0.75,0.0,0,0,10,8.573941632805925,2.7522789245419323,40,0,12.0,32,0.25,4,1,0,16,0.391304347826087,9,1,23,R1,49,1.0
0.15217391304347827,7,0.5,4,0.6843215743278561,0.5,0.0,0,0,10,8.838607326058833,2.6972269301548346,41,0,10.0,32,0.3333333333333333,5,1,0,15,0.09523809523809523,2,1,21,R1,46,1.0
0.08695652173913043,4,0.0,2,0.77617311731926,0.0,0.0,0,0,10,8.375330761064896,2.8011454570864034,42,0,15.0,32,0.26666666666666666,4,1,0,15,0.0,0,0,21,R1,46,1.0
0.08620689655172414,5,1.0,5,0.9268947709005346,0.0,0.0,0,0,10,8.683804586200557,2.2272830403440618,43,0,8.0,32,0.23809523809523808,5,1,0,21,0.0,0,0,27,R1,58,1.0
0.017543859649122806,1,0.0,1,0.5877232177561263,0.0,0.0,0,0,10,8.785386578988676,2.4046908059124963,44,0,9.0,32,0.05,1,1,0,20,0.0,0,0,27,R1,57,1.0
0.39655172413793105,23,0.0,23,0.6875261177820581,0.043478260869565216,0.0,0,0,10,8.938156000081579,1.4814450101450791,45,0,3.0,32,0.22727272727272727,5,1,0,22,0.6923076923076923,18,1,26,R1,58,1.0
0.0,0,nan,0,nan,nan,0.0,0,0,10,8.35099150942867,2.6167182594237133,46,0,19.0,32,0.0,0,0,1,19,0.0,0,0,24,R2,53,1.0
0.03508771929824561,2,nan,0,nan,nan,0.0,0,0,10,8.596001701478503,2.871439346729781,47,0,14.0,32,0.09523809523809523,2,1,0,21,0.0,0,0,26,R2,57,1.0
0.08196721311475409,5,0.0,5,0.49877453791501497,0.8,0.0,0,0,10,8.55062513127465,2.614089267007646,48,0,19.0,32,0.21739130434782608,5,1,0,23,0.0,0,0,28,R1,61,1.0
0.08333333333333333,5,0.0,5,0.6247283115378434,1.0,0.0,0,0,10,8.523622132876577,2.645403155886003,49,0,23.0,32,0.22727272727272727,5,1,0,22,0.0,0,0,28,R1,60,1.0
0.0,0,nan,0,nan,nan,0.0,0,0,10,8.544335661169429,2.6422474975988606,50,0,26.0,32,0.0,0,0,1,25,0.0,0,0,30,R1,65,1.0
0.031746031746031744,2,1.0,2,0.9562877394437248,0.0,0.0,0,0,10,8.714239856797374,2.643164103199965,51,0,15.0,32,0.08333333333333333,2,1,0,24,0.0,0,0,29,R3,63,1.0
0.06666666666666667,4,0.25,4,0.31434645434670433,0.0,0.0,0,0,10,8.745009699972192,2.5264129420002814,52,0,19.0,32,0.17391304347826086,4,1,0,23,0.0,0,0,27,R1,60,1.0
0.015873015873015872,1,0.0,1,0.9721579971403054,0.0,0.0,0,0,10,8.48270620640722,2.665166763106754,53,0,22.0,32,0.043478260869565216,1,1,0,23,0.0,0,0,30,R1,63,1.0
0.06896551724137931,4,1.0,2,0.7860909363135395,0.0,0.0,0,0,10,8.693530085769579,2.7820669471988304,54,0,18.0,32,0.18181818181818182,4,1,0,22,0.0,0,0,26,R3,58,1.0
0.037037037037037035,2,0.0,2,0.7239720423568307,1.0,0.0,0,0,10,8.32313507379257,2.9025735500866983,55,0,26.0,32,0.09523809523809523,2,1,0,21,0.0,0,0,23,R2,54,1.0
0.0,0,nan,0,nan,nan,0.0,0,0,10,8.4628128192815,2.715038202629101,56,0,14.0,32,0.0,0,0,1,24,0.0,0,0,27,R1,61,1.0
0.0,0,nan,0,nan,nan,0.0,0,0,10,8.485801948095345,2.338214653197354,57,0,12.0,32,0.0,0,0,1,34,0.0,0,0,33,R2,77,1.0
0.0,0,nan,0,nan,nan,0.0,0,0,10,8.243685453154919,2.8454293823099044,58,0,18.0,32,0.0,0,0,1,19,0.0,0,0,24,R3,53,1.0
0.20238095238095238,17,1.0,16,0.4264117860418031,0.0,0.0,0,0,10,8.767767404649584,2.343938619935364,59,0,14.0,32,0.4594594594594595,17,1,0,37,0.0,0,0,37,R2,84,1.0
0.0,0,nan,0,nan,nan,0.0,0,0,10,8.36035452147885,2.777140792119841,60,0,13.0,32,0.0,0,0,1,15,0.0,0,0,21,R2,46,1.0
0.0,0,nan,0,nan,nan,0.0,0,0,10,8.473254112380275,2.692303360576063,61,0,28.0,32,0.0,0,0,1,41,0.0,0,0,38,R1,89,1.0
0.10975609756097561,9,1.0,7,0.5584705964471154,0.0,0.0,0,0,10,8.789091500192427,2.204289657812067,62,0,14.0,32,0.25,9,1,0,36,0.0,0,0,36,R2,82,1.0
0.0,0,nan,0,nan,nan,0.0,0,0,10,8.33706181680706,2.7010432044458494,63,0,16.0,32,0.0,0,0,1,23,0.0,0,0,27,R2,60,1.0
0.0945945945945946,7,0.0,7,0.5804492706604399,1.0,0.0,0,0,10,8.419709391829029,2.8635614512347827,64,0,24.0,32,0.0,0,0,1,31,0.21212121212121213,7,1,33,R1,74,1.0
0.13333333333333333,10,0.6,10,0.9060796237970449,0.0,0.0,0,0,10,8.57112615990142,2.7965599950495394,65,0,16.0,32,0.3125,10,1,0,32,0.0,0,0,33,R1,75,1.0
0.0375,3,0.0,3,0.8596515378994839,0.3333333333333333,0.0,0,0,10,8.689839087310247,2.5291424031309413,66,0,14.0,32,0.058823529411764705,2,1,0,34,0.027777777777777776,1,1,36,R1,80,1.0
0.07608695652173914,7,0.8571428571428571,7,0.7419104959708477,0.14285714285714285,0.0,0,0,10,8.897864206633328,2.0504112405114077,67,0,11.0,32,0.07692307692307693,3,1,0,39,0.09302325581395349,4,1,43,R3,92,1.0
0.0,0,nan,0,nan,nan,0.0,0,0,10,8.507163381860169,2.8381777175848146,68,0,21.0,32,0.0,0,0,1,21,0.0,0,0,24,R3,55,1.0
0.0,0,nan,0,nan,nan,0.0,0,0,10,8.671755736161556,2.431950220684982,69,0,13.0,32,0.0,0,0,1,41,0.0,0,0,40,R1,91,1.0
0.06557377049180328,4,1.0,3,0.5922588490289357,0.0,0.0,0,0,10,8.642069377066171,2.821417405369366,70,0,22.0,32,0.16666666666666666,4,1,0,24,0.0,0,0,27,R3,61,1.0
0.0,0,nan,0,nan,nan,0.0,0,0,10,8.714568924837275,2.687216269430436,71,0,20.0,32,0.0,0,0,1,40,0.0,0,0,43,R3,93,1.0
0.1,6,0.6666666666666666,6,0.6668970048998175,0.3333333333333333,0.2,2,1,10,8.85916876674552,2.137342463826673,72,1,8.0,32,0.17391304347826086,4,1,0,23,0.0,0,0,27,R2,60,1.0
0.1643835616438356,12,1.0,11,0.6873019877492793,0.0,0.0,0,0,10,8.865766822079783,1.4227280254044556,73,0,5.0,32,0.12903225806451613,4,1,0,31,0.25,8,1,32,R1,73,1.0
0.03571428571428571,2,1.0,2,0.8618946511362104,0.0,0.0,0,0,10,8.82602262468676,2.5203608420319052,74,0,14.0,32,0.1,2,1,0,20,0.0,0,0,26,R1,56,1.0
0.0392156862745098,2,0.5,2,0.7142392883892797,0.5,0.0,0,0,10,8.82460703895263,2.450957395064815,75,0,8.0,32,0.058823529411764705,1,1,0,17,0.041666666666666664,1,1,24,R3,51,1.0
0.07547169811320754,4,1.0,3,0.6604294495142492,0.0,0.0,0,0,10,8.900549188629672,1.6244097121152306,76,0,3.0,32,0.21052631578947367,4,1,0,19,0.0,0,0,24,R2,53,1.0
0.15384615384615385,10,0.0,10,0.7155645713469138,1.0,0.3,3,1,10,8.876759938609142,1.795662761156677,77,1,9.0,32,0.0,0,0,1,26,0.2413793103448276,7,1,29,R2,65,1.0
0.06,3,0.3333333333333333,3,0.7412873570794419,0.6666666666666666,0.0,0,0,10,8.971864100312814,2.294193332285993,78,0,7.0,32,0.0625,1,1,0,16,0.08333333333333333,2,1,24,R3,50,1.0
0.030303030303030304,2,1.0,2,0.6724394661097526,0.0,0.0,0,0,10,9.097451530661518,2.050294436322874,79,0,9.0,32,0.07692307692307693,2,1,0,26,0.0,0,0,30,R2,66,1.0
0.03508771929824561,2,1.0,2,0.9733080075742464,0.0,0.0,0,0,10,8.74793294739599,1.5516681919841158,80,0,3.0,32,0.09523809523809523,2,1,0,21,0.0,0,0,26,R2,57,1.0
0.1694915254237288,10,0.5,10,0.6757624604962529,0.5,0.5,5,1,10,8.559653101887521,2.027296553914879,81,1,7.0,32,0.22727272727272727,5,1,0,22,0.0,0,0,27,R1,59,1.0
0.32653061224489793,16,0.45454545454545453,11,0.6122400011901891,0.5454545454545454,0.6,6,1,10,8.390835856980814,1.9377274017888413,82,1,4.0,32,0.5,8,1,0,16,0.08695652173913043,2,1,23,R3,49,1.0
0.0967741935483871,6,1.0,6,0.8821234767154275,0.0,0.1,1,1,10,8.551311887136,1.2863061872198878,83,1,2.0,32,0.17391304347826086,4,1,0,23,0.034482758620689655,1,1,29,R1,62,1.0
0.16923076923076924,11,1.0,6,0.7660008756635226,0.0,0.0,0,0,10,8.573349400047356,1.4318814471441257,84,0,3.0,32,0.44,11,1,0,25,0.0,0,0,30,R1,65,1.0
0.3103448275862069,18,0.6666666666666666,18,0.6232700543658479,0.3333333333333333,0.6,6,1,10,8.499930017117958,1.5602529419613815,85,1,3.0,32,0.3333333333333333,7,1,0,21,0.18518518518518517,5,1,27,R1,58,1.0
0.1346153846153846,7,1.0,5,0.6413159991590582,0.0,0.0,0,0,10,8.301724441900241,2.5819627661224445,86,0,10.0,32,0.3888888888888889,7,1,0,18,0.0,0,0,24,R1,52,1.0
0.09803921568627451,5,0.4,5,0.8590878777453188,0.6,0.3,3,1,10,8.407003450545245,1.8163087871189767,87,1,4.0,32,0.1111111111111111,2,1,0,18,0.0,0,0,23,R1,51,1.0
0.029411764705882353,2,1.0,2,0.9733822423461156,0.0,0.0,0,0,10,8.879407912044211,2.6158931847905094,88,0,12.0,32,0.07142857142857142,2,1,0,28,0.0,0,0,30,R1,68,1.0
0.06451612903225806,4,0.0,4,0.9019849990204101,0.0,0.0,0,0,10,8.815107354988164,2.432755468195869,89,0,12.0,32,0.16666666666666666,4,1,0,24,0.0,0,0,28,R1,62,1.0
0.012195121951219513,1,nan,0,nan,nan,0.0,0,0,10,8.48472474402714,2.623868964394451,90,0,18.0,32,0.02631578947368421,1,1,0,38,0.0,0,0,34,R1,82,1.0
0.08955223880597014,6,0.8333333333333334,6,0.8770032272929029,0.0,0.0,0,0,10,8.673430836165268,2.4914228036672728,91,0,14.0,32,0.2222222222222222,6,1,0,27,0.0,0,0,30,R2,67,1.0
0.014925373134328358,1,1.0,1,0.9571686257932237,0.0,0.0,0,0,10,8.879703999959183,2.4796385054699965,92,0,10.0,32,0.037037037037037035,1,1,0,27,0.0,0,0,30,R2,67,1.0
0.06060606060606061,4,1.0,4,0.9004333746076454,0.0,0.0,0,0,10,8.770784606123485,2.4599495655543264,93,0,10.0,32,0.14285714285714285,4,1,0,28,0.0,0,0,28,R2,66,1.0
0.0,0,nan,0,nan,nan,0.0,0,0,10,8.356332156907621,2.4431178062625323,94,0,14.0,32,0.0,0,0,1,17,0.0,0,0,24,R2,51,1.0
0.011904761904761904,1,0.0,1,0.5950659140442475,1.0,0.0,0,0,10,8.562564297573685,2.679837746849038,95,0,14.0,32,0.02631578947368421,1,1,0,38,0.0,0,0,36,R1,84,1.0
0.08695652173913043,6,0.0,6,0.7099060057035348,0.0,0.0,0,0,10,8.64075281171371,2.108504713076481,96,0,11.0,32,0.21428571428571427,6,1,0,28,0.0,0,0,31,R2,69,1.0
0.12121212121212122,8,0.125,8,0.7426279320723743,0.0,0.0,0,0,10,8.728984136585936,2.5311799259189423,97,0,15.0,32,0.32,8,1,0,25,0.0,0,0,31,R2,66,1.0
0.2857142857142857,14,0.5714285714285714,14,0.5597122461335023,0.35714285714285715,0.6,6,1,10,9.211762673435352,1.88354833917032,98,1,4.0,32,0.2777777777777778,5,1,0,18,0.14285714285714285,3,1,21,R1,49,1.0
0.14035087719298245,8,1.0,8,0.47853148143701957,0.0,0.0,0,0,10,8.86373410487482,2.623175056275576,99,0,11.0,32,0.38095238095238093,8,1,0,21,0.0,0,0,26,R1,57,1.0
