absolute_improvement_error,actual_arc_length_cells,actual_clearance_safe,actual_controller_steps,actual_displacement_col,actual_displacement_row,actual_endpoint_col,actual_endpoint_row,actual_horizon_complete,actual_horizon_final_step,actual_path_min_clearance_m,clearance_agreement,clearance_threshold_m,decision_step,directional_cosine,endpoint_deviation_m,episode_id,event_step,executed_path_mean_risk,hard_contact_disagreement,horizon_crosses_opening,improvement_sign_agreement,mean_cross_track_deviation_m,nominal_primitive_risk,opening_step,phase,predicted_risk_improvement,primitive_horizon_cells,realized_risk_improvement,regime,selected_direction_col,selected_direction_row,selected_endpoint_col,selected_endpoint_row,selected_primitive_risk,selected_ray_min_clearance_m,source_gate_decision
0.11415613961975557,13.041610464748015,1,8,11.077507019042969,-6.819252014160156,71.70352935791016,35.997371673583984,1,49,2.5,1,1.0,42,0.5242270375070092,6.1145586809214985,0,25,0.5822437606529473,0,0,0,2.795473946465387,0.5554275860389074,35,post_opening,0.08733996500571573,12,-0.026816174614039845,R1,-1.8369701465288538e-16,-1.0,60.62602233886719,30.81662368774414,0.4680876210331917,1.4142135381698608,1
0.14075562942496084,13.156465461490027,1,8,10.990882873535156,-7.186920166015625,73.03434753417969,34.98546600341797,1,50,2.692582368850708,1,1.0,43,0.5472799646019678,5.9992758693878105,0,25,0.5451212906685585,0,0,0,2.776104185316298,0.5123092258969942,35,post_opening,0.10794356465339655,12,-0.03281206477156429,R1,-1.8369701465288538e-16,-1.0,62.04346466064453,30.172386169433594,0.4043656612435977,1.5811388492584229,1
0.17135421543120316,13.224355592114206,1,8,10.880931854248047,-7.486690521240234,74.33822631835938,33.970672607421875,1,51,3.640054941177368,1,1.0,44,0.5668398218062612,5.889920213123701,0,25,0.5363020398596821,0,0,0,2.752231597900391,0.49491877605517703,35,post_opening,0.12997095162669814,12,-0.04138326380450502,R1,-1.8369701465288538e-16,-1.0,63.45729446411133,29.45736312866211,0.3649478244284789,2.0,1
0.17708433306045052,13.23219596660829,1,8,10.740287780761719,-7.710868835449219,75.60368347167969,32.964134216308594,1,52,4.031128883361816,1,1.0,45,0.583201442524297,5.782525999948038,0,25,0.5355725823424927,0,0,0,2.723980373806424,0.470756101111571,35,post_opening,0.11226785182952881,12,-0.06481648123092171,R1,-1.8369701465288538e-16,-1.0,64.86339569091797,28.675003051757812,0.3584882492820422,3.0,1
0.20868069869152162,13.168115377657578,1,8,10.562026977539062,-7.852941513061523,76.82029724121094,31.97611427307129,1,53,5.0,1,1.0,46,0.5966600321900198,5.673502180495558,0,25,0.5356148202406511,0,0,0,2.6908153957790804,0.4562893360853195,35,post_opening,0.12935521453619003,12,-0.07932548415533158,R1,-1.8369701465288538e-16,-1.0,66.25827026367188,27.829055786132812,0.3269341215491295,3.5,1
0.23336277747193024,13.022685594512678,1,8,10.340721130371094,-7.908174514770508,77.97966766357422,31.015546798706055,1,54,5.522680282592773,1,1.0,47,0.6074774566913504,5.560430498119655,0,25,0.5368037543598716,0,0,0,2.6516660054524746,0.4695955713589986,35,post_opening,0.16615459447105724,12,-0.067208183000873,R1,-1.8369701465288538e-16,-1.0,67.63894653320312,26.923721313476562,0.30344097688794136,4.5,1
0.25977709894406614,12.794305306506509,1,8,10.071792602539062,-7.88380241394043,79.07477569580078,30.090147018432617,1,55,6.082762718200684,1,1.0,48,0.6163824405320585,5.4402226240302705,0,25,0.5401377355558457,0,0,0,2.604971567789714,0.49830978115399677,35,post_opening,0.21794914454221725,12,-0.04182795440184889,R1,-1.8369701465288538e-16,-1.0,69.00298309326172,25.973949432373047,0.2803606366117795,5.0,1
0.2700618648570707,11.121438323885366,1,7,8.715950012207031,-6.90391731262207,79.07477569580078,30.090147018432617,0,55,7.017834186553955,1,1.0,49,0.6209124694969103,5.048213628895988,0,25,0.5445883206071387,0,0,0,2.2526717185974126,0.5309136658906937,35,post_opening,0.25638721014062565,12,-0.013674654716445023,R1,-1.8369701465288538e-16,-1.0,70.35882568359375,24.994064331054688,0.274526455750068,5.5,1
0.2407264603478565,9.447633011079825,1,6,7.371246337890625,-5.907224655151367,79.07477569580078,30.090147018432617,0,55,7.5,1,1.0,50,0.6253550195360188,4.781662471794233,0,25,0.5478630667729034,0,0,0,1.9021301269531252,0.5323782463868459,35,post_opening,0.22524163996179902,12,-0.015484820386057474,R1,-1.8369701465288538e-16,-1.0,71.70352935791016,23.997371673583984,0.3071366064250469,6.5,1
0.22435851671548113,7.7757986581598075,1,5,6.040428161621094,-4.895318984985352,79.07477569580078,30.090147018432617,0,55,7.905694007873535,1,1.0,51,0.6296214825243662,4.66270481321772,0,25,0.5487754000052951,0,0,0,1.5537427266438806,0.5412768721580505,35,post_opening,0.21685998886823654,12,-0.007498527847244585,R1,-1.8369701465288538e-16,-1.0,73.03434753417969,22.98546600341797,0.324416883289814,7.0,1
0.2103511201231139,6.123556085051614,1,4,4.736549377441406,-3.880525588989258,79.07477569580078,30.090147018432617,0,55,8.732124328613281,1,1.0,52,0.6337431256881887,4.7000203381474535,0,25,0.5486128461250124,0,0,0,1.2125518798828128,0.5413402815659841,35,post_opening,0.20307855556408566,12,-0.0072725645590282495,R1,-1.8369701465288538e-16,-1.0,74.33822631835938,21.970672607421875,0.33826172600189847,7.5,1
0.15192839587907458,4.506614113404375,1,3,3.4710922241210938,-2.8739871978759766,79.07477569580078,30.090147018432617,0,55,9.124143600463867,1,1.0,53,0.6377466984721046,4.881920495381031,0,25,0.5481644989071336,0,0,0,0.8829612731933596,0.5433892458677292,35,post_opening,0.14715314283967018,12,-0.0047752530394044035,R1,-1.8369701465288538e-16,-1.0,75.60368347167969,20.964134216308594,0.396236103028059,8.5,1
0.40688943217605894,12.166313466724095,0,9,12.151969909667969,-0.4165077209472656,60.12845230102539,45.65714645385742,1,41,0.0,0,1.0,33,0.9994131321679107,0.22168307053831143,2,25,0.8592577040236249,1,1,0,0.1578227996826172,0.508439709742864,35,pre_opening,0.05607143789529806,12,-0.3508179942807609,R3,1.0,0.0,59.97648239135742,46.07365417480469,0.45236827184756595,1.5,1
0.4816731964883895,12.184606715177127,0,9,12.175525665283203,-0.2603187561035156,61.49070358276367,45.690093994140625,1,42,0.0,0,1.0,34,0.9997715155650376,0.15698337010046057,2,25,0.9045849907236985,1,1,0,0.11538009643554688,0.48246602714061737,35,pre_opening,0.059554232905308424,12,-0.4221189635830811,R3,1.0,0.0,61.31517791748047,45.95041275024414,0.42291179423530895,1.5,1
0.009480427544365955,12.279916619289745,1,9,12.167739868164062,1.5851058959960938,76.38337707519531,47.383296966552734,1,53,3.3541018962860107,1,1.0,45,0.9916212043550604,0.7969782564307003,2,25,0.501343359956095,0,0,1,0.3384889602661133,0.5758399143815041,35,post_opening,0.06501612688104308,12,0.07449655442540903,R3,1.0,0.0,76.21563720703125,45.79819107055664,0.510823787500461,3.1622776985168457,1
0.25428222655122146,12.973025266638624,1,8,11.005256652832031,6.770408630371094,82.80646514892578,55.303306579589844,1,58,4.924428939819336,1,1.0,51,0.5239819514300544,6.092296362784743,3,29,0.5462641322499977,0,0,0,2.780730777316623,0.5066558917363485,39,post_opening,0.21467398603757226,12,-0.039608240513649196,R3,6.123234262925839e-17,1.0,71.80120849609375,60.53289794921875,0.29198190569877625,3.5,1
0.24310876844163687,13.109183051006948,1,8,10.873336791992188,7.2459259033203125,84.08072662353516,56.36903762817383,1,59,5.7008771896362305,1,1.0,52,0.5545430748548138,5.933605006840524,3,29,0.5493558798515394,0,0,0,2.7598355611165366,0.5388329724470774,39,post_opening,0.23258586103717482,12,-0.010522907404462045,R3,6.123234262925839e-17,1.0,73.20738983154297,61.123111724853516,0.3062471114099026,4.0,1
0.1690665608882312,13.176386033809651,1,8,10.69024658203125,7.643501281738281,85.30297088623047,57.44208908081055,1,60,6.041522979736328,1,1.0,53,0.5816216126287557,5.771924572160633,3,29,0.5496721939483686,0,0,0,2.729145050048828,0.5468845417102178,39,post_opening,0.16627890865008038,12,-0.002787652238150806,R3,6.123234262925839e-17,1.0,74.61272430419922,61.798587799072266,0.38060563306013745,5.0,1
0.09273958017782419,13.162604089467973,1,8,10.451431274414062,7.954891204833984,86.46446228027344,58.510009765625,1,61,6.5,1,1.0,54,0.6056527533605931,5.603465910678181,3,29,0.5499874657427872,0,0,0,2.687421586778429,0.549862469236056,39,post_opening,0.09261458367109293,12,-0.0001249965067312564,R3,6.123234262925839e-17,1.0,76.01303100585938,62.555118560791016,0.45724788556496304,5.5,1
0.06570626146555913,12.488300569841318,0,11,10.294750213623047,-7.05853271484375,26.613569259643555,65.56366729736328,1,16,0.0,0,1.0,6,0.8247559252639167,3.6307974647609487,5,31,0.4594627802268761,1,0,0,1.558071772257487,0.45865046232938766,41,before_event,0.06489394356807071,12,-0.0008123178974884238,R1,1.0,0.0,28.318819046020508,72.62220001220703,0.39375651876131695,1.8027756214141846,1
0.10606405977242456,12.73902504827699,0,9,8.977203369140625,-9.010635375976562,44.47840881347656,48.2176513671875,1,33,0.0,0,1.0,25,0.7084197788055369,4.730921717442399,5,31,0.5915118862572637,1,0,0,2.23543872833252,0.5400399565696716,41,before_event,0.05459213008483249,12,-0.051471929687592066,R1,-1.8369701465288538e-16,-1.0,35.50120544433594,45.22828674316406,0.48544782648483914,1.1180340051651,1
0.10261684123700249,12.54294195671321,0,9,9.02935791015625,-8.65964126586914,45.5462646484375,47.448326110839844,1,34,0.0,0,1.0,26,0.6921764155969894,4.813712204276071,5,31,0.5822869361840227,1,0,0,2.2298410415649417,0.5458905100822449,41,before_event,0.06622041513522464,12,-0.036396426101777846,R1,-1.8369701465288538e-16,-1.0,36.51690673828125,44.107967376708984,0.47967009494702023,1.0,1
0.11090437603792641,12.992444195505293,1,8,11.432861328125,-6.134243011474609,73.05463409423828,34.890228271484375,1,55,2.5495097637176514,1,1.0,48,0.4727899930208393,6.424901228746061,5,31,0.4946225847582131,0,0,0,2.850545883178711,0.45227441812554997,41,post_opening,0.0685562094052633,12,-0.04234816663266311,R1,-1.8369701465288538e-16,-1.0,61.62177276611328,29.024471282958984,0.38371820872028667,1.5,1
0.09461735056404724,13.148286754273894,1,8,11.454082489013672,-6.42938232421875,74.47488403320312,34.0001106262207,1,56,3.041381359100342,1,1.0,49,0.48947803947836915,6.368433617359455,5,31,0.5224855330245143,0,0,0,2.865093231201172,0.5026967277129492,41,post_opening,0.07482854525248211,12,-0.019788805311565127,R1,-1.8369701465288538e-16,-1.0,63.02080154418945,28.429492950439453,0.42786818246046704,2.0,1
0.01331286245379204,12.980879085500307,0,17,12.698038101196289,2.5656204223632812,22.69803810119629,52.56562042236328,1,16,0.5,0,1.0,0,0.9801926225819013,1.329442114419547,6,30,0.4458501426995461,0,0,1,0.4049513075086806,0.5276415475777217,40,before_event,0.06847854242438361,12,0.08179140487817566,R1,1.0,0.0,22.0,50.0,0.45916300515333813,1.0,1
0.014359210773138953,12.851513663372296,0,16,12.569120407104492,2.5548667907714844,22.69803810119629,52.56562042236328,1,16,0.5,0,1.0,1,0.9799604783870044,1.3087438974422925,6,30,0.4448037943801992,0,0,1,0.42339515686035156,0.5392172187566757,40,before_event,0.08005421360333759,12,0.09441342437647654,R1,1.0,0.0,22.128917694091797,50.0107536315918,0.45916300515333813,1.0,1
0.016404427052473358,12.60595635493314,0,15,12.32441234588623,2.5344619750976562,22.69803810119629,52.56562042236328,1,16,0.5,0,1.0,2,0.9795028080801863,1.2775699838573213,6,30,0.4427585781008648,0,0,1,0.4396549463272095,0.5392172187566757,40,before_event,0.08005421360333759,12,0.09645864065581095,R1,1.0,0.0,22.373626708984375,50.031158447265625,0.45916300515333813,1.0,1
0.002640262628389123,12.257433916807786,0,14,11.977094650268555,2.5055084228515625,22.69803810119629,52.56562042236328,1,16,0.5,0,1.0,3,0.9788123382258809,1.252806560489931,6,30,0.43971456128834957,0,0,1,0.4544884999593099,0.5467013418674469,40,before_event,0.10962704320748645,12,0.10698678057909733,R1,1.0,0.0,22.720943450927734,50.06011199951172,0.43707429865996045,1.0,1
0.0039111338994998746,13.06046634060386,0,14,12.705836296081543,2.8902206420898438,23.87451171875,52.99750900268555,1,17,0.5,0,1.0,4,0.97509086860086,1.48758038296298,6,30,0.4331631647604606,0,0,1,0.5288135528564453,0.5467013418674469,40,before_event,0.10962704320748645,12,0.11353817710698633,R1,1.0,0.0,23.16867446899414,50.1072883605957,0.43707429865996045,1.0,1
0.014250160879032137,12.522540121115917,0,13,12.171639442443848,2.8269882202148438,23.87451171875,52.99750900268555,1,17,0.5,0,1.0,5,0.974072002726166,1.416096939483715,6,30,0.42815032762898636,0,0,1,0.5349697385515485,0.5456489721934,40,before_event,0.1317488054434458,12,0.11749864456441367,R1,1.0,0.0,23.70287322998047,50.1705207824707,0.4139001667499542,1.0,1
0.008303329168502627,13.194895887511208,0,13,12.754192352294922,3.2287216186523438,25.074872970581055,53.48715591430664,1,18,0.5,0,1.0,6,0.9694197712020791,1.6578185512152075,6,30,0.42220349591845685,0,0,1,0.6094642366681781,0.5456489721934,40,before_event,0.1317488054434458,12,0.12344547627494318,R1,1.0,0.0,24.320680618286133,50.2584342956543,0.4139001667499542,1.0,1
0.025101146828232113,12.49911025996603,0,12,12.067054748535156,3.1193618774414062,25.074872970581055,53.48715591430664,1,18,0.5,0,1.0,7,0.9681746816829873,1.560041254401297,6,30,0.41510122689713824,0,0,1,0.6016662304217999,0.5435790419578552,40,before_event,0.1535789618889491,12,0.12847781506071698,R1,1.0,0.0,25.0078182220459,50.367794036865234,0.39000008006890613,1.0,1
0.04755077894323356,13.072267659541975,0,12,12.533674240112305,3.5393943786621094,26.29492950439453,54.0347785949707,1,19,0.5,0,1.0,8,0.9623642604477182,1.7897011456011578,6,30,0.4141097107111741,0,0,1,0.6789090083195612,0.5375070571899414,40,before_event,0.17094812542200089,12,0.12339734647876732,R1,1.0,0.0,25.761255264282227,50.495384216308594,0.3665589317679405,1.0,1
0.015581707450684268,13.218356106124162,0,10,13.14963150024414,1.1329193115234375,52.29053497314453,75.6363754272461,1,33,0.5,0,1.0,24,0.9963091090988382,0.807025209144103,7,24,0.2586653738787409,0,0,1,0.37535962191495026,0.5244241803884506,34,pre_opening,0.25017709905902547,12,0.26575880650970973,R1,1.0,0.0,51.14090347290039,74.50345611572266,0.27424708132942516,1.0,1
0.02803553417201432,12.540418654510518,1,9,12.539653778076172,0.037525177001953125,72.31079864501953,50.3660888671875,1,47,1.5,1,1.0,39,0.9999955224391677,0.2704765340486503,8,24,0.7523665400855184,0,0,1,0.013137435913085938,0.8420076618591944,34,post_opening,0.06160558760166168,12,0.089641121773676,R2,1.0,0.0,71.77114868164062,50.32856369018555,0.7804020742575327,1.5,1
0.03516996949788098,12.51313279873994,1,9,12.512557983398438,0.06795501708984375,73.67481231689453,50.37260055541992,1,48,2.5,1,1.0,40,0.9999852527431854,0.25852155166114965,8,24,0.7061192959559345,0,0,1,0.013983535766601562,0.8082088430722555,34,post_opening,0.06691957761844003,12,0.10208954711632101,R2,1.0,0.0,73.1622543334961,50.30464553833008,0.7412892654538155,2.0,1
0.010708950857324595,12.450271196162083,1,9,12.44976806640625,0.0840911865234375,75.00186157226562,50.374488830566406,1,49,3.0,1,1.0,41,0.9999771895641474,0.22878081279345547,8,24,0.6621108150482146,0,0,1,0.01967792510986328,0.7413939833641052,34,post_opening,0.06857421745856607,12,0.07928316831589066,R2,1.0,0.0,74.55209350585938,50.29039764404297,0.6728197659055392,3.0,1
0.021563594818216347,12.333838640610693,1,9,12.333343505859375,0.08707809448242188,76.28057098388672,50.37216567993164,1,50,3.5,1,1.0,42,0.9999750764474109,0.1722646854678207,8,24,0.6179217271207752,0,0,1,0.025644302368164062,0.7076215247313181,34,post_opening,0.06813620279232657,12,0.08969979761054292,R2,1.0,0.0,75.94722747802734,50.28508758544922,0.6394853219389915,3.5,1
0.03060413565184794,10.938068519869452,1,8,10.937576293945312,0.084228515625,76.28057098388672,50.37216567993164,0,50,4.5,1,1.0,43,0.9999703498570158,0.5328786386296996,8,24,0.5755507109965272,0,0,1,0.02706887986924913,0.6703385760386785,34,post_opening,0.06418372939030337,12,0.09478786504215131,R2,1.0,0.0,77.3429946899414,50.28793716430664,0.6061548466483752,4.0,1
0.17728088156139243,12.309237089291646,1,9,12.182548522949219,1.6169013977050781,66.64429473876953,61.072322845458984,1,45,1.5,1,1.0,37,0.9913070154295042,0.813586825902985,9,22,0.49927944088225173,0,0,1,0.31690101623535155,0.74044111246864,32,post_opening,0.0638807900249958,12,0.24116167158638824,R2,1.0,0.0,66.46174621582031,59.455421447753906,0.6765603224436442,1.0,1
0.09201051001158783,13.556224382685468,1,9,12.581718444824219,-4.8186492919921875,80.40930938720703,43.521873474121094,1,59,7.0,1,1.0,51,0.3576549579480837,7.243470111352608,11,30,0.5501556193273011,0,0,0,3.1437541961669924,0.5501245856285095,40,post_opening,0.0919794763127963,12,-3.103369879153828e-05,R1,-1.8369701465288538e-16,-1.0,67.82759094238281,36.34052276611328,0.45814510931571323,4.609772205352783,1
0.09248609095811844,12.143084304773998,1,8,11.190711975097656,-4.56951904296875,80.40930938720703,43.521873474121094,1,59,8.0,1,1.0,52,0.3780304193647156,6.716473810013669,11,30,0.550000011920929,0,0,1,2.7975569831000433,0.5500014026959738,40,post_opening,0.09248748173316323,12,1.390775044796122e-06,R1,-1.8369701465288538e-16,-1.0,69.21859741210938,36.091392517089844,0.4575139209628105,5.0,1
0.09250000367561978,12.300572008636617,1,8,11.161979675292969,-5.062568664550781,81.7691879272461,42.71541213989258,1,60,8.5,1,1.0,53,0.4130550413356509,6.571106143674101,11,30,0.550000011920929,0,0,0,2.800506591796875,0.5499999274810156,40,post_opening,0.09249991923570638,12,-8.443991339479595e-08,R1,-1.8369701465288538e-16,-1.0,70.60720825195312,35.77798080444336,0.4575000082453092,5.830951690673828,1
0.12333333740631741,12.41211879912816,1,8,11.090507507324219,-5.498050689697266,83.09083557128906,41.89005661010742,1,61,9.0,1,1.0,54,0.4441603524032381,6.42796043865706,11,30,0.550000011920929,0,0,0,2.7974815368652344,0.5499985565741857,40,post_opening,0.12333188205957418,12,-1.4553467432287803e-06,R1,-1.8369701465288538e-16,-1.0,72.00032806396484,35.38810729980469,0.42666667451461154,6.041522979736328,1
0.12332783763607341,12.45183986311645,1,8,10.96026611328125,-5.855140686035156,84.36398315429688,41.056331634521484,1,62,10.0,1,1.0,55,0.4711936992681835,6.282649307067079,11,30,0.550000011920929,0,0,0,2.782656775580512,0.5499985565741857,40,post_opening,0.12332638228933018,12,-1.4553467432287803e-06,R1,-1.8369701465288538e-16,-1.0,73.40371704101562,34.91147232055664,0.42667217428485554,6.5,1
0.14695024366180104,12.40787010426655,1,8,10.766304016113281,-6.1261138916015625,85.57865905761719,40.22442626953125,1,63,10.5,1,1.0,56,0.4945521902545759,6.132206784303126,11,30,0.550000011920929,0,0,0,2.7547234429253473,0.550000011920929,40,post_opening,0.14695024366180104,12,0.0,R1,-1.8369701465288538e-16,-1.0,74.8123550415039,34.35054016113281,0.4030497682591279,7.211102485656738,1
0.13054426014423381,12.274850902703541,1,8,10.505020141601562,-6.315486907958984,86.72669982910156,39.40355682373047,1,64,11.335783958435059,1,1.0,57,0.5152439038899286,5.9722093330073465,11,30,0.5500000119209291,0,0,0,2.711969163682726,0.550000011920929,40,post_opening,0.1305442601442337,12,-1.1102230246251565e-16,R1,-1.8369701465288538e-16,-1.0,76.2216796875,33.71904373168945,0.41945575177669525,7.632168769836426,1
0.14683251952131587,12.051017482831835,1,8,10.174797058105469,-6.428611755371094,87.80143737792969,38.60200500488281,1,65,11.401754379272461,1,1.0,58,0.5341369658795758,5.800147889192586,11,30,0.550000011920929,0,0,0,2.652808719211155,0.550000011920929,40,post_opening,0.14683251952131587,12,0.0,R1,-1.8369701465288538e-16,-1.0,77.62664031982422,33.030616760253906,0.4031674923996131,8.276473045349121,1
0.1545281956593197,10.473574241129581,1,7,8.777870178222656,-5.69586181640625,87.80143737792969,38.60200500488281,0,65,11.800423622131348,1,1.0,59,0.5443329044906865,5.403544279072194,11,30,0.5500000119209291,0,0,0,2.285946369171143,0.550000011920929,40,post_opening,0.15452819565931958,12,-1.1102230246251565e-16,R1,-1.8369701465288538e-16,-1.0,79.02356719970703,32.29786682128906,0.3954718162616094,8.5440034866333,1
0.13336560875177395,8.885352882166595,1,6,7.392127990722656,-4.919868469238281,87.80143737792969,38.60200500488281,0,65,12.349088668823242,1,1.0,60,0.554059401074661,5.117905302077005,11,30,0.5500000119209291,0,0,0,1.9196390424455918,0.550000011920929,40,post_opening,0.13336560875177383,12,-1.1102230246251565e-16,R1,-1.8369701465288538e-16,-1.0,80.40930938720703,31.521873474121094,0.4166344031691551,9.013877868652344,1
0.02964461695199505,12.752080693215412,1,9,12.566658020019531,2.0204124450683594,80.97486114501953,53.411983489990234,1,56,6.0,1,1.0,48,0.9873208796524038,1.0491863228044342,12,29,0.5007394840216111,0,0,1,0.40454730987548826,0.598705473045508,39,post_opening,0.06832137207190192,12,0.09796598902389697,R2,1.0,0.0,80.408203125,51.391571044921875,0.5303841009736061,5.5,1
0.016524168632789715,12.754649984829841,1,9,12.524208068847656,2.313079833984375,82.32406616210938,53.76933288574219,1,57,6.5,1,1.0,49,0.9833693047750921,1.1858680805458688,12,29,0.4276595031543218,0,0,1,0.49109439849853515,0.5244911313056946,39,post_opening,0.11335579678416252,12,0.0968316281513728,R2,1.0,0.0,81.79985809326172,51.45625305175781,0.41113533452153206,6.5,1
0.00983129179069292,12.713892430276694,1,9,12.43707275390625,2.5648765563964844,83.63175201416016,54.139549255371094,1,58,7.5,1,1.0,50,0.9793900665408735,1.3009250883274834,12,29,0.37966346009980745,0,0,1,0.5660493850708008,0.4842637578646342,39,post_opening,0.09476900597413385,12,0.10460029776482677,R2,1.0,0.0,83.1946792602539,51.57467269897461,0.38949475189050037,7.0,1
0.27770102552622616,12.985217150028703,0,10,8.731369018554688,-9.230396270751953,74.89083099365234,41.90177536010742,1,62,0.0,0,1.0,53,0.7264718318942477,4.580052121844284,22,33,0.6726180231278147,1,0,0,2.457796616987749,0.500347145579078,43,post_opening,0.10543014797748945,12,-0.1722708775487367,R3,-1.8369701465288538e-16,-1.0,66.15946197509766,39.132171630859375,0.39491699760158855,1.0,1
0.3578035076501871,12.936676409692753,0,10,8.044952392578125,-9.795963287353516,75.39825439453125,40.70059585571289,1,63,0.0,0,1.0,54,0.772793257050982,4.170702483681317,22,33,0.6773510565403009,1,0,0,2.280821713534269,0.48691708147525786,43,post_opening,0.16736953258514403,12,-0.19043397506504306,R3,-1.8369701465288538e-16,-1.0,67.35330200195312,38.496559143066406,0.31954754889011383,1.5,1
0.3505142187683072,12.895429122931066,0,10,7.372337341308594,-10.296710968017578,75.85900115966797,39.48814010620117,1,64,0.0,0,1.0,55,0.813077724792898,3.783270787312371,22,33,0.6857053133952902,1,0,0,2.100763494318182,0.5220472179353237,43,post_opening,0.18685612330834073,12,-0.16365809545996646,R3,-1.8369701465288538e-16,-1.0,68.48666381835938,37.78485107421875,0.335191094626983,2.0,1
0.32533738233032894,12.890379924377049,0,10,6.7379913330078125,-10.758289337158203,76.29067993164062,38.242652893066406,1,65,0.0,0,1.0,56,0.8475001158170704,3.4257251996439897,22,33,0.6934133789676733,1,0,0,1.922479109330611,0.5478065212567648,43,post_opening,0.1797305246194204,12,-0.14560685771090853,R3,-1.8369701465288538e-16,-1.0,69.55268859863281,37.00094223022461,0.36807599663734436,1.0,1
0.22813757373442894,12.647482989660658,0,10,8.829658508300781,-8.748504638671875,75.25523376464844,41.455787658691406,1,57,0.0,0,1.0,48,0.7038347497441446,4.704654383106869,23,26,0.670573804413782,1,0,0,2.4501058405095884,0.618649442990621,36,post_opening,0.1762132123112679,12,-0.051924361423161036,R1,-1.8369701465288538e-16,-1.0,66.42557525634766,38.20429229736328,0.44243623067935306,1.0,1
0.3152396833710396,12.477523807908481,0,10,8.196273803710938,-9.154006958007812,75.77436828613281,40.455474853515625,1,58,0.0,0,1.0,49,0.7450048190993315,4.338161495969984,23,26,0.6748309998028004,1,0,0,2.2987913651899863,0.5757067799568176,36,post_opening,0.21611546352505684,12,-0.09912421984598274,R1,-1.8369701465288538e-16,-1.0,67.57809448242188,37.60948181152344,0.3595913164317608,2.0,1
0.30389277996323555,12.25605539032071,0,10,7.535255432128906,-9.460334777832031,76.21776580810547,39.484256744384766,1,59,0.0,0,1.0,50,0.7821985124983866,3.9758638642475446,23,26,0.6838651173979248,1,0,0,2.1392957513982602,0.5505126714706421,36,post_opening,0.17054033403595287,12,-0.13335244592728268,R1,-1.8369701465288538e-16,-1.0,68.68251037597656,36.9445915222168,0.3799723374346892,1.5,1
0.23996050033705352,10.964685616354132,0,9,6.486900329589844,-8.706287384033203,76.21776580810547,39.484256744384766,0,59,0.0,0,1.0,51,0.801888887661429,3.637596001572043,23,26,0.6989769873394263,1,0,0,1.829047775268555,0.5618443489074707,36,post_opening,0.10282786190509796,12,-0.13713263843195556,R1,-1.8369701465288538e-16,-1.0,69.73086547851562,36.19054412841797,0.45901648700237274,1.0,1
0.0010347324776624478,12.117100998936756,1,9,12.104911804199219,0.07339859008789062,48.691741943359375,53.821102142333984,1,36,1.0,1,1.0,28,0.9999816172616754,0.06401921525453395,24,27,0.4417268501551971,0,0,1,0.087127685546875,0.5147774914900461,37,pre_opening,0.07201590885718662,12,0.07305064133484906,R1,1.0,0.0,48.586830139160156,53.747703552246094,0.44276158263285953,1.0,1
0.06935215693464541,12.172180041810766,0,9,12.16265869140625,-0.11307525634765625,50.062255859375,53.74605941772461,1,37,0.0,0,1.0,29,0.9999567864470273,0.09905031989862759,24,27,0.4909303531224595,1,1,1,0.04644069671630859,0.5171334991852442,37,pre_opening,0.09555530299743015,12,0.026203146062784732,R1,1.0,0.0,49.89959716796875,53.859134674072266,0.42157819618781406,1.5,1
0.139454057554653,12.21605318342258,0,9,12.207382202148438,-0.2556343078613281,51.43428421020508,53.68224334716797,1,38,0.0,0,1.0,30,0.9997808101751068,0.1645875732882617,24,27,0.5390156042975691,1,1,0,0.043921279907226565,0.5133270050088564,37,pre_opening,0.11376545826594031,12,-0.0256885992887127,R1,1.0,0.0,51.22690200805664,53.9378776550293,0.3995615467429161,2.0,1
0.21743272593040291,12.253638026436466,0,9,12.245231628417969,-0.34998321533203125,52.804176330566406,53.638526916503906,1,39,0.0,0,1.0,31,0.9995918080346103,0.21367428635113986,24,27,0.5855570743522944,1,1,0,0.06254749298095703,0.5009843384226164,37,pre_opening,0.13285999000072485,12,-0.08457273592967807,R1,1.0,0.0,52.55894470214844,53.98851013183594,0.3681243484218915,3.0,1
0.27108171243669005,12.285034118373659,0,9,12.276847839355469,-0.3779716491699219,54.17913818359375,53.635093688964844,1,40,0.0,0,1.0,32,0.9995264060944407,0.2342580274675886,24,27,0.6314376360098661,1,1,0,0.08718013763427734,0.48582356919844943,37,pre_opening,0.12546764562527335,12,-0.1456140668114167,R1,1.0,0.0,53.90229034423828,54.013065338134766,0.3603559235731761,3.5,1
0.3235638730159375,12.322250438244033,0,9,12.3133544921875,-0.3342247009277344,55.56524658203125,53.67945861816406,1,41,0.0,0,1.0,33,0.9996318248863565,0.22907268960109556,24,27,0.6772073574295613,1,1,0,0.104107666015625,0.47437669585148495,37,pre_opening,0.12073321143786114,12,-0.20283066157807633,R1,1.0,0.0,55.25189208984375,54.0136833190918,0.3536434844136238,4.0,1
0.43766072984049414,12.415338921004462,0,9,12.391910552978516,0.012332916259765625,58.35564422607422,53.964256286621094,1,43,0.0,0,1.0,35,0.9999995047497457,0.19605227769615194,24,27,0.7992199147294928,1,1,0,0.08716468811035157,0.4519331604242325,37,pre_opening,0.0903739755352338,12,-0.34728675430526035,R1,1.0,0.0,57.9637336730957,53.95192337036133,0.3615591848889987,5.315073013305664,1
0.49226528810274867,12.46572776837086,0,9,12.421825408935547,0.3171653747558594,59.74973678588867,54.21119689941406,1,44,0.0,0,1.0,36,0.9996741944960317,0.26387996824677035,24,27,0.8748666510662662,1,1,0,0.08276081085205078,0.45876725514729816,37,pre_opening,0.07616589218378067,12,-0.416099395918968,R1,1.0,0.0,59.327911376953125,53.8940315246582,0.3826013629635175,5.7008771896362305,1
0.23021633381116252,12.011573697947552,1,8,11.295631408691406,3.7999801635742188,68.25507354736328,57.587890625,1,50,3.0,1,1.0,43,0.318852294013421,6.97910478211196,24,27,0.7133059956577208,0,0,1,2.816592534383138,0.7224535296360651,37,post_opening,0.23936386778950686,12,0.009147533978344335,R1,6.123234262925839e-17,1.0,56.959442138671875,65.78791046142578,0.48308966184655827,2.5,1
0.20182005049238605,12.238405153291001,1,8,11.296417236328125,4.4714508056640625,69.65206146240234,58.435707092285156,1,51,4.0,1,1.0,44,0.3680450578172148,6.7876375740891515,24,27,0.6642830084408323,0,0,1,2.823637008666992,0.6789409269889196,37,post_opening,0.21647796904047334,12,0.01465791854808729,R1,6.123234262925839e-17,1.0,58.35564422607422,65.9642562866211,0.4624629579484463,3.0,1
0.21396419231577118,12.480723917950254,1,8,11.283702850341797,5.141643524169922,71.03343963623047,59.352840423583984,1,52,4.5,1,1.0,45,0.4146507637848815,6.602253470679007,24,27,0.6166890258539061,0,0,1,2.8309126959906683,0.6369931250810623,37,post_opening,0.23426829154292744,12,0.020304099227156258,R1,6.123234262925839e-17,1.0,59.74973678588867,66.21119689941406,0.4027248335381349,4.0,1
0.20710616123421677,12.709906601077424,1,8,11.237159729003906,5.781864166259766,72.39665985107422,60.3339729309082,1,53,4.609772205352783,1,1.0,46,0.4575203115119877,6.421428424073406,24,27,0.5701995001409818,0,0,1,2.828637864854601,0.5873251656691233,37,post_opening,0.2242318267623583,12,0.017125665528141543,R1,6.123234262925839e-17,1.0,61.15950012207031,66.55210876464844,0.363093338906765,4.5,1
0.191811772086048,12.92367191307445,1,8,11.160285949707031,6.387889862060547,73.7393569946289,61.37343215942383,1,54,3.535533905029297,1,1.0,47,0.4967592589814774,6.245953943946252,24,27,0.5428067042408624,0,0,1,2.8177333407931857,0.5540864616632462,37,post_opening,0.20309152950843173,12,0.01127975742238374,R1,6.123234262925839e-17,1.0,62.579071044921875,66.98554229736328,0.3509949321548144,5.5,1
0.172681186619915,13.10539655609358,1,8,11.046363830566406,6.9459686279296875,75.04942321777344,62.45515823364258,1,55,3.0,1,1.0,48,0.5323110620840107,6.073823927887848,24,27,0.5448807120556806,0,0,0,2.7985365125868054,0.5448253254095713,37,post_opening,0.17262579997380573,12,-5.53866461092678e-05,R1,6.123234262925839e-17,1.0,64.00305938720703,67.50918579101562,0.37219952543576557,6.0,1
0.11086775576478952,13.239033331624372,1,8,10.888885498046875,7.443538665771484,76.31555938720703,63.563602447509766,1,56,2.692582368850708,1,1.0,49,0.5643352200463078,5.9018888349386724,24,27,0.5494349967977078,0,0,0,2.770757039388021,0.5487790753444036,37,post_opening,0.11021183431148535,12,-0.0006559214533041757,R1,6.123234262925839e-17,1.0,65.42667388916016,68.12006378173828,0.4385672410329183,6.5,1
0.1798177692059324,12.079500577802257,1,8,11.029232025146484,4.756248474121094,67.7238540649414,56.626338958740234,1,43,1.5,1,1.0,36,0.39598866294939056,6.597649112244258,26,21,0.8300966764751718,0,0,0,2.7782084147135415,0.7642113566398621,31,post_opening,0.11393244937062263,12,-0.06588531983530976,R1,6.123234262925839e-17,1.0,56.69462203979492,63.87009048461914,0.6502789072692394,1.0,1
0.14825164198584162,12.168016632435215,1,8,10.901512145996094,5.2689361572265625,68.98455810546875,57.466590881347656,1,44,2.0,1,1.0,37,0.43516008784986066,6.40605548533558,26,21,0.781152536915807,0,0,0,2.766770680745443,0.7251393894354502,31,post_opening,0.09223849450548482,12,-0.056013147480356795,R1,6.123234262925839e-17,1.0,58.083045959472656,64.1976547241211,0.6329008949299654,1.5,1
0.15438446176546805,12.195146522258673,1,8,10.711944580078125,5.7216949462890625,70.18473052978516,58.32268524169922,1,45,3.0,1,1.0,38,0.47114317963694835,6.2081170864062605,26,21,0.7331738138943711,0,0,0,2.7442164950900607,0.6946543604135513,31,post_opening,0.1158650082846483,12,-0.038519453480819754,R1,6.123234262925839e-17,1.0,59.47278594970703,64.60099029541016,0.578789352128903,2.0,1
0.15606230532535814,12.13589627344563,1,8,10.445606231689453,6.093227386474609,71.3167495727539,59.18386459350586,1,46,3.5,1,1.0,39,0.5038683777075519,6.0000135886388435,26,21,0.685234255198726,0,0,0,2.7030357784695096,0.6627606203158697,31,post_opening,0.13358867044250178,12,-0.022473634882856364,R1,6.123234262925839e-17,1.0,60.87114334106445,65.09063720703125,0.5291719498733679,3.0,1
0.14669780347631417,13.273892472085949,1,9,11.080245971679688,7.218898773193359,73.3531265258789,60.883182525634766,1,48,4.031128883361816,1,1.0,40,0.5458778571007611,6.033878929301944,26,21,0.6280032934137786,0,0,1,2.931138801574707,0.6300202955802282,31,post_opening,0.1487148056427638,12,0.002017002166449622,R1,6.123234262925839e-17,1.0,62.27288055419922,65.6642837524414,0.4813054899374644,3.5,1
0.1036898786795854,11.728384605490197,1,8,9.680126190185547,6.564483642578125,73.3531265258789,60.883182525634766,1,48,4.031128883361816,1,1.0,41,0.5612570713921968,5.550892713339736,26,21,0.5859932695798794,0,0,1,2.556760999891493,0.5868720263242722,31,post_opening,0.10456863542397815,12,0.0008787567443927502,R1,6.123234262925839e-17,1.0,63.67300033569336,66.31869506835938,0.482303390900294,4.5,1
0.06158546154921807,13.325152176954486,1,9,12.520149230957031,-4.267799377441406,80.54011535644531,52.40226364135742,1,53,3.3541018962860107,1,1.0,45,0.32264457989609724,7.35766714443052,29,27,0.626733209145323,0,0,0,3.130327606201172,0.6265244881312052,37,post_opening,0.06137674053510023,12,-0.00020872101411784083,R1,-1.8369701465288538e-16,-1.0,68.01996612548828,44.67006301879883,0.565147747596105,1.5811388492584229,1
0.09222022479944852,13.492698868309708,1,9,12.4830322265625,-4.879207611083984,81.89082336425781,51.60683822631836,1,54,3.1622776985168457,1,1.0,46,0.36404621987533625,7.185606756138311,29,27,0.5845772416509531,0,0,1,3.1299579620361326,0.5931928555170695,37,post_opening,0.10083583866556484,12,0.008615613866116312,R1,-1.8369701465288538e-16,-1.0,69.40779113769531,44.486045837402344,0.4923570168515046,1.0,1
0.13637195417946069,12.706591160660999,1,7,9.725570678710938,-8.17689323425293,66.69963836669922,31.55457878112793,1,46,1.0,1,1.0,40,0.7654174259488206,4.243660321641883,31,29,0.7642318297392675,0,0,1,2.058158278465271,0.8336587349573771,39,post_opening,0.20579885939757026,12,0.06942690521810957,R1,1.0,0.0,68.97406768798828,39.73147201538086,0.6278598755598068,1.1180340051651,1
0.1031976732892953,12.644403518604081,1,7,9.708328247070312,-8.099769592285156,68.07682800292969,30.458778381347656,1,47,1.0,1,1.0,41,0.7678517767272413,4.208860501112001,31,29,0.7073512492858531,0,0,1,2.0512396097183228,0.7649875481923422,39,post_opening,0.16083397219578432,12,0.057636298906489025,R1,1.0,0.0,70.36849975585938,38.55854797363281,0.6041535759965578,1.0,1
0.2718132421889141,12.054721104647331,0,7,7.0532379150390625,-9.775299072265625,63.83671569824219,48.448692321777344,1,84,0.0,0,1.0,78,0.8109429758029212,3.697886535036154,32,44,0.6244605541744068,1,0,0,1.7667140960693364,0.5050706639885902,54,post_opening,0.15242335200309753,12,-0.11938989018581658,R3,-1.8369701465288538e-16,-1.0,56.783477783203125,46.22399139404297,0.3526473119854927,1.0,1
0.010201716945369865,12.77832785082402,0,8,9.180068969726562,-8.87127685546875,59.479156494140625,58.78710174560547,1,79,0.5,0,1.0,72,0.7190975709878674,4.654341093588719,34,42,0.3764977733037871,0,0,1,2.292289310031467,0.4721701443195343,52,post_opening,0.08547065407037735,12,0.09567237101574722,R3,1.0,0.0,62.29908752441406,67.65837860107422,0.38669949024915695,1.0,1
0.03889223926522317,13.273926749907618,0,8,10.132514953613281,-8.56142807006836,74.54325103759766,52.950679779052734,1,64,0.5,0,1.0,57,0.7638410311383176,4.381368250827372,39,30,0.3598373756482404,0,0,1,2.214719984266493,0.5336785435676574,40,post_opening,0.13494892865419383,12,0.173841167919417,R3,1.0,0.0,76.41073608398438,61.512107849121094,0.3987296149134636,2.5,1
0.039635502462650185,13.069707700888328,0,8,10.093551635742188,-8.28738021850586,75.75799560546875,52.06822204589844,1,65,0.5,0,1.0,58,0.7728671270134551,4.251917692396677,39,30,0.3153119180749504,0,0,1,2.1611275143093533,0.5299185514450073,40,post_opening,0.2542421358327071,12,0.21460663337005692,R3,1.0,0.0,77.66444396972656,60.3556022644043,0.2756764156123002,1.5,1
0.021937676933043715,12.801962830303916,0,8,10.0140380859375,-7.960391998291016,76.92716979980469,51.24542999267578,1,66,0.5,0,1.0,59,0.7828036227257102,4.102191045361077,39,30,0.27215113855067247,0,0,1,2.0923580593532987,0.4924507141113281,40,post_opening,0.24223725249369937,12,0.22029957556065566,R3,1.0,0.0,78.91313171386719,59.2058219909668,0.25021346161762875,1.0,1
0.0013738890145530425,12.291137083645857,1,9,12.286861419677734,0.2814979553222656,67.1133804321289,57.10862350463867,1,44,1.0,1,1.0,36,0.9997376581075629,0.20095296986219618,41,21,0.7544842864419709,0,0,1,0.05194358825683594,0.8386779129505157,31,post_opening,0.08281973749399185,12,0.0841936265085449,R1,1.0,0.0,66.82652282714844,56.827125549316406,0.7558581754565239,1.0,1
0.01768885232444095,12.201935051656804,1,9,12.196235656738281,0.34848785400390625,68.38024139404297,57.169036865234375,1,45,1.4142135381698608,1,1.0,37,0.999592030355355,0.19997013362234398,41,21,0.6779793160415144,0,0,1,0.07166976928710937,0.7772180115183195,31,post_opening,0.08154984315236413,12,0.09923869547680508,R1,1.0,0.0,68.18400573730469,56.82054901123047,0.6956681683659554,1.4142135381698608,1
0.5585293786876036,12.197613162614275,0,7,9.867443084716797,-7.167961120605469,73.35018157958984,33.588348388671875,1,48,0.5,0,1.0,42,0.5877232177561263,5.493519654149462,44,27,0.2823654992230104,0,0,1,2.472645998001099,0.9010453820228577,37,post_opening,0.06015050411224365,12,0.6186798827998472,R1,-1.8369701465288538e-16,-1.0,63.48273849487305,28.756309509277344,0.840894877910614,1.0,1
0.05920103600453808,13.060409886402775,0,8,9.57403564453125,-8.881072998046875,60.0000114440918,44.989906311035156,1,46,0.5,0,1.0,39,0.733140974997725,4.603226060347303,45,26,0.7581233472708014,0,0,1,2.202388127644857,0.8084387345747515,36,post_opening,0.1095164233084881,12,0.05031538730395002,R1,1.0,0.0,62.42597579956055,53.87097930908203,0.6989223112662634,1.4142135381698608,1
0.05810445835955702,13.079277242600007,0,8,9.531017303466797,-8.954662322998047,61.19283676147461,43.81670379638672,1,47,0.5,0,1.0,40,0.7287991346611078,4.644401276663687,45,26,0.7040699351903574,0,0,1,2.2111523946126304,0.7648191601037979,36,post_opening,0.1188536832729975,12,0.06074922491344048,R1,1.0,0.0,63.66181945800781,52.771366119384766,0.6459654768308004,2.5,1
0.034091176358093445,13.131151281317784,0,8,9.511611938476562,-9.051017761230469,62.394798278808594,42.62860870361328,1,48,0.5,0,1.0,41,0.7244292328452667,4.693426191462954,45,26,0.6543379170370396,0,0,1,2.2287690904405384,0.7518893554806709,36,post_opening,0.1316426148017248,12,0.09755143844363134,R1,1.0,0.0,64.88318634033203,51.67962646484375,0.6202467406789461,1.8027756214141846,1
0.027914131563623767,13.206837813973124,0,8,9.510509490966797,-9.161853790283203,63.59944534301758,41.42343521118164,1,49,0.5,0,1.0,42,0.7201845442198017,4.747028751468994,45,26,0.6118564803220033,0,0,1,2.251388761732313,0.722219760219256,36,post_opening,0.13827741146087646,12,0.1103632798972527,R1,1.0,0.0,66.08893585205078,50.585289001464844,0.5839423487583796,1.1180340051651,1
0.13196680250373527,9.590504849767523,1,6,7.42523193359375,-6.065801620483398,78.82848358154297,30.95941734313965,0,56,2.1213202476501465,1,1.0,51,0.6326510790497716,4.75259875423746,47,26,0.5500062994917934,0,0,1,1.9127077375139512,0.5500217427810034,36,post_opening,0.13198224579294526,12,1.544328920999316e-05,R2,-1.8369701465288538e-16,-1.0,71.40325164794922,25.025218963623047,0.4180394969880581,1.4142135381698608,1
0.17766291508239673,12.0847815904077,1,8,11.228694915771484,4.358451843261719,73.4451904296875,57.463558197021484,1,54,1.1180340051651,1,1.0,47,0.3618503019619971,6.791111643958804,52,27,0.4899277747587578,0,0,0,2.8115450541178384,0.45273340290242975,37,post_opening,0.14046854322606867,12,-0.03719437185632807,R1,6.123234262925839e-17,1.0,62.216495513916016,65.1051025390625,0.3122648596763611,1.5,1
0.1478818000144263,12.187265820368525,0,8,11.17523193359375,4.774021148681641,74.79363250732422,58.21649169921875,1,55,0.7071067690849304,0,1.0,48,0.39285092536805966,6.6539581126419,52,27,0.49821983434622485,0,0,0,2.8093223571777344,0.4566268391079373,37,post_opening,0.10628880477613872,12,-0.04159299523828758,R1,6.123234262925839e-17,1.0,63.61840057373047,65.44247436523438,0.35033803433179855,1.8027756214141846,1
0.11799835158130595,12.23880990271482,0,8,11.06903076171875,5.149845123291016,76.09540557861328,58.99151611328125,1,56,0.7071067690849304,0,1.0,49,0.4218289813655093,6.50861191233055,52,27,0.5076876455817726,0,0,0,2.7985021803114147,0.4747708924114704,37,post_opening,0.08508159841100377,12,-0.03291675317030218,R1,6.123234262925839e-17,1.0,65.02637481689453,65.8416748046875,0.38968929400046665,2.5,1
0.07878454900495974,12.228441905617359,0,8,10.903709411621094,5.476161956787109,77.3392562866211,59.77976989746094,1,57,0.7071067690849304,0,1.0,50,0.448806593663687,6.353174245489936,52,27,0.5115324246556835,0,0,0,2.777965121799045,0.48665793027196613,37,post_opening,0.053910054621242376,12,-0.02487449438371736,R1,6.123234262925839e-17,1.0,66.435546875,66.30360412597656,0.43274787565072376,2.5,1
0.12945552199527632,11.787788273699055,1,7,8.10430908203125,-8.559860229492188,77.74868774414062,30.223201751708984,1,57,1.5811388492584229,1,1.0,51,0.7261657873473887,4.402112769390505,54,26,0.5500311854426564,0,0,0,2.0646648406982426,0.5500087787707647,36,post_opening,0.12943311532338464,12,-2.240667189168377e-05,R3,-1.8369701465288538e-16,-1.0,69.64437866210938,26.783061981201172,0.42057566344738007,1.5,1
0.07901520192562933,10.033842236091902,1,6,6.903358459472656,-7.281562805175781,77.74868774414062,30.223201751708984,0,57,2.5,1,1.0,52,0.7257020606110245,4.1809092187427765,54,26,0.5500001054002781,0,0,1,1.7591416495186947,0.5500013629595438,36,post_opening,0.07901645948489505,12,1.257559265721575e-06,R3,-1.8369701465288538e-16,-1.0,70.84532928466797,25.504764556884766,0.4709849034746488,2.0,1
0.061646013210217177,13.39765000223566,1,9,10.604759216308594,7.8599395751953125,89.23475646972656,42.18230438232422,1,68,3.0,1,1.0,60,0.5954507057041825,5.692122151643358,59,37,0.550000011920929,0,0,1,2.795845794677734,0.5500000566244125,47,post_opening,0.06164605791370076,12,4.470348358154297e-08,R2,6.123234262925839e-17,1.0,78.62999725341797,46.322364807128906,0.4883539987107118,2.0,1
0.09107792874177295,13.496220822560085,1,9,10.1494140625,8.601726531982422,90.10553741455078,43.42227554321289,1,69,3.5,1,1.0,61,0.6465448008607156,5.351608832292981,59,37,0.550000011920929,0,0,0,2.706559753417969,0.550000011920929,47,post_opening,0.09107792874177295,12,0.0,R2,6.123234262925839e-17,1.0,79.95612335205078,46.82054901123047,0.458922083179156,2.5,1
0.0708507200082143,12.048477909614391,1,8,8.834762573242188,7.995384216308594,90.10553741455078,43.42227554321289,1,69,4.527692794799805,1,1.0,62,0.6710068882041264,4.8499994149626255,59,37,0.550000011920929,0,0,0,2.3499628702799478,0.550000011920929,47,post_opening,0.0708507200082143,12,0.0,R2,6.123234262925839e-17,1.0,81.2707748413086,47.4268913269043,0.47914929191271466,3.0,1
0.06449294428682734,12.048038593178592,0,7,9.298583984375,-7.654712677001953,69.96607971191406,55.771636962890625,1,62,0.7071067690849304,0,1.0,56,0.7720502016944346,4.058702830244217,65,33,0.5209125003780565,0,0,1,1.8625776767730713,0.559424638748169,43,post_opening,0.1030050826569398,12,0.03851213837011247,R1,1.0,0.0,72.66749572753906,63.42634963989258,0.45641955609122914,1.1180340051651,1
0.0572431200769834,12.178027512694808,1,7,9.301250457763672,-7.854724884033203,71.29704284667969,54.56329345703125,1,63,1.0,1,1.0,57,0.7640163267187853,4.152707896835532,65,33,0.47992043584856314,0,0,1,1.9123530387878418,0.5186752478281657,43,post_opening,0.09599793205658591,12,0.03875481197960251,R1,1.0,0.0,73.99578857421875,62.41801834106445,0.42267731577157974,1.1180340051651,1
0.035797562734314614,12.291333976150563,1,7,9.294666290283203,-8.037357330322266,72.61981201171875,53.34263229370117,1,64,1.1180340051651,1,1.0,58,0.756414427321851,4.240222988720283,65,33,0.4312371068060684,0,0,1,1.960550308227539,0.5186163385709127,43,post_opening,0.12317679449915891,12,0.0873792317648443,R1,1.0,0.0,75.32514953613281,61.37998962402344,0.3954395440717538,1.1180340051651,1
0.0005813382864045535,12.392370236809832,1,7,9.290725708007812,-8.197002410888672,73.94223022460938,52.12397766113281,1,65,1.1180340051651,1,1.0,59,0.749865753381563,4.3165673779452485,65,33,0.3826942424277512,0,0,1,2.0095462799072266,0.5402815767696926,43,post_opening,0.15816867262834594,12,0.1575873343419414,R1,1.0,0.0,76.65150451660156,60.320980072021484,0.38211290414134663,1.4142135381698608,1
0.01721327729832023,12.459355953458878,1,7,9.283538818359375,-8.30746078491211,75.26093292236328,50.920249938964844,1,66,1.1180340051651,1,1.0,60,0.7451959755372728,4.37015634858219,65,33,0.3375505844472757,0,0,1,2.050457239151001,0.5307321548461914,43,post_opening,0.17596829310059547,12,0.1931815703989157,R1,1.0,0.0,77.9773941040039,59.22771072387695,0.35476386174559593,1.5811388492584229,1
0.01202378755406519,12.487325340417534,1,7,9.27008056640625,-8.36551284790039,76.57270050048828,49.743133544921875,1,67,1.1180340051651,1,1.0,61,0.7423998737189127,4.399837080003626,65,33,0.29764086668097994,0,0,1,2.0837111473083496,0.5285678207874298,43,post_opening,0.21890316655238468,12,0.23092695410644987,R1,1.0,0.0,79.30261993408203,58.108646392822266,0.30966465423504513,1.8027756214141846,1
0.0017546165364231703,12.456800501282213,1,7,9.240135192871094,-8.353424072265625,77.87496185302734,48.60279846191406,1,68,1.1180340051651,1,1.0,62,0.7418032486167401,4.398765380329334,65,33,0.25042496637729345,0,0,1,2.1016147136688232,0.5126009285449982,43,post_opening,0.26042134563128155,12,0.2621759621677047,R1,1.0,0.0,80.63482666015625,56.95622253417969,0.2521795829137166,1.5811388492584229,1
0.07095163269074628,12.289064254978646,0,7,9.438751220703125,-7.867969512939453,73.96401977539062,51.363304138183594,1,71,0.7071067690849304,0,1.0,65,0.7681274775072853,4.13717716462549,66,36,0.4214660421334889,0,0,1,1.9388346672058105,0.518548846244812,46,post_opening,0.16803443680206936,12,0.09708280411132308,R1,1.0,0.0,76.5252685546875,59.23127365112305,0.35051440944274265,1.1180340051651,1
0.01524777460551785,12.266013860103936,1,9,12.115108489990234,-1.7074203491210938,63.6647834777832,70.78045654296875,1,76,1.5,1,1.0,68,0.9902144567773535,0.8556480311817222,67,43,0.39535171664301033,0,0,1,0.537356185913086,0.4804344152410825,53,post_opening,0.06983492399255431,12,0.08508269859807216,R3,1.0,0.0,63.54967498779297,72.48787689208984,0.4105994912485282,1.5,1
0.2236833233807592,12.84344739493356,1,7,8.659698486328125,-9.482158660888672,84.98805236816406,41.46467590332031,1,58,4.27200174331665,1,1.0,52,0.7384050144991335,4.509154657002007,70,27,0.5318160488381096,0,0,0,2.2016038894653325,0.4980691894888878,37,post_opening,0.18993646403153736,12,-0.033746859349221836,R3,-1.8369701465288538e-16,-1.0,76.32835388183594,38.946834564208984,0.30813272545735043,3.3541018962860107,1
0.18250559527435606,12.687836753205902,1,7,8.4749755859375,-9.439979553222656,86.08584594726562,40.18182373046875,1,59,5.0,1,1.0,53,0.7441169203539975,4.426593381770985,70,27,0.5354202936963112,0,0,0,2.170188903808594,0.5172157163421313,37,post_opening,0.16430101792017615,12,-0.018204577354179907,R3,-1.8369701465288538e-16,-1.0,77.61087036132812,37.621803283691406,0.3529146984219551,4.4721360206604,1
0.10420270344550986,12.439273772251857,1,7,8.236343383789062,-9.319988250732422,87.1229476928711,38.95256423950195,1,60,5.522680282592773,1,1.0,54,0.7493261054511234,4.330698999927671,70,27,0.5456677161746778,0,0,0,2.1268267631530766,0.5361675570408503,37,post_opening,0.09470254431168235,12,-0.009500159133827513,R3,-1.8369701465288538e-16,-1.0,78.88660430908203,36.272552490234375,0.44146501272916794,5.024937629699707,1
0.1089586003455204,12.644833309172338,0,11,9.333684921264648,8.522798538208008,33.71596145629883,37.2869987487793,1,17,0.0,0,1.0,7,0.6743012231949482,4.980175472582872,75,24,0.4531666545900387,1,0,1,2.1295858224232993,0.5474438667297363,34,before_event,0.20323581248521805,12,0.09427721213969764,R3,6.123234262925839e-17,1.0,24.38227653503418,40.764198303222656,0.3442080542445183,1.0,1
0.05469821207471215,10.761052773102008,1,8,10.673072814941406,1.1829757690429688,78.218017578125,62.347023010253906,0,52,1.0,1,1.0,45,0.9939135556545132,0.8888429873422987,76,24,0.4758502263551203,0,0,1,0.21505631340874565,0.760377049446106,34,post_opening,0.2298286110162735,12,0.28452682309098565,R2,1.0,0.0,79.5449447631836,61.16404724121094,0.5305484384298325,1.0,1
0.02795645822825832,12.563415968750101,0,16,11.676498413085938,-4.626384735107422,25.676498413085938,61.37361526489258,1,15,0.0,0,1.0,0,0.9296856551130636,2.318840712186312,77,29,0.38932641575478316,1,0,1,0.8844540539909812,0.4987398535013199,39,before_event,0.13736989597479504,12,0.10941343774653672,R2,1.0,0.0,26.0,66.0,0.36136995752652484,1.0,1
0.027153825248233843,12.426295772023648,0,15,11.54631233215332,-4.583332061767578,25.676498413085938,61.37361526489258,1,15,0.0,0,1.0,1,0.9294503553622582,2.302865893206919,77,29,0.3885237827747587,1,0,1,0.9182060956954956,0.4987398535013199,39,before_event,0.13736989597479504,12,0.1102160707265612,R2,1.0,0.0,26.130186080932617,65.95694732666016,0.36136995752652484,1.0,1
0.025601537879477998,12.16942257957573,0,14,11.30210018157959,-4.503681182861328,25.676498413085938,61.37361526489258,1,15,0.0,0,1.0,2,0.9289622237475967,2.278717129344552,77,29,0.38697149540600284,1,0,1,0.9395943959554036,0.5282461047172546,39,before_event,0.1668761471907298,12,0.1412746093112518,R2,1.0,0.0,26.37439727783203,65.8772964477539,0.36136995752652484,1.0,1
0.025279376073372606,13.015753422732352,0,14,12.094730377197266,-4.801116943359375,26.815574645996094,60.96403503417969,1,16,0.0,0,1.0,3,0.9294480039746124,2.4010257052026955,77,29,0.3757115112381103,1,0,1,1.0472975413004557,0.5166420340538025,39,before_event,0.1662098988890648,12,0.14093052281569218,R2,1.0,0.0,26.720844268798828,65.76515197753906,0.3504321351647377,1.0,1
0.0213129133538153,12.542517940610365,0,13,11.646417617797852,-4.649566650390625,26.815574645996094,60.96403503417969,1,16,0.0,0,1.0,4,0.9287239748992828,2.3314957933389264,77,29,0.371745048518553,1,0,1,1.0463293620518275,0.5166420340538025,39,before_event,0.1662098988890648,12,0.1448969855352495,R2,1.0,0.0,27.169157028198242,65.61360168457031,0.3504321351647377,1.0,1
0.07647967200380001,12.929590128134734,0,11,9.40810775756836,8.853015899658203,33.813232421875,37.8602409362793,1,17,0.0,0,1.0,7,0.685295992266386,4.960241942330586,78,24,0.4206877262483183,1,0,1,2.1555424531300864,0.503822386264801,34,before_event,0.15961433202028275,12,0.08313466001648273,R3,6.123234262925839e-17,1.0,24.40512466430664,41.007225036621094,0.3442080542445183,1.0,1
0.08269697883987809,13.430118918139772,0,11,9.875572204589844,9.089942932128906,34.90541458129883,38.799625396728516,1,18,0.0,0,1.0,8,0.6772347204840197,5.147702363830246,78,24,0.4049965114321747,1,0,1,2.280695676803589,0.545046329498291,34,before_event,0.22274679690599442,12,0.14004981806611633,R3,6.123234262925839e-17,1.0,25.029842376708984,41.70968246459961,0.3222995325922966,1.0,1
0.1756958348637841,13.320237281617567,1,8,10.731483459472656,7.879554748535156,77.30205535888672,68.36530303955078,1,57,8.0,1,1.0,50,0.5918422403999462,5.747669230028255,81,27,0.5431382651712519,0,0,0,2.7427546183268228,0.5053440953294436,37,post_opening,0.13790166502197582,12,-0.03779416984180828,R1,6.123234262925839e-17,1.0,66.57057189941406,72.48574829101562,0.36744243030746776,7.5,1
0.14673884271159843,13.139762487169113,1,8,10.482269287109375,7.914722442626953,78.46133422851562,69.31790161132812,1,58,8.5,1,1.0,51,0.60258033815114,5.62511096104915,81,27,0.5464145733274527,0,0,0,2.6991060045030384,0.5318683808048567,37,post_opening,0.1321926501890024,12,-0.014546192522596035,R1,6.123234262925839e-17,1.0,67.97906494140625,73.40318298339844,0.39967573061585426,8.0,1
0.09952801787563359,11.44228806366447,1,7,9.082267761230469,6.9548187255859375,78.46133422851562,69.31790161132812,1,58,9.51314926147461,1,1.0,52,0.6079770470668521,5.194743539829099,81,27,0.549789200958691,0,0,0,2.336493492126465,0.5473237782716751,37,post_opening,0.0970625951886177,12,-0.0024654226870158835,R1,6.123234262925839e-17,1.0,69.37906646728516,74.36308288574219,0.4502611830830574,8.514693260192871,1
0.002144842089703558,13.097849858270859,0,9,12.536067962646484,-3.4339523315429688,70.32034301757812,48.74467468261719,1,52,0.5,0,1.0,44,0.9644697917617262,1.7377716741400377,96,31,0.8566873036409508,0,0,1,0.6433866500854493,0.9500000357627869,41,post_opening,0.09116789003213255,12,0.0933127321218361,R2,1.0,0.0,69.78427124023438,52.178627014160156,0.8588321457306544,1.0,1
0.013237309443386969,13.262511892449405,0,9,12.512744903564453,-4.075141906738281,71.69573974609375,47.99214553833008,1,53,0.5,0,1.0,45,0.9508440257614221,2.053636103613979,96,31,0.8105744997785165,0,0,1,0.7970409393310547,0.950000211596489,41,post_opening,0.1261884023745855,12,0.13942571181797248,R2,1.0,0.0,71.18299865722656,52.06728744506836,0.8238118092219034,1.0,1
0.013284631959624926,13.445540946213683,0,9,12.475990295410156,-4.7315826416015625,73.0548324584961,47.16933822631836,1,54,0.5,0,1.0,46,0.9350146615675138,2.3777321682450836,96,31,0.765212727975873,0,0,1,0.9587551116943359,0.9500002861022949,41,post_opening,0.19807219008604682,12,0.1847875581264219,R2,1.0,0.0,72.57884216308594,51.90092086791992,0.7519280960162481,1.0,1
0.02755218972490525,12.026138894999605,0,8,11.076358795166016,-4.495502471923828,73.0548324584961,47.16933822631836,1,54,0.5,0,1.0,47,0.9265910345685711,2.2947030583243127,96,31,0.743402950264278,0,0,1,0.9472433725992838,0.949999988079071,41,post_opening,0.23414922753969825,12,0.206597037814793,R2,1.0,0.0,73.97846984863281,51.66484069824219,0.7158507605393728,1.0,1
0.018310116736314552,12.824515997577747,0,8,10.795967102050781,-6.817867279052734,78.34355926513672,43.211246490478516,1,58,0.7071067690849304,0,1.0,51,0.8455114705539921,3.46168345802017,96,31,0.5612483640593507,0,0,1,1.5439876980251737,0.8186784386634827,41,post_opening,0.27574019134044647,12,0.2574300746041319,R2,1.0,0.0,79.54759216308594,50.02911376953125,0.5429382473230362,1.1180340051651,1
0.029899112973174935,13.110510042201284,0,9,12.542282104492188,-3.447765350341797,69.07891082763672,49.707923889160156,1,52,0.5,0,1.0,44,0.9642321627218223,1.7450756281512536,97,31,0.8703432307576751,0,0,1,0.6430233001708985,0.9500001158033099,41,post_opening,0.10955599801880977,12,0.07965688504563484,R2,1.0,0.0,68.53662872314453,53.15568923950195,0.8404441177845001,1.5,1
0.02045354449120218,13.278976909629078,0,9,12.520816802978516,-4.0915679931640625,70.45465087890625,48.95094299316406,1,53,0.5,0,1.0,45,0.950535138598846,2.062290887062676,97,31,0.8240159819857981,0,0,1,0.7966714859008789,0.950000137090683,41,post_opening,0.1464376995960871,12,0.12598415510488492,R2,1.0,0.0,69.933837890625,53.042510986328125,0.8035624374945959,1.5,1
0.014463208099577018,13.466345607467893,0,9,12.4893798828125,-4.747089385986328,71.8205795288086,48.127872467041016,1,54,0.5,0,1.0,46,0.9347556183305489,2.386123965149633,97,31,0.7448511004642911,0,0,1,0.9586288452148437,0.949999988079071,41,post_opening,0.19068567951520288,12,0.2051488876147799,R2,1.0,0.0,71.3311996459961,52.874961853027344,0.7593143085638682,1.5,1
0.08352194223354292,12.055028748791077,0,8,11.096187591552734,-4.521633148193359,71.8205795288086,48.127872467041016,1,54,0.5,0,1.0,47,0.9260642420628568,2.3055395297012495,97,31,0.720833870207767,0,0,1,0.952415042453342,0.949999988079071,41,post_opening,0.31268806010484695,12,0.22916611787130403,R2,1.0,0.0,72.72439575195312,52.649505615234375,0.6373119279742241,1.5,1
0.024326289703398674,12.243274169925721,0,8,11.04949951171875,-5.113002777099609,73.16946411132812,47.239715576171875,1,55,0.5,0,1.0,48,0.9075453712929351,2.600300394995317,97,31,0.6235381638109184,0,0,1,1.1045653025309246,0.9499899446964264,41,post_opening,0.35077807058890664,12,0.32645178088550797,R2,1.0,0.0,74.11996459960938,52.352718353271484,0.5992118741075197,1.0,1
0.05068198167806098,12.42927598449585,0,8,10.986305236816406,-5.681217193603516,74.49897003173828,46.3021354675293,1,56,0.5,0,1.0,49,0.8882623273150614,2.8854724861711145,97,31,0.5276678112499439,0,0,1,1.2560259501139324,0.949982225894928,41,post_opening,0.4729963963230451,12,0.4223144146449841,R2,1.0,0.0,75.51266479492188,51.98335266113281,0.4769858295718829,1.0,1
0.0027425077738300607,12.60372110073161,0,8,10.911521911621094,-6.204936981201172,75.8179931640625,45.3298225402832,1,57,0.5,0,1.0,50,0.8692782713559419,3.1498423567521163,97,31,0.43412132930576164,0,0,1,1.4013699425591364,0.9242258071899414,41,post_opening,0.49284698565800983,12,0.49010447788417977,R2,1.0,0.0,76.9064712524414,51.534759521484375,0.4313788215319316,1.0,1
0.08333896916712674,12.86746569357542,1,8,10.723731994628906,-7.057140350341797,78.4155044555664,43.334564208984375,1,59,1.1180340051651,1,1.0,52,0.8353436268607247,3.585808484357337,97,31,0.2844442457297906,0,0,1,1.655792236328125,0.6725399494171143,41,post_opening,0.3047567345201969,12,0.38809570368732366,R2,1.0,0.0,79.6917724609375,50.39170455932617,0.36778321489691734,1.1180340051651,1
0.2139906023387853,12.42865841967022,1,8,11.087200164794922,-5.493427276611328,66.61654663085938,60.09531784057617,1,43,1.5,1,1.0,36,0.4439667691993895,6.427703635416268,98,21,0.773724699710284,0,0,0,2.7834576500786676,0.72691993167003,31,post_opening,0.1671858342985313,12,-0.04680476804025402,R1,-1.8369701465288538e-16,-1.0,55.52934646606445,53.5887451171875,0.5597340973714987,1.0,1
0.22450776080613993,12.570698329385493,1,8,10.999549865722656,-5.985446929931641,67.91006469726562,59.17293167114258,1,44,2.0,1,1.0,37,0.47797133574208056,6.268272207737712,98,21,0.7196337983541257,0,0,0,2.780691146850586,0.6789584904909134,31,post_opening,0.18383245294292766,12,-0.04067530786321227,R1,-1.8369701465288538e-16,-1.0,56.91051483154297,53.15837860107422,0.49512603754798573,1.5,1
0.17843926693138917,12.638442366633,1,8,10.844390869140625,-6.4099884033203125,69.14844512939453,58.237464904785156,1,45,3.0,1,1.0,38,0.5088434097609805,6.100185304023845,98,21,0.664699992737546,0,0,0,2.763806449042426,0.6268834968407949,31,post_opening,0.1406227710346381,12,-0.03781649589675107,R1,-1.8369701465288538e-16,-1.0,58.304054260253906,52.64745330810547,0.4862607258061568,1.5,1
0.2083859440030698,12.620456959652763,1,8,10.617481231689453,-6.75732421875,70.32288360595703,57.300689697265625,1,46,3.5,1,1.0,39,0.5369176391544865,5.920653617899443,98,21,0.6069170133612597,0,0,0,2.730845133463542,0.5544477850198746,31,post_opening,0.1559167156616847,12,-0.05246922834138512,R1,-1.8369701465288538e-16,-1.0,59.70540237426758,52.058013916015625,0.3985310693581899,1.4142135381698608,1
0.21684673504318136,12.509249739408304,1,8,10.317703247070312,-7.020114898681641,71.42672729492188,56.37285232543945,1,47,3.9051249027252197,1,1.0,40,0.562533381597383,5.728312489663466,98,21,0.5478763500977093,0,0,0,2.6802190144856777,0.4901538963119189,31,post_opening,0.15912428125739098,12,-0.057722453785790384,R1,-1.8369701465288538e-16,-1.0,61.10902404785156,51.392967224121094,0.33102961505452794,1.0,1
0.269093376802036,12.736912223227327,1,8,11.08511734008789,6.159629821777344,67.68282318115234,60.09403610229492,1,47,1.5,1,1.0,40,0.4857171239205557,6.264776646132646,99,26,0.6966225119000959,0,0,0,2.789295196533203,0.5366874759395918,36,post_opening,0.10915834084153181,12,-0.15993503596050418,R1,6.123234262925839e-17,1.0,56.59770584106445,65.93440246582031,0.42752913509805995,1.0,1
0.23396526900594067,12.94787730732377,1,8,11.02383041381836,6.696540832519531,69.0262680053711,61.14908981323242,1,48,2.0,1,1.0,41,0.519176439704249,6.1166059966208275,99,26,0.6439080027507209,0,0,0,2.7774049970838757,0.5280007099111875,36,post_opening,0.11805797616640729,12,-0.11590729283953338,R1,6.123234262925839e-17,1.0,58.002437591552734,66.45254516601562,0.40994273374478024,1.5,1
0.2392803498941019,13.137264487500913,1,8,10.946357727050781,7.1875457763671875,70.35449981689453,62.23565673828125,1,49,3.0,1,1.0,42,0.5488698509919603,5.9787637338986235,99,26,0.5954266383088981,0,0,0,2.7607784271240234,0.5526551827788353,36,post_opening,0.19650889436403912,12,-0.042771455530062785,R1,6.123234262925839e-17,1.0,59.40814208984375,67.04811096191406,0.3561462884147962,2.0,1
0.2484752883770897,13.29625382532604,1,8,10.85467529296875,7.620746612548828,71.66525268554688,63.338993072509766,1,50,3.1622776985168457,1,1.0,43,0.574599051641625,5.8523891691190695,99,26,0.5622788816947574,0,0,1,2.7405113644070096,0.5635541826486588,36,post_opening,0.2497505893309911,12,0.0012753009539013815,R1,6.123234262925839e-17,1.0,60.810577392578125,67.71824645996094,0.31380359331766766,3.0,1
0.19327830841236998,13.432288269067751,1,8,10.761821746826172,7.996665954589844,72.96785736083984,64.4566650390625,1,51,3.5,1,1.0,44,0.596428281561596,5.741156041896108,99,26,0.5330487161387373,0,0,1,2.718186696370443,0.5425684750080109,36,post_opening,0.20279806728164357,12,0.009519758869273587,R1,6.123234262925839e-17,1.0,62.20603561401367,68.45999908447266,0.3397704077263673,3.5,1
0.1263431602444089,13.529312835532018,1,8,10.658462524414062,8.305850982666016,74.24903869628906,65.5753402709961,1,52,4.031128883361816,1,1.0,45,0.614675155631388,5.640246718063468,99,26,0.5356590828523871,0,0,1,2.694972144232856,0.5438267687956492,36,post_opening,0.134510846187671,12,0.008167685943262115,R1,6.123234262925839e-17,1.0,63.590576171875,69.26948547363281,0.40931592260797817,4.0,1
0.05891337988656403,13.572300645481965,1,8,10.535369873046875,8.540069580078125,75.49691772460938,66.68289947509766,1,53,4.5,1,1.0,46,0.6297075401674823,5.5444823219261075,99,26,0.5386971880781813,0,0,1,2.6709497239854603,0.5455286900202433,36,post_opening,0.06574488182862598,12,0.006831501942061946,R1,6.123234262925839e-17,1.0,64.9615478515625,70.14282989501953,0.4797838081916173,4.527692794799805,1
