comparison,dataset,delta_mean_rho,delta_path_length_ratio,delta_risk_exposure,delta_success,episode_id
learned_minus_zero,DFC2018,7.222891600794368e-09,-7.524615364129517e-08,1.3228559945233087e-06,0.0,0000
learned_minus_fixed,DFC2018,4.631168702001753e-09,-4.374019524355788e-08,8.792571728477583e-07,0.0,0000
learned_minus_zero,DFC2018,0.0005838189154212942,-1.6272356517799125e-08,0.16049447010066586,0.0,0007
learned_minus_fixed,DFC2018,-0.00018679147587616352,-1.7697310683573164e-07,-0.0513604708064328,0.0,0007
learned_minus_zero,DFC2018,-0.0014704907152315524,6.966729293123031e-06,-0.26025403858709417,0.0,0016
learned_minus_fixed,DFC2018,-4.259010600096702e-07,-9.050861104475949e-06,-0.00016077645706324972,0.0,0016
learned_minus_zero,DFC2018,-0.0005995485028253353,4.194907435750572e-06,-0.17120239016282568,0.0,0029
learned_minus_fixed,DFC2018,6.315565516043509e-07,8.670110031028244e-07,0.000189618129597946,0.0,0029
learned_minus_zero,DFC2018,-0.0013257013216841501,-7.058531650283584e-06,-0.3037793395700117,0.0,0030
learned_minus_fixed,DFC2018,1.2820363079479868e-07,-1.1983199535992028e-05,-0.00016881935795076686,0.0,0030
learned_minus_zero,DFC2018,-6.641324531639348e-07,4.684024937473552e-06,-6.115733275269264e-05,0.0,0036
learned_minus_fixed,DFC2018,9.639422417079269e-07,-2.8386503160393595e-05,-4.5754610885850866e-05,0.0,0036
learned_minus_zero,DFC2018,-0.00013609906708346442,4.981432578876621e-06,-0.038525032038416285,0.0,0046
learned_minus_fixed,DFC2018,7.216882514357939e-05,-1.475946191820121e-06,0.0204375267023984,0.0,0046
learned_minus_zero,DFC2018,-6.940144528191916e-05,1.445826748325274e-07,-0.017457386786591478,0.0,0051
learned_minus_fixed,DFC2018,-0.00015753197798524035,-1.3126731437052008e-05,-0.03973489144200304,0.0,0051
learned_minus_zero,DFC2018,-0.00011502022828508568,1.2260630870231104e-05,-0.0332851042633493,0.0,0064
learned_minus_fixed,DFC2018,1.5707603694611882e-06,-2.1212485511012957e-05,1.848031422468921e-05,0.0,0064
learned_minus_zero,DFC2018,-1.7659971545277986e-05,1.2678080525962976e-05,-0.0051543233955282375,0.0,0068
learned_minus_fixed,DFC2018,3.1645894080223336e-07,-2.3627517835911327e-05,-0.00026719180593381964,0.0,0068
learned_minus_zero,DFC2018,0.00015677249939693993,-6.132813266113146e-06,0.04875993564615477,0.0,0087
learned_minus_fixed,DFC2018,-2.1464342160965044e-05,-1.878040180591789e-06,-0.006707031798754315,0.0,0087
learned_minus_zero,DFC2018,-0.0002514805682423543,8.420646636864149e-06,-0.06720697081573235,0.0,0109
learned_minus_fixed,DFC2018,-4.7169764785227886e-05,-2.3213537912347704e-05,-0.012929123653620422,0.0,0109
learned_minus_zero,DFC2018,-0.0001613209862823331,2.069201365995088e-05,-0.0522034834415841,0.0,0124
learned_minus_fixed,DFC2018,9.708800064046896e-06,-3.146641969875574e-05,0.002789455363622295,0.0,0124
learned_minus_zero,DFC2018,0.00012456358366180753,1.813879168621746e-05,0.022774402154910334,0.0,0126
learned_minus_fixed,DFC2018,-5.733643133751243e-05,-4.1510186289617224e-05,-0.010941227959483157,0.0,0126
learned_minus_zero,DFC2018,-4.403133004636517e-05,2.161504060183006e-06,-0.008895726952394156,0.0,0130
learned_minus_fixed,DFC2018,-1.0575678153559864e-06,-1.63012020828468e-05,-0.00036642695180511,0.0,0130
learned_minus_zero,DFC2018,-0.00016415474606810282,2.4394181758036204e-05,-0.055184239439226346,0.0,0132
learned_minus_fixed,DFC2018,2.816883342346421e-07,-2.740051165694979e-05,-0.0002713285801139165,0.0,0132
learned_minus_zero,DFC2018,-0.0002179512277000889,7.765672022097547e-06,-0.056104151771114275,0.0,0142
learned_minus_fixed,DFC2018,5.183636972994066e-07,6.014783115348976e-06,0.000193219704424763,0.0,0142
learned_minus_zero,DFC2018,-6.7750617437079e-07,-2.6613445442968953e-06,-0.00023071501326210608,0.0,0155
learned_minus_fixed,DFC2018,-8.313429351002044e-07,1.0303917885590153e-07,-0.00026255520623230666,0.0,0155
learned_minus_zero,DFC2018,-0.0002792128798035573,-2.70449082429014e-06,-0.04320614808488621,0.0,0157
learned_minus_fixed,DFC2018,2.575999100765114e-07,-1.0460423848890343e-05,-3.209920774427388e-05,0.0,0157
learned_minus_zero,DFC2018,0.00012142613797951757,7.017771919137772e-06,0.026639447321826992,0.0,0167
learned_minus_fixed,DFC2018,-8.84160676645207e-07,-1.194404899884649e-05,-0.0003161173286088115,0.0,0167
learned_minus_zero,DFC2018,-8.904139695148361e-07,1.1200566593982941e-05,-7.633771957582525e-05,0.0,0171
learned_minus_fixed,DFC2018,-7.282593795995829e-07,-1.942612185346082e-05,-0.00027643646075148354,0.0,0171
learned_minus_zero,DFC2018,-0.00037508504327627215,5.1280816392162976e-06,-0.09441014963611227,0.0,0215
learned_minus_fixed,DFC2018,3.8502771231019306e-07,-1.8610711605138164e-06,8.207894056955212e-05,0.0,0215
learned_minus_zero,DFC2018,-0.00020502976682429397,-4.6588869025976365e-06,-0.053475105521979316,0.0,0224
learned_minus_fixed,DFC2018,-5.2576292995681895e-05,8.514457632835537e-06,-0.013529967312607027,0.0,0224
learned_minus_zero,DFC2018,0.00018527230621177143,2.1947940209043892e-05,0.04435393030657586,0.0,0227
learned_minus_fixed,DFC2018,-1.1273095746680561e-06,-3.439344459432725e-05,-0.0006109016405364542,0.0,0227
learned_minus_zero,DFC2018,-0.0005040647661788758,9.030156281952806e-06,-0.14415121577451373,0.0,0231
learned_minus_fixed,DFC2018,0.0005405167378349576,-0.0002228077236872128,0.15227506150740666,0.0,0231
learned_minus_zero,DFC2018,-0.001975245401908382,4.22277899077006e-05,-0.40954328103500615,0.0,0249
learned_minus_fixed,DFC2018,0.00020066522573596035,-7.062348691411202e-05,0.04057801973619668,0.0,0249
learned_minus_zero,DFC2018,-5.394817671338509e-05,-4.215754537018057e-06,-0.013446936410857369,0.0,0251
learned_minus_fixed,DFC2018,-9.239632179844359e-08,-1.4271150108324804e-06,-3.211854452622731e-05,0.0,0251
learned_minus_zero,DFC2018,-4.4963061607977695e-07,6.1762708213342066e-06,-5.253510625635727e-05,0.0,0259
learned_minus_fixed,DFC2018,1.3946312118623405e-06,-1.9142600706345547e-05,0.00016307041312124682,0.0,0259
learned_minus_zero,DFC2018,-0.00013124603495103665,5.261018844127108e-06,-0.029440493636154308,0.0,0290
learned_minus_fixed,DFC2018,0.00025770724173969015,-3.709440125621022e-06,0.05785910720826504,0.0,0290
learned_minus_zero,DFC2018,2.0368045787158562e-05,4.723746729329292e-06,0.0033577721538042837,0.0,0297
learned_minus_fixed,DFC2018,5.861799801395312e-05,4.777054997129326e-07,0.009558273826861807,0.0,0297
learned_minus_zero,RELLIS-3D,2.3749017175056508e-07,-1.3259426379086392e-07,5.363179102602089e-06,0.0,00003_000099_00
learned_minus_fixed,RELLIS-3D,-2.6678033252514055e-06,2.137277018920969e-06,-4.8771377105794045e-05,0.0,00003_000099_00
learned_minus_zero,RELLIS-3D,-3.3904628971015427e-07,3.566866499715715e-06,5.092439278087113e-05,0.0,00003_000099_01
learned_minus_fixed,RELLIS-3D,3.679665848743685e-06,-4.0172312485986517e-05,-0.0005783599168385223,0.0,00003_000099_01
learned_minus_zero,RELLIS-3D,1.3285507316496137e-07,2.755336456772284e-07,8.97301734426037e-06,0.0,00003_000099_02
learned_minus_fixed,RELLIS-3D,-1.5563727997491839e-06,-3.86827125720135e-06,-0.00011631886421881177,0.0,00003_000099_02
learned_minus_zero,RELLIS-3D,1.1009332667732963e-08,3.570387924201057e-07,6.4591895387877685e-06,0.0,00003_000099_03
learned_minus_fixed,RELLIS-3D,-1.2320525433207052e-07,-3.7014380395161695e-06,-6.724110661515681e-05,0.0,00003_000099_03
learned_minus_zero,RELLIS-3D,1.8269691909322816e-07,-2.151717554910171e-06,-1.9503529204101255e-05,0.0,00003_000099_04
learned_minus_fixed,RELLIS-3D,-2.053964689718857e-06,2.2238898878312874e-05,0.00019660815253885744,0.0,00003_000099_04
learned_minus_zero,RELLIS-3D,-3.6863647689955314e-09,-2.0997803051869823e-07,-3.588674296395311e-06,0.0,00003_000099_05
learned_minus_fixed,RELLIS-3D,7.021885495284153e-08,2.3676233421587867e-06,4.126136422577531e-05,0.0,00003_000099_05
learned_minus_zero,RELLIS-3D,2.0286449198270162e-07,1.9504141609560932e-06,3.9951067728694056e-05,0.0,00003_000099_07
learned_minus_fixed,RELLIS-3D,-2.1289208350649957e-06,-2.0235050323336168e-05,-0.000415297786826585,0.0,00003_000099_07
learned_minus_zero,RELLIS-3D,-2.171210416457292e-07,1.598156719184729e-07,-4.5573406630694535e-06,0.0,00003_000108_00
learned_minus_fixed,RELLIS-3D,2.2575735332819313e-06,-1.527344017482335e-06,4.967710590619845e-05,0.0,00003_000108_00
learned_minus_zero,RELLIS-3D,-5.554726065226667e-07,1.4228447122732746e-06,5.852992295274362e-06,0.0,00003_000307_00
learned_minus_fixed,RELLIS-3D,7.18006512773206e-06,-1.7604494329637177e-05,-6.29638922102771e-05,0.0,00003_000307_00
learned_minus_zero,RELLIS-3D,5.732180596851322e-08,5.056924756718928e-08,3.3422502419000466e-06,0.0,00003_000307_01
learned_minus_fixed,RELLIS-3D,-6.536834606940545e-07,-6.593285781786307e-07,-3.987137705507848e-05,0.0,00003_000307_01
learned_minus_zero,RELLIS-3D,0.0,0.0,0.0,0.0,00003_000307_02
learned_minus_fixed,RELLIS-3D,0.0,0.0,0.0,0.0,00003_000307_02
learned_minus_zero,RELLIS-3D,0.0,0.0,0.0,0.0,00003_000307_04
learned_minus_fixed,RELLIS-3D,0.0,0.0,0.0,0.0,00003_000307_04
learned_minus_zero,RELLIS-3D,-1.4400483394627628e-07,2.37205759368031e-07,-8.355976781615482e-07,0.0,00003_000307_05
learned_minus_fixed,RELLIS-3D,1.8041258202372568e-06,-3.4192298492552453e-06,2.3476636776820214e-06,0.0,00003_000307_05
learned_minus_zero,RELLIS-3D,-2.8458471690306908e-09,7.467002971495162e-07,1.3667205170264651e-05,0.0,00003_000307_06
learned_minus_fixed,RELLIS-3D,1.3529416142965545e-07,-9.20544747851082e-06,-0.00016453944167338364,0.0,00003_000307_06
learned_minus_zero,RELLIS-3D,0.0,0.0,0.0,0.0,00003_000307_07
learned_minus_fixed,RELLIS-3D,0.0,0.0,0.0,0.0,00003_000307_07
learned_minus_zero,RELLIS-3D,3.289280374740855e-07,-1.4204749810842188e-06,-1.706875315221623e-05,0.0,00003_000335_00
learned_minus_fixed,RELLIS-3D,-4.062839442042776e-06,1.5858240150268266e-05,0.0001742298400237985,0.0,00003_000335_00
learned_minus_zero,RELLIS-3D,4.0651589788831544e-07,3.781326818330655e-08,1.5231296643491987e-05,0.0,00003_000335_01
learned_minus_fixed,RELLIS-3D,-4.815542665459471e-06,-3.6421448479373453e-07,-0.00017880590586116796,0.0,00003_000335_01
learned_minus_zero,RELLIS-3D,-1.5894695426510452e-07,-1.4727032220385183e-06,-3.704943500082436e-05,0.0,00003_000335_02
learned_minus_fixed,RELLIS-3D,1.911091956130484e-06,1.8001726507455018e-05,0.0004515561538518398,0.0,00003_000335_02
learned_minus_zero,RELLIS-3D,5.5146491706459244e-08,-1.403460958115943e-06,-2.2510907506045896e-05,0.0,00003_000335_04
learned_minus_fixed,RELLIS-3D,-5.368173276454336e-07,1.4262404895104552e-05,0.0002295743439955089,0.0,00003_000335_04
learned_minus_zero,RELLIS-3D,0.0,0.0,0.0,0.0,00003_000335_05
learned_minus_fixed,RELLIS-3D,0.0,0.0,0.0,0.0,00003_000335_05
learned_minus_zero,RELLIS-3D,1.0473588663018063e-08,1.0316870102666797e-07,2.4773493088048326e-06,0.0,00003_000335_06
learned_minus_fixed,RELLIS-3D,-1.7724216028192075e-07,-2.1789580266773356e-06,-5.064929607812019e-05,0.0,00003_000335_06
learned_minus_zero,RELLIS-3D,0.0,0.0,0.0,0.0,00003_000335_07
learned_minus_fixed,RELLIS-3D,0.0,0.0,0.0,0.0,00003_000335_07
learned_minus_zero,RELLIS-3D,-5.755507404003879e-09,6.091839144239941e-09,-7.525308376443718e-08,0.0,00003_000373_00
learned_minus_fixed,RELLIS-3D,7.753144359856634e-08,-2.2681462363838278e-07,-1.6973403162978684e-06,0.0,00003_000373_00
learned_minus_zero,RELLIS-3D,0.0,0.0,0.0,0.0,00003_000373_01
learned_minus_fixed,RELLIS-3D,0.0,0.0,0.0,0.0,00003_000373_01
learned_minus_zero,RELLIS-3D,-1.9509235399395308e-07,-2.7035072024395035e-06,-7.099402334276306e-05,0.0,00003_000373_02
learned_minus_fixed,RELLIS-3D,1.957211307301865e-06,2.592861665673407e-05,0.0006845982196566069,0.0,00003_000373_02
learned_minus_zero,RELLIS-3D,0.0,0.0,0.0,0.0,00003_000373_05
learned_minus_fixed,RELLIS-3D,0.0,0.0,0.0,0.0,00003_000373_05
learned_minus_zero,RELLIS-3D,0.0,0.0,0.0,0.0,00003_000373_06
learned_minus_fixed,RELLIS-3D,0.0,0.0,0.0,0.0,00003_000373_06
learned_minus_zero,RELLIS-3D,3.45088890796319e-09,-5.8220836818279054e-08,-9.910457094974845e-07,0.0,00003_000373_07
learned_minus_fixed,RELLIS-3D,-1.0049211207618924e-07,6.076549654565611e-07,7.979716290407168e-06,0.0,00003_000373_07
learned_minus_zero,RELLIS-3D,2.821218513249235e-07,-1.2291417398335724e-06,-9.137546228998872e-06,0.0,00003_000381_00
learned_minus_fixed,RELLIS-3D,-2.6608258533733498e-06,1.5674289319367318e-05,0.0001443042547730755,0.0,00003_000381_00
learned_minus_zero,RELLIS-3D,0.0,0.0,0.0,0.0,00003_000381_01
learned_minus_fixed,RELLIS-3D,0.0,0.0,0.0,0.0,00003_000381_01
learned_minus_zero,RELLIS-3D,0.0,0.0,0.0,0.0,00003_000381_03
learned_minus_fixed,RELLIS-3D,0.0,0.0,0.0,0.0,00003_000381_03
learned_minus_zero,RELLIS-3D,0.0,0.0,0.0,0.0,00003_000381_05
learned_minus_fixed,RELLIS-3D,0.0,0.0,0.0,0.0,00003_000381_05
learned_minus_zero,RELLIS-3D,-1.241025218701175e-07,5.982558625161616e-07,7.008336538660842e-06,0.0,00003_000381_07
learned_minus_fixed,RELLIS-3D,1.3116039189187134e-06,-7.954453256076022e-06,-0.00010627292605391858,0.0,00003_000381_07
learned_minus_zero,RELLIS-3D,-7.916733045787439e-07,6.510807882054159e-06,9.022966237282048e-05,0.0,00003_000455_00
learned_minus_fixed,RELLIS-3D,8.570139823804723e-06,-6.907610736861525e-05,-0.0009505310945066014,0.0,00003_000455_00
learned_minus_zero,RELLIS-3D,-4.104805257920674e-07,-2.687150445490616e-07,-2.023312490351259e-05,0.0,00003_000455_01
learned_minus_fixed,RELLIS-3D,4.392651985762885e-06,2.0760878475245548e-06,0.00020198764000056713,0.0,00003_000455_01
learned_minus_zero,RELLIS-3D,-1.0152393786766467e-07,-9.813749320963794e-07,-2.2387675986834665e-05,0.0,00003_000455_03
learned_minus_fixed,RELLIS-3D,1.42035524869355e-06,1.160198802740986e-05,0.00027269938184204534,0.0,00003_000455_03
learned_minus_zero,RELLIS-3D,-9.604784845240744e-08,6.585714962259459e-08,-2.726873663760898e-06,0.0,00003_000455_04
learned_minus_fixed,RELLIS-3D,1.0314790409582386e-06,-9.970093407529745e-07,2.3399440525651016e-05,0.0,00003_000455_04
learned_minus_zero,RELLIS-3D,0.0,0.0,0.0,0.0,00003_000455_05
learned_minus_fixed,RELLIS-3D,0.0,0.0,0.0,0.0,00003_000455_05
learned_minus_zero,RELLIS-3D,0.0,0.0,0.0,0.0,00003_000455_06
learned_minus_fixed,RELLIS-3D,0.0,0.0,0.0,0.0,00003_000455_06
learned_minus_zero,RELLIS-3D,3.01836452887283e-07,-6.690072525961099e-07,-1.338747248169625e-06,0.0,00003_000455_07
learned_minus_fixed,RELLIS-3D,-3.116494772859024e-06,8.32547253049043e-06,3.414416527469655e-05,0.0,00003_000455_07
learned_minus_zero,RELLIS-3D,1.7681468178487592e-07,-1.25564956399149e-06,-1.6081636807996347e-05,0.0,00003_000611_01
learned_minus_fixed,RELLIS-3D,-1.8718106255533051e-06,1.2513066527386485e-05,0.00015622053684438697,0.0,00003_000611_01
learned_minus_zero,RELLIS-3D,1.502314678214489e-08,7.775209076577028e-07,1.628331369118996e-05,0.0,00003_000611_02
learned_minus_fixed,RELLIS-3D,-1.4952412896729328e-07,-8.240052925545527e-06,-0.00017217784161260852,0.0,00003_000611_02
learned_minus_zero,RELLIS-3D,3.538134207836663e-08,-1.7151034814588684e-08,8.880030915037196e-07,0.0,00003_000611_04
learned_minus_fixed,RELLIS-3D,-4.701636006632093e-07,-7.60989796511069e-07,-2.6991938813836214e-05,0.0,00003_000611_04
learned_minus_zero,RELLIS-3D,-1.1660643794986214e-07,4.364916255106266e-07,4.115993419873121e-06,0.0,00003_000611_05
learned_minus_fixed,RELLIS-3D,1.3582352286767296e-06,-5.367883515128291e-06,-5.329092631001231e-05,0.0,00003_000611_05
learned_minus_zero,RELLIS-3D,2.35562936601319e-07,-1.3459164005524826e-07,6.026700319239353e-06,0.0,00003_000611_06
learned_minus_fixed,RELLIS-3D,-2.472282508769741e-06,1.8478491453643997e-06,-5.6150605500349116e-05,0.0,00003_000611_06
learned_minus_zero,RELLIS-3D,-9.593179189915091e-08,-9.949889512306243e-08,-4.5940397992438875e-06,0.0,00003_000611_07
learned_minus_fixed,RELLIS-3D,1.0879770132588007e-06,1.0953284073078606e-06,5.1553325922881754e-05,0.0,00003_000611_07
learned_minus_zero,RELLIS-3D,6.107485034378968e-08,2.7829292592596033e-07,5.81443514313662e-06,0.0,00003_000680_00
learned_minus_fixed,RELLIS-3D,-8.012318777894656e-07,-3.795666233430417e-06,-7.827007926408669e-05,0.0,00003_000680_00
learned_minus_zero,RELLIS-3D,8.734318213132752e-08,1.7987106692984867e-07,5.903508071725128e-06,0.0,00003_000680_02
learned_minus_fixed,RELLIS-3D,-1.0135321949489295e-06,-2.5390689514237508e-06,-7.642281694764108e-05,0.0,00003_000680_02
learned_minus_zero,RELLIS-3D,0.0,0.0,0.0,0.0,00003_000680_03
learned_minus_fixed,RELLIS-3D,0.0,0.0,0.0,0.0,00003_000680_03
learned_minus_zero,RELLIS-3D,-9.316892479738215e-08,5.798077601371077e-07,7.200820054009682e-06,0.0,00003_000680_04
learned_minus_fixed,RELLIS-3D,9.196800015431883e-07,-5.372144136206458e-06,-6.448649208579127e-05,0.0,00003_000680_04
learned_minus_zero,RELLIS-3D,4.520432566046395e-07,1.9729641698162936e-08,1.6990870577160422e-05,0.0,00003_000680_05
learned_minus_fixed,RELLIS-3D,-4.748362623985258e-06,-5.484519594034509e-08,-0.0001757045493775422,0.0,00003_000680_05
learned_minus_zero,RELLIS-3D,1.7078916531021449e-07,-3.3911096308791855e-07,-3.749550678833202e-07,0.0,00003_000680_07
learned_minus_fixed,RELLIS-3D,-1.9396270608540433e-06,3.893207232041895e-06,5.080065616169804e-06,0.0,00003_000680_07
learned_minus_zero,RELLIS-3D,-9.060254813064716e-08,-2.579074219299926e-06,-3.946305013791118e-05,0.0,00003_000831_00
learned_minus_fixed,RELLIS-3D,1.0566353755292468e-06,2.9421519689321052e-05,0.0004508147159789644,0.0,00003_000831_00
learned_minus_zero,RELLIS-3D,4.010248004782113e-07,1.0056148330717107e-06,3.8565426351055976e-05,0.0,00003_000831_01
learned_minus_fixed,RELLIS-3D,-4.6961506327547475e-06,-1.1918410775746402e-05,-0.0004545277001568593,0.0,00003_000831_01
learned_minus_zero,RELLIS-3D,-6.044837908003586e-09,-1.612506572712391e-07,-2.9062380288991108e-06,0.0,00003_000831_03
learned_minus_fixed,RELLIS-3D,1.2263012483249014e-07,3.2682063811906303e-06,5.8906805593395006e-05,0.0,00003_000831_03
learned_minus_zero,RELLIS-3D,-2.7232854012404495e-06,-2.463083791370835e-07,-9.600719391045232e-05,0.0,00003_000831_04
learned_minus_fixed,RELLIS-3D,4.474467251575076e-05,4.715992126813617e-06,0.0015888276482378672,0.0,00003_000831_04
learned_minus_zero,RELLIS-3D,-7.165774627004851e-07,2.8422723197252253e-06,1.7960197769895103e-05,0.0,00003_000831_05
learned_minus_fixed,RELLIS-3D,1.0140312220019432e-05,-4.182877151781561e-05,-0.0002761774783941462,0.0,00003_000831_05
learned_minus_zero,RELLIS-3D,0.0,0.0,0.0,0.0,00003_000831_06
learned_minus_fixed,RELLIS-3D,0.0,0.0,0.0,0.0,00003_000831_06
learned_minus_zero,RELLIS-3D,-1.234627846069536e-07,-2.048187521364042e-06,-4.9405135943203504e-05,0.0,00003_000831_07
learned_minus_fixed,RELLIS-3D,1.5605342185698312e-06,2.5763360338326713e-05,0.0006217782982425035,0.0,00003_000831_07
learned_minus_zero,RELLIS-3D,0.0,0.0,0.0,0.0,00003_000938_00
learned_minus_fixed,RELLIS-3D,0.0,0.0,0.0,0.0,00003_000938_00
learned_minus_zero,RELLIS-3D,-5.331268104757925e-08,-2.6475296843742058e-08,-2.374278960104448e-06,0.0,00003_000938_01
learned_minus_fixed,RELLIS-3D,6.160668792332125e-07,2.83355004793151e-07,2.7034891367350156e-05,0.0,00003_000938_01
learned_minus_zero,RELLIS-3D,1.8521624467471298e-07,8.9908834766117e-07,3.159177468958774e-05,0.0,00003_000938_02
learned_minus_fixed,RELLIS-3D,-2.4874084411097286e-06,-1.1274610703715382e-05,-0.0004027840618441303,0.0,00003_000938_02
learned_minus_zero,RELLIS-3D,1.0581012399590861e-08,9.42310037221894e-07,2.0178201573628485e-05,0.0,00003_000938_03
learned_minus_fixed,RELLIS-3D,-1.9474045809264595e-07,-1.1715175249338294e-05,-0.0002529882769444214,0.0,00003_000938_03
learned_minus_zero,RELLIS-3D,0.0,0.0,0.0,0.0,00003_000938_04
learned_minus_fixed,RELLIS-3D,0.0,0.0,0.0,0.0,00003_000938_04
learned_minus_zero,RELLIS-3D,3.002504863069966e-07,1.9903723114111926e-07,1.6332108028649372e-05,0.0,00003_000938_05
learned_minus_fixed,RELLIS-3D,-3.818017525081263e-06,-2.615095288871494e-06,-0.00020946471021687785,0.0,00003_000938_05
learned_minus_zero,RELLIS-3D,3.5987861024544543e-09,2.4603760262476015e-07,3.3147784783693623e-06,0.0,00003_000938_06
learned_minus_fixed,RELLIS-3D,7.064767609810119e-08,-2.2398121932720727e-06,-2.6996270138468503e-05,0.0,00003_000938_06
learned_minus_zero,RELLIS-3D,5.3570186175910806e-08,-1.566331957469913e-07,-1.7792969337904196e-06,0.0,00003_000938_07
learned_minus_fixed,RELLIS-3D,-6.99231981760029e-07,1.9614116835153794e-06,2.1197324443278376e-05,0.0,00003_000938_07
learned_minus_zero,RELLIS-3D,2.620416508780643e-07,1.963870370880194e-06,4.1169618375747064e-05,0.0,00003_000958_01
learned_minus_fixed,RELLIS-3D,-2.830770842787711e-06,-2.2582505357915394e-05,-0.0004671319745845892,0.0,00003_000958_01
learned_minus_zero,RELLIS-3D,0.0,0.0,0.0,0.0,00003_000958_04
learned_minus_fixed,RELLIS-3D,0.0,0.0,0.0,0.0,00003_000958_04
learned_minus_zero,RELLIS-3D,3.903179479625152e-08,-3.1992493809696043e-07,-3.5472214054976803e-06,0.0,00003_000958_05
learned_minus_fixed,RELLIS-3D,-4.1456494043190517e-07,3.2204127272672523e-06,3.5060950207110864e-05,0.0,00003_000958_05
learned_minus_zero,RELLIS-3D,1.967840350114436e-07,1.2977286510951203e-06,2.6977619080881254e-05,0.0,00003_000958_06
learned_minus_fixed,RELLIS-3D,-2.0218040561181816e-06,-1.4440722877817613e-05,-0.00029455922963350645,0.0,00003_000958_06
learned_minus_zero,RELLIS-3D,-1.270172348966092e-06,-3.0261294547972994e-07,-4.397978182169027e-05,0.0,00003_000958_07
learned_minus_fixed,RELLIS-3D,1.4205023384561422e-05,3.741928395584182e-06,0.0004979056625540323,0.0,00003_000958_07
learned_minus_zero,RELLIS-3D,0.0,0.0,0.0,0.0,00003_001034_00
learned_minus_fixed,RELLIS-3D,0.0,0.0,0.0,0.0,00003_001034_00
learned_minus_zero,RELLIS-3D,-1.872385744228211e-07,1.5545684572959573e-06,2.257346795175863e-05,0.0,00003_001034_01
learned_minus_fixed,RELLIS-3D,1.984306771951605e-06,-1.6114078924100994e-05,-0.0002323868787712513,0.0,00003_001034_01
learned_minus_zero,RELLIS-3D,2.751399280076505e-07,3.504594925374249e-07,1.484241679783338e-05,0.0,00003_001034_02
learned_minus_fixed,RELLIS-3D,-2.9479406851162793e-06,-4.390049757052594e-06,-0.0001691917317678815,0.0,00003_001034_02
learned_minus_zero,RELLIS-3D,0.0,0.0,0.0,0.0,00003_001034_03
learned_minus_fixed,RELLIS-3D,0.0,0.0,0.0,0.0,00003_001034_03
learned_minus_zero,RELLIS-3D,4.234308932926645e-07,-1.9124483408017312e-07,1.1427713419109864e-05,0.0,00003_001034_06
learned_minus_fixed,RELLIS-3D,-4.764153672454086e-06,2.6891789911553943e-06,-0.00011963475582987826,0.0,00003_001034_06
learned_minus_zero,RELLIS-3D,-1.3870416487593573e-07,5.842982353509996e-07,7.468161513202176e-06,0.0,00003_001034_07
learned_minus_fixed,RELLIS-3D,1.4061852432467603e-06,-4.956581716841768e-06,-5.229157805430873e-05,0.0,00003_001034_07
learned_minus_zero,RELLIS-3D,1.1663507115677874e-07,1.842487906689172e-06,3.8453766190826855e-05,0.0,00003_001038_00
learned_minus_fixed,RELLIS-3D,-1.2493320189488344e-07,-1.8450866251407128e-05,-0.0003475388236573451,0.0,00003_001038_00
learned_minus_zero,RELLIS-3D,0.0,0.0,0.0,0.0,00003_001038_01
learned_minus_fixed,RELLIS-3D,0.0,0.0,0.0,0.0,00003_001038_01
learned_minus_zero,RELLIS-3D,0.0,0.0,0.0,0.0,00003_001038_02
learned_minus_fixed,RELLIS-3D,0.0,0.0,0.0,0.0,00003_001038_02
learned_minus_zero,RELLIS-3D,0.0,0.0,0.0,0.0,00003_001038_03
learned_minus_fixed,RELLIS-3D,0.0,0.0,0.0,0.0,00003_001038_03
learned_minus_zero,RELLIS-3D,-1.4426367174191768e-06,5.244641698709529e-08,-4.2971714893980106e-05,0.0,00003_001038_04
learned_minus_fixed,RELLIS-3D,1.5757210887756834e-05,-4.1964443286968134e-07,0.00047181111304794854,0.0,00003_001038_04
learned_minus_zero,RELLIS-3D,4.7686364301746664e-09,5.07562578855314e-07,8.281144129540507e-06,0.0,00003_001038_05
learned_minus_fixed,RELLIS-3D,-4.276433900884946e-07,-1.0798267471856526e-05,-0.00018807958360511634,0.0,00003_001038_05
learned_minus_zero,RELLIS-3D,0.0,0.0,0.0,0.0,00003_001038_06
learned_minus_fixed,RELLIS-3D,0.0,0.0,0.0,0.0,00003_001038_06
learned_minus_zero,RELLIS-3D,3.1915861731235395e-08,7.730800455352238e-08,3.0455227673087393e-06,0.0,00003_001038_07
learned_minus_fixed,RELLIS-3D,-3.26175040754606e-07,-9.5116954546004e-07,-3.4647098051010516e-05,0.0,00003_001038_07
learned_minus_zero,RELLIS-3D,0.0,0.0,0.0,0.0,00003_001102_01
learned_minus_fixed,RELLIS-3D,0.0,0.0,0.0,0.0,00003_001102_01
learned_minus_zero,RELLIS-3D,-2.956590015035232e-07,-1.4795137581735673e-07,-1.5103029856078365e-05,0.0,00003_001102_02
learned_minus_fixed,RELLIS-3D,3.64157037446855e-06,1.0410784243575222e-06,0.00016923699078219556,0.0,00003_001102_02
learned_minus_zero,RELLIS-3D,-1.831514398475953e-07,-1.9863689026955456e-08,-7.778377778322465e-06,0.0,00003_001102_03
learned_minus_fixed,RELLIS-3D,2.3586106289719133e-06,2.974710983094653e-07,0.00010096359378053421,0.0,00003_001102_03
learned_minus_zero,RELLIS-3D,-2.473222867616087e-07,1.597936117869736e-07,-6.4897421161447255e-06,0.0,00003_001102_04
learned_minus_fixed,RELLIS-3D,2.5706370541112022e-06,-1.8532660716052973e-06,6.350520676789984e-05,0.0,00003_001102_04
learned_minus_zero,RELLIS-3D,-2.9538974982701305e-07,1.9721355570823107e-07,-6.495858404065302e-06,0.0,00003_001102_05
learned_minus_fixed,RELLIS-3D,3.4286443139630585e-06,-8.728878863051293e-07,9.791370083078732e-05,0.0,00003_001102_05
learned_minus_zero,RELLIS-3D,0.0,0.0,0.0,0.0,00003_001102_06
learned_minus_fixed,RELLIS-3D,0.0,0.0,0.0,0.0,00003_001102_06
learned_minus_zero,RELLIS-3D,0.0,0.0,0.0,0.0,00003_001102_07
learned_minus_fixed,RELLIS-3D,0.0,0.0,0.0,0.0,00003_001102_07
learned_minus_zero,RELLIS-3D,8.78213541333217e-07,-6.565881357500913e-07,1.562008675826121e-05,0.0,00003_001124_01
learned_minus_fixed,RELLIS-3D,-1.0000545736854605e-05,7.846782277720621e-06,-0.00017313437998467407,0.0,00003_001124_01
learned_minus_zero,RELLIS-3D,8.728152123271826e-08,1.861582543671858e-08,3.616240643822266e-06,0.0,00003_001124_03
learned_minus_fixed,RELLIS-3D,-1.2858395887493934e-06,-1.906824352859715e-07,-5.168443847836102e-05,0.0,00003_001124_03
learned_minus_zero,RELLIS-3D,2.2499306367995686e-07,-4.853992665587725e-07,-3.9698892706496736e-07,0.0,00003_001124_04
learned_minus_fixed,RELLIS-3D,-3.0974419740759096e-06,6.363778922047203e-06,4.1721850863041254e-08,0.0,00003_001124_04
learned_minus_zero,RELLIS-3D,-2.365436399531795e-07,-7.801395905948638e-07,-1.9589795765995177e-05,0.0,00003_001124_05
learned_minus_fixed,RELLIS-3D,3.3996470548691704e-06,1.0231454868003809e-05,0.00026603711760841975,0.0,00003_001124_05
learned_minus_zero,RELLIS-3D,0.0,0.0,0.0,0.0,00003_001185_00
learned_minus_fixed,RELLIS-3D,0.0,0.0,0.0,0.0,00003_001185_00
learned_minus_zero,RELLIS-3D,0.0,0.0,0.0,0.0,00003_001185_01
learned_minus_fixed,RELLIS-3D,-3.428654693493627e-09,5.356526955324625e-08,1.418916436790596e-06,0.0,00003_001185_01
learned_minus_zero,RELLIS-3D,0.0,0.0,0.0,0.0,00003_001185_03
learned_minus_fixed,RELLIS-3D,0.0,0.0,0.0,0.0,00003_001185_03
learned_minus_zero,RELLIS-3D,0.0,0.0,0.0,0.0,00003_001185_04
learned_minus_fixed,RELLIS-3D,0.0,0.0,0.0,0.0,00003_001185_04
learned_minus_zero,RELLIS-3D,0.0,0.0,0.0,0.0,00003_001185_05
learned_minus_fixed,RELLIS-3D,0.0,0.0,0.0,0.0,00003_001185_05
learned_minus_zero,RELLIS-3D,-2.134563747979712e-09,3.84754461624226e-09,-6.293845444815815e-10,0.0,00003_001185_06
learned_minus_fixed,RELLIS-3D,5.438935662960276e-08,3.5641650431017524e-07,1.0129903433409027e-05,0.0,00003_001185_06
learned_minus_zero,RELLIS-3D,-1.131709614909937e-08,5.693963300856808e-09,-2.755092562978234e-07,0.0,00003_001258_00
learned_minus_fixed,RELLIS-3D,1.2386529457675266e-07,-2.921818315071434e-07,-5.434723924224727e-07,0.0,00003_001258_00
learned_minus_zero,RELLIS-3D,-1.3910053320298488e-07,-9.235369274884775e-07,-2.1705924993398185e-05,0.0,00003_001258_01
learned_minus_fixed,RELLIS-3D,1.9075779868482634e-06,1.2633492711855432e-05,0.00029710857942788493,0.0,00003_001258_01
learned_minus_zero,RELLIS-3D,0.0,0.0,0.0,0.0,00003_001258_02
learned_minus_fixed,RELLIS-3D,0.0,0.0,0.0,0.0,00003_001258_02
learned_minus_zero,RELLIS-3D,-3.0605478151812804e-08,1.0045669552871672e-06,2.4211517946071126e-05,0.0,00003_001258_03
learned_minus_fixed,RELLIS-3D,3.9836086418443273e-07,-1.3330505098219092e-05,-0.0003216602480691222,0.0,00003_001258_03
learned_minus_zero,RELLIS-3D,1.192921853521156e-07,-6.276065960264532e-07,-1.1387264240880768e-05,0.0,00003_001258_04
learned_minus_fixed,RELLIS-3D,-3.060248982000857e-06,1.3196491177369651e-05,0.00022105517432180477,0.0,00003_001258_04
learned_minus_zero,RELLIS-3D,-3.916678870119483e-09,5.952932725650228e-07,1.6446964000493836e-05,0.0,00003_001258_05
learned_minus_fixed,RELLIS-3D,-5.003114078583337e-08,-1.0615328558283288e-05,-0.0002976520940691785,0.0,00003_001258_05
learned_minus_zero,RELLIS-3D,0.0,0.0,0.0,0.0,00003_001258_06
learned_minus_fixed,RELLIS-3D,0.0,0.0,0.0,0.0,00003_001258_06
learned_minus_zero,RELLIS-3D,0.0,0.0,0.0,0.0,00003_001258_07
learned_minus_fixed,RELLIS-3D,0.0,0.0,0.0,0.0,00003_001258_07
learned_minus_zero,RELLIS-3D,1.0099860614509737e-07,-6.055801082816004e-09,2.9302150572618757e-06,0.0,00003_001298_00
learned_minus_fixed,RELLIS-3D,-1.287417080275688e-06,-6.353194987873678e-07,-4.6133462975106454e-05,0.0,00003_001298_00
learned_minus_zero,RELLIS-3D,0.0,0.0,0.0,0.0,00003_001298_01
learned_minus_fixed,RELLIS-3D,0.0,0.0,0.0,0.0,00003_001298_01
learned_minus_zero,RELLIS-3D,0.0,0.0,0.0,0.0,00003_001298_02
learned_minus_fixed,RELLIS-3D,0.0,0.0,0.0,0.0,00003_001298_02
learned_minus_zero,RELLIS-3D,0.0,0.0,0.0,0.0,00003_001298_03
learned_minus_fixed,RELLIS-3D,0.0,0.0,0.0,0.0,00003_001298_03
learned_minus_zero,RELLIS-3D,7.776042476592693e-09,6.416391973296243e-08,1.7210119196420237e-06,0.0,00003_001298_04
learned_minus_fixed,RELLIS-3D,-5.71116329783905e-08,-1.507419829183121e-06,-3.554367552283111e-05,0.0,00003_001298_04
learned_minus_zero,RELLIS-3D,-2.415044969561464e-07,-1.00647848488844e-06,-2.1838815493779862e-05,0.0,00003_001298_05
learned_minus_fixed,RELLIS-3D,3.2240294351448817e-06,1.7007124822443487e-05,0.00034277327616472064,0.0,00003_001298_05
learned_minus_zero,RELLIS-3D,1.6739876651516994e-07,2.2860047232953207e-07,9.724956642642724e-06,0.0,00003_001298_06
learned_minus_fixed,RELLIS-3D,-2.445855468158342e-06,-2.268841870600724e-06,-0.00012316600331985228,0.0,00003_001298_06
learned_minus_zero,RELLIS-3D,0.0,0.0,0.0,0.0,00003_001298_07
learned_minus_fixed,RELLIS-3D,0.0,0.0,0.0,0.0,00003_001298_07
learned_minus_zero,RELLIS-3D,0.0,0.0,0.0,0.0,00003_001631_00
learned_minus_fixed,RELLIS-3D,0.0,0.0,0.0,0.0,00003_001631_00
learned_minus_zero,RELLIS-3D,0.0,0.0,0.0,0.0,00003_001631_01
learned_minus_fixed,RELLIS-3D,0.0,0.0,0.0,0.0,00003_001631_01
learned_minus_zero,RELLIS-3D,3.876654227630283e-07,-4.173396052076228e-07,7.154795884645182e-06,0.0,00003_001631_04
learned_minus_fixed,RELLIS-3D,-3.6221957314674924e-06,3.965072707279305e-06,-6.555916610295753e-05,0.0,00003_001631_04
learned_minus_zero,RELLIS-3D,7.350852448961831e-08,-4.163197264706042e-08,2.000872143526067e-06,0.0,00003_001631_05
learned_minus_fixed,RELLIS-3D,-7.532381677277655e-07,3.8179056005560597e-07,-2.1458191941547966e-05,0.0,00003_001631_05
learned_minus_zero,RELLIS-3D,1.878833242319189e-07,-1.3906837847965647e-06,-1.448856952812605e-05,0.0,00003_001631_06
learned_minus_fixed,RELLIS-3D,-1.859146352978236e-06,1.3457964353369434e-05,0.00013894776100009665,0.0,00003_001631_06
learned_minus_zero,RELLIS-3D,1.807915153695383e-07,-1.3780782669448044e-06,-1.55139057138598e-05,0.0,00003_001631_07
learned_minus_fixed,RELLIS-3D,-1.813071366263408e-06,1.3132492636347415e-05,0.0001449822527828104,0.0,00003_001631_07
learned_minus_zero,RELLIS-3D,0.0,0.0,0.0,0.0,00003_001643_00
learned_minus_fixed,RELLIS-3D,0.0,0.0,0.0,0.0,00003_001643_00
learned_minus_zero,RELLIS-3D,-4.34334312071627e-07,-2.4268705400842805e-07,-1.8528728750411005e-05,0.0,00003_001643_01
learned_minus_fixed,RELLIS-3D,5.5570283215566896e-06,2.7895658568644066e-06,0.00023171995279014368,0.0,00003_001643_01
learned_minus_zero,RELLIS-3D,-4.152071736429619e-08,4.171856571311139e-08,-8.070165158358122e-07,0.0,00003_001643_02
learned_minus_fixed,RELLIS-3D,3.8936051299787167e-07,-7.993168466002842e-07,-5.850857220934813e-07,0.0,00003_001643_02
learned_minus_zero,RELLIS-3D,6.35320129838135e-11,-4.3798953797136164e-08,-7.075257162370008e-07,0.0,00003_001643_03
learned_minus_fixed,RELLIS-3D,1.0852335435851401e-07,4.0427765113371095e-07,1.0050708718623014e-05,0.0,00003_001643_03
learned_minus_zero,RELLIS-3D,1.3662031519423579e-06,3.2811696618617603e-06,0.0001262932448327092,0.0,00003_001643_04
learned_minus_fixed,RELLIS-3D,-1.3872273667780988e-05,-3.4933263370784395e-05,-0.0013157686442006877,0.0,00003_001643_04
learned_minus_zero,RELLIS-3D,2.1125262650301124e-08,-1.3889358352336956e-06,-2.9678400011334816e-05,0.0,00003_001643_05
learned_minus_fixed,RELLIS-3D,-4.602806862874509e-07,1.715714809935598e-05,0.0003575793000791805,0.0,00003_001643_05
learned_minus_zero,RELLIS-3D,8.397191775255664e-09,9.895025054884599e-08,2.0853776767637555e-06,0.0,00003_001643_06
learned_minus_fixed,RELLIS-3D,-2.9258713563073968e-08,-2.524870643672017e-07,-5.599620330087873e-06,0.0,00003_001643_06
learned_minus_zero,RELLIS-3D,-2.3840307111777648e-07,-4.5629874179109464e-07,-1.4532886432050418e-05,0.0,00003_001808_01
learned_minus_fixed,RELLIS-3D,3.2796157909964485e-06,6.93161572218326e-06,0.00020952109192151624,0.0,00003_001808_01
learned_minus_zero,RELLIS-3D,2.354536288162734e-09,1.269132574588383e-07,1.6439691403746792e-06,0.0,00003_001808_02
learned_minus_fixed,RELLIS-3D,-0.01413869459914896,-2.4151113903192467e-06,-0.419522680605537,0.0,00003_001808_02
learned_minus_zero,RELLIS-3D,2.888020612101805e-07,-2.6235070227365043e-08,9.441060957016134e-06,0.0,00003_001808_03
learned_minus_fixed,RELLIS-3D,-2.9253290719233327e-06,7.011604835627239e-07,-8.806794565074938e-05,0.0,00003_001808_03
learned_minus_zero,RELLIS-3D,0.0,0.0,0.0,0.0,00003_001808_04
learned_minus_fixed,RELLIS-3D,0.0,0.0,0.0,0.0,00003_001808_04
learned_minus_zero,RELLIS-3D,-5.753521514773041e-08,8.859952069784072e-07,1.3056144343437381e-05,0.0,00003_001808_05
learned_minus_fixed,RELLIS-3D,6.26277644799611e-07,-8.515029049860345e-06,-0.00012301379534029877,0.0,00003_001808_05
learned_minus_zero,RELLIS-3D,-1.2732912668678154e-07,-3.5488695415697435e-06,-7.696203545748403e-05,0.0,00003_001808_07
learned_minus_fixed,RELLIS-3D,1.2621559753456246e-06,3.847887679486739e-05,0.0008289247946287048,0.0,00003_001808_07
learned_minus_zero,RELLIS-3D,-0.006306031893778097,8.345234143725122e-07,-0.18685454283574643,0.0,00003_001891_00
learned_minus_fixed,RELLIS-3D,-6.862517266947865e-06,-1.1333741049224244e-05,-0.00034183344572547014,0.0,00003_001891_00
learned_minus_zero,RELLIS-3D,-1.8069564655665005e-07,-4.4885145855655395e-07,-1.1675512363140683e-05,0.0,00003_001891_02
learned_minus_fixed,RELLIS-3D,2.947402777842001e-06,6.999670951191028e-06,0.00018623373040504987,0.0,00003_001891_02
learned_minus_zero,RELLIS-3D,-3.0319872001971504e-08,-2.2307133151766578e-07,-4.383403934937746e-06,0.0,00003_001891_03
learned_minus_fixed,RELLIS-3D,5.142808361946472e-07,3.0352014729340127e-06,6.304170459614511e-05,0.0,00003_001891_03
learned_minus_zero,RELLIS-3D,4.815434939686725e-09,1.2712161823191792e-07,2.4113323959795707e-06,0.0,00003_001891_04
learned_minus_fixed,RELLIS-3D,-7.783671374106405e-08,-1.7435241654872868e-06,-3.3501581615524856e-05,0.0,00003_001891_04
learned_minus_zero,RELLIS-3D,7.58889195373591e-08,2.5015797178173926e-07,7.604527709759168e-06,0.0,00003_001891_07
learned_minus_fixed,RELLIS-3D,-6.751847607122663e-07,-2.7815939598330175e-06,-7.78687583675719e-05,0.0,00003_001891_07
learned_minus_zero,RELLIS-3D,0.0,0.0,0.0,0.0,00003_001944_00
learned_minus_fixed,RELLIS-3D,0.0,0.0,0.0,0.0,00003_001944_00
learned_minus_zero,RELLIS-3D,1.144436967970286e-07,3.2178422260109585e-07,8.59312537393464e-06,0.0,00003_001944_02
learned_minus_fixed,RELLIS-3D,-1.1264955465106752e-06,-3.1856458341250615e-06,-8.488148591290212e-05,0.0,00003_001944_02
learned_minus_zero,RELLIS-3D,0.0,0.0,0.0,0.0,00003_001944_03
learned_minus_fixed,RELLIS-3D,0.0,0.0,0.0,0.0,00003_001944_03
learned_minus_zero,RELLIS-3D,1.5402156294808123e-07,3.1255592336520976e-08,7.500173495600393e-06,0.0,00003_001944_04
learned_minus_fixed,RELLIS-3D,-1.6818888745051552e-06,-1.2280328834934906e-06,-0.00010311985890609776,0.0,00003_001944_04
learned_minus_zero,RELLIS-3D,0.0,0.0,0.0,0.0,00003_001944_05
learned_minus_fixed,RELLIS-3D,0.0,0.0,0.0,0.0,00003_001944_05
learned_minus_zero,RELLIS-3D,-2.1036936426188646e-07,2.082270199266212e-06,2.868183713644612e-05,0.0,00003_001944_06
learned_minus_fixed,RELLIS-3D,2.2120140854564596e-06,-2.3187984577566212e-05,-0.0003236682496705612,0.0,00003_001944_06
learned_minus_zero,RELLIS-3D,-2.7287511361606676e-08,-2.0850783932768735e-07,-4.888458061458323e-06,0.0,00003_001944_07
learned_minus_fixed,RELLIS-3D,3.2254785004015574e-07,2.4646280445406177e-06,5.7783107173747794e-05,0.0,00003_001944_07
