crosses_phase_boundary,end_phase,end_step,episode_id,isolated_one_step,length_steps,regime,run_index,start_phase,start_step
0,post_opening,53,0,0,13,R1,0,post_opening,41
0,blocked_pre_opening,34,2,0,2,R3,0,blocked_pre_opening,33
0,post_opening,42,2,0,3,R3,1,post_opening,40
0,post_opening,45,2,1,1,R3,2,post_opening,45
0,post_opening,43,3,0,2,R3,0,post_opening,42
0,post_opening,55,3,0,5,R3,1,post_opening,51
0,pre_event,23,4,0,8,R3,0,pre_event,16
0,post_opening,49,4,0,10,R3,1,post_opening,40
0,pre_event,12,5,0,7,R1,0,pre_event,6
0,pre_event,21,5,0,3,R1,1,pre_event,19
0,pre_event,26,5,0,2,R1,2,pre_event,25
0,blocked_pre_opening,36,5,1,1,R1,3,blocked_pre_opening,36
0,post_opening,45,5,1,1,R1,4,post_opening,45
0,post_opening,49,5,0,2,R1,5,post_opening,48
0,pre_event,8,6,0,9,R1,0,pre_event,0
0,pre_event,18,6,1,1,R1,1,pre_event,18
0,post_opening,43,6,1,1,R1,2,post_opening,43
0,post_opening,47,6,0,3,R1,3,post_opening,45
0,pre_event,18,7,0,5,R1,0,pre_event,14
0,pre_event,20,7,1,1,R1,1,pre_event,20
0,blocked_pre_opening,24,7,1,1,R1,2,blocked_pre_opening,24
0,post_opening,41,7,0,4,R1,3,post_opening,38
0,blocked_pre_opening,33,8,0,3,R2,0,blocked_pre_opening,31
0,post_opening,47,8,0,9,R2,1,post_opening,39
0,post_opening,37,9,1,1,R2,0,post_opening,37
0,pre_event,0,10,1,1,R1,0,pre_event,0
0,post_opening,41,10,0,2,R1,1,post_opening,40
0,post_opening,53,10,1,1,R1,2,post_opening,53
1,blocked_pre_opening,31,11,0,3,R1,0,pre_event,29
0,post_opening,45,11,0,3,R1,1,post_opening,43
0,post_opening,60,11,0,11,R1,2,post_opening,50
0,pre_event,0,12,1,1,R2,0,pre_event,0
0,post_opening,43,12,0,3,R2,1,post_opening,41
0,post_opening,50,12,0,3,R2,2,post_opening,48
0,post_opening,46,13,0,5,R1,0,post_opening,42
0,post_opening,56,13,0,3,R1,1,post_opening,54
0,pre_event,24,15,1,1,R2,0,pre_event,24
0,post_opening,32,17,1,1,R2,0,post_opening,32
0,post_opening,57,22,0,5,R3,0,post_opening,53
0,post_opening,52,23,0,6,R1,0,post_opening,47
0,blocked_pre_opening,33,24,0,6,R1,0,blocked_pre_opening,28
0,blocked_pre_opening,36,24,0,2,R1,1,blocked_pre_opening,35
0,post_opening,51,24,0,12,R1,2,post_opening,40
0,blocked_pre_opening,34,25,0,5,R3,0,blocked_pre_opening,30
0,post_opening,46,25,0,8,R3,1,post_opening,39
0,post_opening,42,26,0,7,R1,0,post_opening,36
0,pre_event,8,27,0,4,R1,0,pre_event,5
0,blocked_pre_opening,35,27,1,1,R1,1,blocked_pre_opening,35
0,post_opening,44,27,0,5,R1,2,post_opening,40
0,post_opening,46,27,1,1,R1,3,post_opening,46
0,post_opening,38,28,1,1,R1,0,post_opening,38
0,post_opening,46,28,1,1,R1,1,post_opening,46
0,post_opening,43,29,0,4,R1,0,post_opening,40
0,post_opening,46,29,0,2,R1,1,post_opening,45
0,blocked_pre_opening,32,30,0,5,R1,0,blocked_pre_opening,28
0,post_opening,41,30,0,2,R1,1,post_opening,40
0,pre_event,27,31,0,2,R1,0,pre_event,26
0,post_opening,41,31,0,2,R1,1,post_opening,40
0,post_opening,61,32,0,2,R3,0,post_opening,60
0,post_opening,78,32,1,1,R3,1,post_opening,78
0,post_opening,61,34,0,2,R3,0,post_opening,60
0,post_opening,72,34,1,1,R3,1,post_opening,72
0,post_opening,53,37,1,1,R3,0,post_opening,53
0,post_opening,59,39,0,6,R3,0,post_opening,54
0,pre_event,6,40,0,7,R1,0,pre_event,0
0,post_opening,41,40,0,4,R1,1,post_opening,38
0,pre_event,10,41,1,1,R1,0,pre_event,10
0,post_opening,39,41,0,4,R1,1,post_opening,36
0,post_opening,38,42,0,3,R1,0,post_opening,36
0,post_opening,40,42,1,1,R1,1,post_opening,40
0,post_opening,42,43,0,2,R1,0,post_opening,41
0,post_opening,42,44,1,1,R1,0,post_opening,42
0,pre_event,16,45,0,17,R1,0,pre_event,0
0,post_opening,42,45,0,4,R1,1,post_opening,39
0,post_opening,51,47,1,1,R2,0,post_opening,51
0,post_opening,45,48,0,4,R1,0,post_opening,42
0,post_opening,44,49,0,3,R1,0,post_opening,42
0,post_opening,48,49,1,1,R1,1,post_opening,48
0,post_opening,50,51,1,1,R3,0,post_opening,50
0,post_opening,50,52,0,4,R1,0,post_opening,47
0,post_opening,44,53,1,1,R1,0,post_opening,44
0,post_opening,52,54,0,2,R3,0,post_opening,51
0,post_opening,39,55,0,2,R2,0,post_opening,38
0,post_opening,69,59,0,10,R2,0,post_opening,60
0,post_opening,76,59,0,5,R2,1,post_opening,72
0,post_opening,74,62,0,8,R2,0,post_opening,67
0,post_opening,80,62,1,1,R2,1,post_opening,80
0,pre_event,3,64,0,4,R1,0,pre_event,0
0,pre_event,11,64,1,1,R1,1,pre_event,11
0,post_opening,53,65,0,3,R1,0,post_opening,51
0,post_opening,62,65,0,7,R1,1,post_opening,56
0,post_opening,63,66,1,1,R1,0,post_opening,63
0,post_opening,65,66,1,1,R1,1,post_opening,65
0,pre_event,9,67,1,1,R3,0,pre_event,9
0,pre_event,32,67,1,1,R3,1,pre_event,32
0,post_opening,69,67,0,2,R3,2,post_opening,68
0,post_opening,55,70,0,4,R3,0,post_opening,52
0,blocked_pre_opening,36,72,0,2,R2,0,blocked_pre_opening,35
0,post_opening,44,72,0,4,R2,1,post_opening,41
0,pre_event,24,73,0,4,R1,0,pre_event,21
0,pre_event,28,73,1,1,R1,1,pre_event,28
0,pre_event,31,73,1,1,R1,2,pre_event,31
0,post_opening,63,73,0,2,R1,3,post_opening,62
0,post_opening,40,74,1,1,R1,0,post_opening,40
0,pre_event,7,75,1,1,R3,0,pre_event,7
0,post_opening,38,75,1,1,R3,1,post_opening,38
0,post_opening,39,76,0,2,R2,0,post_opening,38
0,post_opening,45,76,1,1,R2,1,post_opening,45
0,pre_event,6,77,0,7,R2,0,pre_event,0
0,blocked_pre_opening,34,77,0,3,R2,1,blocked_pre_opening,32
0,pre_event,8,78,0,2,R3,0,pre_event,7
0,post_opening,38,78,1,1,R3,1,post_opening,38
0,post_opening,44,79,0,2,R2,0,post_opening,43
0,post_opening,41,80,0,2,R2,0,post_opening,40
0,blocked_pre_opening,35,81,0,5,R1,0,blocked_pre_opening,31
0,post_opening,41,81,1,1,R1,1,post_opening,41
0,post_opening,52,81,0,3,R1,2,post_opening,50
0,pre_event,14,82,0,2,R3,0,pre_event,13
0,blocked_pre_opening,32,82,0,6,R3,1,blocked_pre_opening,27
0,post_opening,45,82,0,8,R3,2,post_opening,38
1,blocked_pre_opening,29,83,0,2,R1,0,pre_event,28
0,post_opening,44,83,0,3,R1,1,post_opening,42
0,post_opening,49,84,0,6,R1,0,post_opening,44
0,post_opening,61,84,0,5,R1,1,post_opening,57
0,pre_event,20,85,0,3,R1,0,pre_event,18
0,blocked_pre_opening,36,85,0,4,R1,1,blocked_pre_opening,33
0,post_opening,47,85,0,7,R1,2,post_opening,41
0,post_opening,41,86,0,3,R1,0,post_opening,39
0,post_opening,43,86,1,1,R1,1,post_opening,43
0,post_opening,46,86,1,1,R1,2,post_opening,46
0,blocked_pre_opening,31,87,0,3,R1,0,blocked_pre_opening,29
0,post_opening,41,87,1,1,R1,1,post_opening,41
0,post_opening,48,88,1,1,R1,0,post_opening,48
0,post_opening,49,89,0,3,R1,0,post_opening,47
0,post_opening,80,90,1,1,R1,0,post_opening,80
0,post_opening,53,91,0,4,R2,0,post_opening,50
0,post_opening,49,93,0,4,R2,0,post_opening,46
0,post_opening,48,95,1,1,R1,0,post_opening,48
0,post_opening,48,96,0,5,R2,0,post_opening,44
0,post_opening,51,96,1,1,R2,1,post_opening,51
0,post_opening,50,97,0,7,R2,0,post_opening,44
0,post_opening,52,97,1,1,R2,1,post_opening,52
1,blocked_pre_opening,25,98,0,8,R1,0,pre_event,18
0,post_opening,40,98,0,5,R1,1,post_opening,36
0,post_opening,47,99,0,8,R1,0,post_opening,40
