arm,compute_ms_per_step,cvar20_risk,cvar20_violation,effective_soft_rate,episode_id,event_type,false_pre_activation_rate,final_distance_m,gate_diagnostic_rate,hard_contacts,hard_hazard_length_m,mean_lam_hard_used,mean_lam_soft_learned,mean_lam_soft_used,mean_risk,out_of_bounds_or_nonfinite,path_length_m,post_open_activation_delay,post_open_activation_rate,regime,risk_exposure,scene_id,sequence,steps,success
gate_on,8.564284338977554,0.8908999805925628,2.3629801654601548,0.23214285714285715,0,delayed_required_escape,0.0,2.514268159866333,0.23214285714285715,10,5.358644872903824,0.043329290546742935,0.07272950213934694,0.018506752060992376,0.5710401304737251,0,34.35184697061777,6.0,0.6190476190476191,R1,19.616283176115008,00000_000531,00000,56,1.0
gate_on,8.493550271249644,0.6459536337663645,1.9600181268606136,0.0,1,delayed_required_escape,0.0,2.5946552753448486,0.0,7,4.756281495094299,0.037523858470179264,0.06669215870610738,0.0,0.4730053295134083,0,35.940141439437866,103.0,0.0,R1,16.99987844431981,00000_000531,00000,59,1.0
gate_on,8.067822454772381,0.9499998868548164,2.2891397638925843,0.10909090909090909,2,delayed_required_escape,0.2,2.5011255741119385,0.10909090909090909,9,4.490967035293579,0.039457633651115674,0.0683442354879596,0.005398849872025577,0.5855311744622997,0,31.259893909096718,5.0,0.2,R3,18.303642394160295,00000_000531,00000,55,1.0
gate_on,8.19756620330736,0.9264623059018361,1.3941213816136981,0.109375,3,delayed_required_escape,0.0,2.7984061241149902,0.109375,3,1.954156219959259,0.039327620121184736,0.06770320690702647,0.007727805816102773,0.5660041847735645,0,39.482353173196316,3.0,0.28,R3,22.34717712073694,00000_000531,00000,64,1.0
gate_on,7.844199254495007,0.9499932039672364,1.5975663233089985,0.32727272727272727,4,delayed_required_escape,0.0,2.482466220855713,0.32727272727272727,3,2.041104257106781,0.0565441809933294,0.08416068702936172,0.024071994762529025,0.6050460956677284,0,31.519286334514618,4.0,0.5263157894736842,R3,19.070621134931255,00000_000531,00000,55,1.0
gate_on,8.176261476742534,0.757857466152971,1.7022059071716609,0.24615384615384617,5,delayed_required_escape,0.1,2.536807060241699,0.24615384615384617,6,4.058098614215851,0.0509655875655321,0.08006312658007328,0.02010678775035418,0.5251962889767156,0,42.97247115522623,4.0,0.125,R1,22.56898237888377,00000_000531,00000,65,1.0
gate_on,8.68634196876883,0.7089631496312704,2.113445216613494,0.21875,6,delayed_required_escape,0.0,2.7988669872283936,0.21875,8,6.1409701108932495,0.0427082474634517,0.07164306100457907,0.014803106139879674,0.5054793345091989,0,40.611791133880615,3.0,0.16666666666666666,R1,20.528421155580563,00000_000531,00000,64,1.0
gate_on,7.722575403861881,0.949999988079071,2.377843667667401,0.21153846153846154,7,delayed_required_escape,0.1,2.588181734085083,0.21153846153846154,9,4.946568548679352,0.04664316003282483,0.07489176037219855,0.014506861495857056,0.5848480567666373,0,30.15613967180252,4.0,0.2222222222222222,R1,17.636759686637003,00000_000531,00000,52,1.0
gate_on,7.864386254725248,0.9499980887710356,2.628876824235302,0.23529411764705882,8,delayed_required_escape,0.3,2.8657124042510986,0.23529411764705882,12,5.522435963153839,0.031902364236028755,0.05832009784439031,0.017626341651467717,0.5656873157878073,0,29.011563934385777,5.0,0.5294117647058824,R2,16.411473728849046,00000_001492,00000,51,1.0
gate_on,7.971183734836665,0.9149117903012706,2.774425280290071,0.02040816326530612,9,delayed_required_escape,0.0,2.671856164932251,0.02040816326530612,13,6.526007369160652,0.029440703573731745,0.05426631704428975,0.0013438633510044643,0.5036375685615332,0,27.654728576540947,5.0,0.058823529411764705,R2,13.927960259518233,00000_001492,00000,49,1.0
gate_on,7.952836428428002,0.9495657411534215,2.5406137562462,0.07142857142857142,10,delayed_required_escape,0.0,2.981541395187378,0.07142857142857142,9,6.108775973320007,0.03182270896754095,0.05709313182160258,0.004631960831050362,0.5048800625767783,0,33.438329704105854,4.0,0.15,R1,16.88234599347191,00000_001492,00000,56,1.0
gate_on,8.26249254565813,0.8973983109235004,1.3684051080153352,0.25757575757575757,11,delayed_required_escape,0.2,2.550095796585083,0.25757575757575757,3,1.9633200764656067,0.037541462884595,0.06459652497009798,0.021275882919629414,0.5446923268399295,0,40.163976430892944,3.0,0.5384615384615384,R1,21.877009777287167,00000_001492,00000,66,1.0
gate_on,7.948471869238973,0.9237140839877735,1.3482038494321997,0.11475409836065574,12,delayed_required_escape,0.0,2.498843193054199,0.11475409836065574,3,1.7910142540931702,0.0383432399115113,0.06395447138147276,0.007140569449936757,0.49319921829556523,0,36.66538358479738,2.0,0.2727272727272727,R2,18.083338522529118,00000_001492,00000,61,1.0
gate_on,7.873743533370241,0.949998426493073,2.7169188033590737,0.13333333333333333,13,delayed_required_escape,0.0,2.778277635574341,0.13333333333333333,20,9.104557946324348,0.03480492920304338,0.06104063025365273,0.010682329535484314,0.5675560420582287,0,33.195625085383654,4.0,0.36363636363636365,R1,18.84037758710919,00000_001492,00000,60,1.0
gate_on,7.8016242496232735,0.6803083800300795,2.5473058023440713,0.0,14,delayed_required_escape,0.0,2.606440305709839,0.0,11,6.6292106211185455,0.02805441846915831,0.054880622774362564,0.0,0.45231952774838824,0,28.580240182578564,109.0,0.0,R1,12.927400742319447,00000_001492,00000,48,1.0
gate_on,7.658690833421941,0.744529483178178,2.37606504388543,0.018518518518518517,15,delayed_required_escape,0.0,2.552588939666748,0.018518518518518517,11,5.166095077991486,0.036567757527033486,0.061659658672633,0.0010160107027601313,0.43143827365117604,0,31.35450228303671,105.0,0.0,R2,13.527532336185214,00000_001492,00000,54,1.0
gate_on,8.279816424118955,0.8298213091870511,2.576678928773273,0.0,16,delayed_required_escape,0.0,2.88313889503479,0.0,12,8.158444464206696,0.017432628436235047,0.03857267922642878,0.0,0.5163673234488273,0,37.59390003979206,103.0,0.0,R1,19.412261541550187,00000_002145,00000,59,1.0
gate_on,8.293177687543599,0.622080303523913,2.5702012245018526,0.020833333333333332,17,delayed_required_escape,0.0,2.695950746536255,0.020833333333333332,13,8.446988552808762,0.015208558460775142,0.035711195901967585,0.0008741940061251322,0.40610839340242794,0,28.667046181857586,0.0,0.0625,R2,11.64192806850739,00000_002145,00000,48,1.0
gate_on,8.108307507043232,0.837645882241916,2.737993605095636,0.0,18,delayed_required_escape,0.0,2.8503289222717285,0.0,14,9.409632325172424,0.02084257684543099,0.04350073745762798,0.0,0.5337800133067976,0,40.689753375947475,102.0,0.0,R1,21.719377098463553,00000_002145,00000,71,1.0
gate_on,8.186224095717915,0.855378262507287,2.7136702958803167,0.0,19,delayed_required_escape,0.0,2.703575849533081,0.0,20,12.12384769320488,0.01943959908764044,0.04104726447736564,0.0,0.512956612379454,0,41.07751839607954,98.0,0.0,R1,21.07098468140766,00000_002145,00000,73,1.0
gate_on,8.095212080778795,0.663682514543612,2.623574669938637,0.0,20,delayed_required_escape,0.0,2.8561811447143555,0.0,13,8.250604629516602,0.014458460102398549,0.035212692233823964,0.0,0.4843224850371462,0,35.57606349885464,103.0,0.0,R1,17.230287481604588,00000_002145,00000,62,1.0
gate_on,8.170106957755117,0.8406754959316037,2.4211518309931686,0.0,21,delayed_required_escape,0.0,2.8926920890808105,0.0,11,7.250625014305115,0.020376591720211674,0.04288634261719777,0.0,0.5177491866875142,0,41.15052109956741,102.0,0.0,R1,21.30564883106843,00000_002145,00000,71,1.0
gate_on,8.17369753399175,0.9040789403803742,2.8747716872569584,0.0684931506849315,22,delayed_required_escape,0.0,2.4631524085998535,0.0684931506849315,35,20.114404052495956,0.017029840952066118,0.038855924003132404,0.0024471366650437656,0.601503180192029,0,43.33995255082846,10.0,0.16666666666666666,R3,26.069119288694957,00000_002145,00000,73,1.0
gate_on,8.166105583465347,0.9498030019117152,2.945812410629371,0.1,23,delayed_required_escape,0.0,2.9578535556793213,0.1,23,14.391594588756561,0.012455008869680265,0.03218156875421604,0.003457488492131233,0.6068941288414185,0,33.86413970589638,11.0,0.25,R1,20.55194756577407,00000_002145,00000,60,1.0
gate_on,8.0984978224977,0.8983185262564629,2.3258659722353534,0.3225806451612903,24,delayed_required_escape,0.8,2.483652353286743,0.3225806451612903,11,6.842105507850647,0.03985155277675198,0.06658041308964452,0.024321308900271694,0.5423287342556721,0,39.829291217029095,3.0,0.48,R1,21.600569092031947,00000_000983,00000,62,1.0
gate_on,8.13004687046891,0.9499999823474734,2.6196796388888135,0.24074074074074073,25,delayed_required_escape,0.5,2.497979164123535,0.24074074074074073,13,6.000179439783096,0.029539528889236628,0.05547861271986255,0.016584052738768083,0.574038127429221,0,30.72192957252264,4.0,0.42105263157894735,R3,17.635558922823304,00000_000983,00000,54,1.0
gate_on,8.015006326248262,0.9499995392093059,2.546968800793017,0.14285714285714285,26,delayed_required_escape,0.0,2.5787622928619385,0.14285714285714285,8,5.153252482414246,0.036667791138194045,0.06393353222888343,0.009198105913035723,0.553849082836268,0,28.443330980837345,5.0,0.3888888888888889,R1,15.75331277654517,00000_000983,00000,49,1.0
gate_on,8.090886745644225,0.949959329024371,1.5967600906270347,0.2,27,delayed_required_escape,0.1,2.9800260066986084,0.2,3,2.039950966835022,0.05983771857890216,0.0875701603564349,0.01648016016591679,0.6228897849281252,0,31.53909345716238,4.0,0.3157894736842105,R1,19.645379140359914,00000_000983,00000,55,1.0
gate_on,7.883959678814413,0.9499991309099352,2.548222859467279,0.03773584905660377,28,delayed_required_escape,0.0,2.5083537101745605,0.03773584905660377,10,6.18062636256218,0.031702824956122436,0.058004856601638614,0.0024126278904249084,0.5393662464787423,0,31.538698010146618,4.0,0.10526315789473684,R1,17.01090916455936,00000_000983,00000,53,1.0
gate_on,7.800525766894377,0.9167473836964648,1.8479620419266167,0.1,29,delayed_required_escape,0.0,2.904235363006592,0.1,6,3.7362140417099,0.054571539908647534,0.08316041020055612,0.00647787128885587,0.621649564177184,0,36.816333405673504,3.0,0.2608695652173913,R1,22.88685761623883,00000_000983,00000,60,1.0
gate_on,8.00405027583675,0.9447857447965199,1.6863184746342978,0.1206896551724138,30,delayed_required_escape,0.5,2.802821397781372,0.1206896551724138,5,2.949301689863205,0.03662627167871286,0.06362394082905917,0.008653570608846072,0.4971609782838397,0,35.22823189944029,3.0,0.09523809523809523,R1,17.514102234335702,00000_000983,00000,58,1.0
gate_on,8.045716564670476,0.76749112944375,1.4884512879805765,0.06451612903225806,31,delayed_required_escape,0.0,2.7662477493286133,0.06451612903225806,4,3.2608837485313416,0.05199593146361651,0.08148994735412059,0.004337553776079609,0.5188648311854194,0,45.126800298690796,1.0,0.08695652173913043,R1,23.41470961891833,00000_000983,00000,62,1.0
gate_on,8.174313326444647,0.6740516235704828,2.3532575313417703,0.030612244897959183,32,delayed_required_escape,0.0,2.471755027770996,0.030612244897959183,15,10.884580075740814,0.03558920380868474,0.06502947568589328,0.0015089391749732348,0.5355583291954367,0,64.71529361605644,6.0,0.06818181818181818,R3,34.6588145224073,00000_002723,00000,98,1.0
gate_on,8.079063109431594,0.8310452270371684,2.3168994275328356,0.0,33,delayed_required_escape,0.0,2.7774527072906494,0.0,11,6.858125746250153,0.035566237844424704,0.06338769424553603,0.0,0.5029910788673169,0,45.76637679338455,97.0,0.0,R1,23.020079239152626,00000_002723,00000,73,1.0
gate_on,8.32178185258894,0.6448876832031756,2.3020785664605055,0.031578947368421054,34,delayed_required_escape,0.0,2.3045525550842285,0.031578947368421054,16,10.710175693035126,0.035745023837999296,0.0649409589798827,0.0013210688374544444,0.44107683962594957,0,60.93099865317345,8.0,0.06976744186046512,R3,26.875252321194733,00000_002723,00000,95,1.0
gate_on,7.928431635567297,0.6729717525169038,2.6701621178403863,0.0,35,delayed_required_escape,0.0,2.782230854034424,0.0,23,15.931675791740417,0.03222264024467828,0.060360770168093346,0.0,0.5399778584728984,0,64.03791926056147,87.0,0.0,R3,34.57905850337835,00000_002723,00000,96,1.0
gate_on,7.920096597844371,0.7225023921948193,2.7225023921948193,0.0,36,delayed_required_escape,0.0,2.722627639770508,0.0,26,17.172436773777008,0.03992856207599,0.06831358586687868,0.0,0.5236849341114278,0,51.5736640393734,94.0,0.0,R3,27.008350854344176,00000_002723,00000,82,1.0
gate_on,7.959385270353508,0.823429460303534,2.791233414829277,0.013513513513513514,37,delayed_required_escape,0.0,2.9323959350585938,0.013513513513513514,16,10.60392713546753,0.038865685123144776,0.06649098434561007,0.0005239263378285073,0.5359784504971047,0,46.72027739137411,10.0,0.03225806451612903,R3,25.04106188302361,00000_002723,00000,74,1.0
gate_on,7.778027250263703,0.9475964721992037,2.9034996531176134,0.0,38,delayed_required_escape,0.0,2.7851243019104004,0.0,17,10.86239618062973,0.030200070057831267,0.05769461837104138,0.0,0.5425882381544446,0,40.508744947612286,100.0,0.0,R1,21.979568550972715,00000_002723,00000,68,1.0
gate_on,7.859564507501756,0.7660265665227753,2.1433432370595495,0.08955223880597014,39,delayed_required_escape,0.0,2.6117379665374756,0.08955223880597014,9,5.843056678771973,0.03276903627078925,0.060094213113188744,0.006695341374447096,0.5313738801668247,0,42.208205461502075,14.0,0.2222222222222222,R3,22.42833791095692,00000_002723,00000,67,1.0
gate_on,8.082717388027291,0.9499996484548089,2.7522792688578064,0.22448979591836735,40,delayed_required_escape,0.0,2.9090075492858887,0.22448979591836735,12,7.787627816200256,0.054715504717766025,0.08232668057388189,0.020077783538370718,0.6105485460995385,0,27.539073579013348,5.0,0.25,R1,16.813941334594812,00000_001214,00000,49,1.0
gate_on,8.234375717659967,0.9499762894462951,2.697226887370217,0.10869565217391304,41,delayed_required_escape,0.0,2.840430974960327,0.10869565217391304,10,6.644568562507629,0.0521773740892177,0.0794067228131968,0.00657350035465282,0.5838835820886278,0,27.71783884614706,5.0,0.26666666666666666,R1,16.183991033243665,00000_001214,00000,46,1.0
gate_on,8.021918760673346,0.949999988079071,2.8011454570864034,0.08695652173913043,42,delayed_required_escape,0.0,2.4558138847351074,0.08695652173913043,15,8.977063030004501,0.05107597873100768,0.07874267766981022,0.0046504623378100605,0.6373481085580415,0,26.043624505400658,5.0,0.26666666666666666,R1,16.59885481851297,00000_001214,00000,46,1.0
gate_on,8.800926275555334,0.9498770133911508,2.2272830403440618,0.034482758620689655,43,delayed_required_escape,0.0,2.601200580596924,0.034482758620689655,8,5.229479789733887,0.03401993963353593,0.06189877038885807,0.0016152766244164828,0.5330589848747328,0,33.803171776235104,4.0,0.09523809523809523,R1,18.0190844325861,00000_001214,00000,58,1.0
gate_on,8.17467387726841,0.775399912400828,2.4046908059124963,0.017543859649122806,44,delayed_required_escape,0.0,2.951907157897949,0.017543859649122806,9,6.992069840431213,0.051603701423134724,0.08027914976864531,0.0007940508555947689,0.49249399817679623,0,40.767593681812286,5.0,0.05,R1,20.077795208402826,00000_001214,00000,57,1.0
gate_on,8.2383551895779,0.8955789176162895,1.4814450437315125,0.3620689655172414,45,delayed_required_escape,0.0,2.8836233615875244,0.3620689655172414,3,2.3046010732650757,0.05534275393162308,0.08337338410060981,0.035293579872312214,0.6064664897285342,0,37.7144006639719,3.0,0.18181818181818182,R1,22.87252018289454,00000_001214,00000,58,1.0
gate_on,7.949578018424119,0.7074947435981681,2.6167182594237133,0.0,46,delayed_required_escape,0.0,2.7543580532073975,0.0,19,12.996181070804596,0.03659241122878947,0.06542236175177232,0.0,0.3799691937047084,0,31.447438843548298,106.0,0.0,R2,11.949057981461173,00000_001214,00000,53,1.0
gate_on,7.923195034923163,0.9148549684703139,2.871439346729781,0.017543859649122806,47,delayed_required_escape,0.0,2.94339656829834,0.017543859649122806,14,9.97369247674942,0.035640834258836615,0.06436817027759134,0.001158782656778369,0.5096947800137102,0,35.998448736965656,15.0,0.047619047619047616,R2,18.348221409822532,00000_001214,00000,57,1.0
gate_on,8.205118114853919,0.9487766690437092,2.614089267007646,0.06557377049180328,48,delayed_required_escape,0.0,2.9223079681396484,0.06557377049180328,19,11.502526015043259,0.015828370238791724,0.03606695150498484,0.002519685286478918,0.5146904722132442,0,35.51284813135862,4.0,0.17391304347826086,R1,18.278124574366196,00000_002215,00000,61,1.0
gate_on,8.092482850285402,0.9496301252196634,2.645403155886003,0.06666666666666667,49,delayed_required_escape,0.0,2.9809343814849854,0.06666666666666667,23,12.037237495183945,0.015675330782930055,0.03583965341870984,0.002733210101723671,0.5298234739786345,0,34.89002875611186,4.0,0.18181818181818182,R1,18.48555624277764,00000_002215,00000,60,1.0
gate_on,8.094174645912762,0.6475909865238797,2.6422474975988606,0.0,50,delayed_required_escape,0.0,2.5166635513305664,0.0,26,14.651258081197739,0.01940352814988448,0.040688533106675515,0.0,0.46174236706612803,0,39.097523614764214,100.0,0.0,R1,18.052983100305063,00000_002215,00000,65,1.0
gate_on,8.218653380892993,0.7574504020469464,2.643164110339712,0.015873015873015872,51,delayed_required_escape,0.0,2.5212812423706055,0.015873015873015872,15,8.370099902153015,0.021359984312088243,0.04213230897273336,0.0009865506537376889,0.4990701205886315,0,39.90178329497576,11.0,0.041666666666666664,R3,19.913787800724993,00000_002215,00000,63,1.0
gate_on,8.209446833158532,0.5779934480144581,2.5264129420002814,0.06666666666666667,52,delayed_required_escape,0.0,2.613499641418457,0.06666666666666667,19,9.468694150447845,0.015509320609271526,0.035337205572674675,0.003644461060563723,0.4148613144190031,0,35.19421438500285,10.0,0.17391304347826086,R1,14.60071803970647,00000_002215,00000,60,1.0
gate_on,8.106413968129171,0.6654167996719701,2.665166763106754,0.015873015873015872,53,delayed_required_escape,0.0,2.871692657470703,0.015873015873015872,22,11.747716084122658,0.01610561560041138,0.036170242945589716,0.000609256090625884,0.5035324061915508,0,36.75046107172966,4.0,0.043478260869565216,R1,18.505048092096956,00000_002215,00000,63,1.0
gate_on,8.57215706893275,0.9183183007922167,2.782066960016255,0.034482758620689655,54,delayed_required_escape,0.0,2.9962096214294434,0.034482758620689655,18,8.223450258374214,0.015489976291127246,0.035433788880192,0.0024046391762536146,0.5970196228791245,0,36.202185943722725,15.0,0.09090909090909091,R3,21.613415399521283,00000_002215,00000,58,1.0
gate_on,8.145748703908692,0.9499756969840242,2.9025735500866983,0.037037037037037035,55,delayed_required_escape,0.0,2.494908571243286,0.037037037037037035,26,16.56564149260521,0.012938400282076112,0.032384772405580235,0.001334252663784557,0.6339232185413479,0,32.02750430256128,5.0,0.09523809523809523,R2,20.302978609326516,00000_002215,00000,54,1.0
gate_on,7.894712328036759,0.726015549468737,2.715038202629101,0.0,56,delayed_required_escape,0.0,2.962575912475586,0.0,14,8.488506495952606,0.01852857961212514,0.039154972667332553,0.0,0.4322560653572955,0,36.265559419989586,103.0,0.0,R1,15.676008022865902,00000_001633,00000,61,1.0
gate_on,7.930200675112353,0.7358451636212789,2.338214653197354,0.0,57,delayed_required_escape,0.0,2.6912009716033936,0.0,12,7.263328596949577,0.02004731216697724,0.04242929136501504,0.0,0.48056056215177095,0,44.04506265372038,97.0,0.0,R2,21.16632006888184,00000_001633,00000,77,1.0
gate_on,7.8560822640044865,0.8454293823099046,2.8454293823099044,0.0,58,delayed_required_escape,0.0,2.6867475509643555,0.0,18,11.664552122354507,0.013607538603949096,0.03343824775151487,0.0,0.5216185789359491,0,31.502557575702667,106.0,0.0,R3,16.432319315485945,00000_001633,00000,53,1.0
gate_on,8.075992035585278,0.6251815776369378,2.3439386667017663,0.17857142857142858,59,delayed_required_escape,0.0,2.8691868782043457,0.17857142857142858,14,9.42300945520401,0.03475516928648133,0.05592709028029016,0.01808182265432108,0.5062700994462025,0,53.26626551896334,13.0,0.40540540540540543,R2,26.967117541413394,00000_001633,00000,84,1.0
gate_on,7.880395739567061,0.9102543834098394,2.777140792119841,0.0,60,delayed_required_escape,0.0,2.9120426177978516,0.0,13,8.47158595919609,0.009757570861636297,0.028460817654495655,0.0,0.45761354063294934,0,26.461709916591644,109.0,0.0,R2,12.10923676613353,00000_001633,00000,46,1.0
gate_on,7.866661831163644,0.7189040769706004,2.692303360576063,0.0,61,delayed_required_escape,0.0,2.6908857822418213,0.0,28,15.69689616560936,0.02216908996506186,0.04540297282294611,0.0,0.5186734949299009,0,51.1711236089468,92.0,0.0,R1,26.541105521742406,00000_001633,00000,89,1.0
gate_on,7.995931548776287,0.6298646265375677,2.204289657812067,0.10975609756097561,62,delayed_required_escape,0.0,2.563272476196289,0.10975609756097561,14,8.414260447025299,0.038774490100899485,0.05951769250195201,0.014206331132388696,0.5116317784507185,0,52.4098192602396,21.0,0.25,R2,26.814529036397104,00000_001633,00000,82,1.0
gate_on,8.042351683737555,0.7692772096527475,2.7010432044458494,0.0,63,delayed_required_escape,0.0,2.713628053665161,0.0,16,9.932169258594513,0.01723173401939372,0.037533519634356104,0.0,0.473651972864696,0,35.27781890332699,103.0,0.0,R2,16.709408521924296,00000_001633,00000,60,1.0
gate_on,7.872981459808511,0.8635614606931447,2.8635614606931443,0.06756756756756757,64,delayed_required_escape,0.0,2.894805431365967,0.06756756756756757,24,15.389412581920624,0.03472843401234697,0.06208973820950534,0.007187262177467346,0.6034976968353956,0,43.574235543608665,97.0,0.0,R1,26.296950791930858,00000_002565,00000,74,1.0
gate_on,7.895715666624407,0.9408876346146687,2.7965599950495394,0.13333333333333333,65,delayed_required_escape,0.0,2.3504867553710938,0.13333333333333333,16,10.085802674293518,0.03141743710885445,0.058243030905723574,0.0076363064845403035,0.5629616848058333,0,47.65589775145054,8.0,0.3125,R1,26.82844448909112,00000_002565,00000,75,1.0
gate_on,7.949352325158543,0.6961806761592378,2.5291420956152493,0.025,66,delayed_required_escape,0.0,2.8506276607513428,0.025,14,9.506576955318451,0.037045031785964966,0.06471148456912487,0.0017427420243620872,0.5206943754553369,0,51.74373111873865,17.0,0.058823529411764705,R1,26.942669758600506,00000_002565,00000,80,1.0
gate_on,8.025392728323704,0.7345156806834418,2.0504113679633598,0.043478260869565216,67,delayed_required_escape,0.0,2.983626127243042,0.043478260869565216,11,7.368809461593628,0.04099657017049258,0.06957899052244813,0.0027793498061921286,0.46590894664811044,0,55.84933406114578,15.0,0.05128205128205128,R3,26.020704403426862,00000_002565,00000,92,1.0
gate_on,7.909117872953754,0.8773662494805832,2.8381777175848146,0.0,68,delayed_required_escape,0.0,2.4547312259674072,0.0,21,12.260636776685715,0.025126324001361024,0.05112837051803416,0.0,0.5623483448677848,0,32.36814643442631,106.0,0.0,R3,18.20217357383772,00000_002565,00000,55,1.0
gate_on,7.914441329705949,0.8662248542237374,2.431950220684982,0.0,69,delayed_required_escape,0.0,2.325636386871338,0.0,13,9.233554244041443,0.03150703487815438,0.0595950159234005,0.0,0.5824059108577323,0,58.82406737655401,90.0,0.0,R1,34.25948454079855,00000_002565,00000,91,1.0
gate_on,8.001790491703776,0.8392578421573809,2.821417405369366,0.06557377049180328,70,delayed_required_escape,0.0,2.863800048828125,0.06557377049180328,22,11.972614884376526,0.03007013565998097,0.05587340103553944,0.00653601388950817,0.599693724641707,0,40.396487817168236,15.0,0.16666666666666666,R3,24.225520241520957,00000_002565,00000,61,1.0
gate_on,8.141007645228397,0.7026772485482565,2.687216269430436,0.0,71,delayed_required_escape,0.0,2.6938400268554688,0.0,20,12.980506539344788,0.035570005726029155,0.06382865182334377,0.0,0.5495350325265609,0,56.0761239156127,87.0,0.0,R3,30.81579457992968,00000_002565,00000,93,1.0
gate_on,7.9742341171368025,0.9396296892854145,2.137342463826673,0.1,72,delayed_required_escape,0.2,2.746694564819336,0.1,8,5.355173587799072,0.060784181114286184,0.08911149570097526,0.006767844284574191,0.5276226851206827,0,37.63326761126518,4.0,0.17391304347826086,R2,19.856165706920955,00000_000882,00000,60,1.0
gate_on,8.038923328930563,0.8065266727618439,1.4227272581151291,0.1095890410958904,73,delayed_required_escape,0.0,2.834717273712158,0.1095890410958904,5,2.936585485935211,0.059034562376264026,0.08685257454236893,0.010520160300274417,0.518101942596794,0,45.245644964277744,20.0,0.06451612903225806,R1,23.441856550037148,00000_000882,00000,73,1.0
gate_on,8.130315857540284,0.9499892131852475,2.5203608420319052,0.017857142857142856,74,delayed_required_escape,0.0,2.6363415718078613,0.017857142857142856,14,6.248399510979652,0.0442932519529547,0.07212393291826759,0.0008586893257285867,0.5053984973263298,0,32.045742243528366,4.0,0.05,R1,16.195869975586128,00000_000882,00000,56,1.0
gate_on,8.120075980425064,0.8259670986509233,2.450957395064815,0.0392156862745098,75,delayed_required_escape,0.0,2.967978000640869,0.0392156862745098,8,5.326699435710907,0.025198927569184817,0.049717050520520584,0.001468992773808685,0.5469341838206144,0,32.1919020190835,4.0,0.058823529411764705,R3,17.606851656440625,00000_000882,00000,51,1.0
gate_on,7.987675509626432,0.9499999880790712,1.6244097121152306,0.05660377358490566,76,delayed_required_escape,0.0,2.6290507316589355,0.05660377358490566,3,2.0410556197166443,0.06172879064842215,0.08922557413296879,0.0034081596389131724,0.5121330717814081,0,30.26432666927576,4.0,0.15789473684210525,R2,15.499362582532186,00000_000882,00000,53,1.0
gate_on,7.918407199814772,0.5632218441869221,1.795662761156677,0.15384615384615385,77,delayed_required_escape,0.3,2.548736810684204,0.15384615384615385,9,5.20265057682991,0.05954948402941227,0.08846005367544982,0.015151264461187216,0.46382656543951667,0,39.89131497591734,101.0,0.0,R2,18.502651616145695,00000_000882,00000,65,1.0
gate_on,8.255542680271901,0.830696612189193,2.294193332285993,0.06,78,delayed_required_escape,0.0,2.977631092071533,0.06,7,4.77832156419754,0.02348831430077553,0.04755436725914478,0.0019474303722381591,0.4777664201949049,0,32.03441492468119,4.0,0.0625,R3,15.304967741603164,00000_000882,00000,50,1.0
gate_on,8.174008772722587,0.875909407528077,2.050294436322874,0.030303030303030304,79,delayed_required_escape,0.0,2.9835093021392822,0.030303030303030304,9,5.9931029081344604,0.060836009116786896,0.08924465016885237,0.001676087070143584,0.522663107197249,0,42.948825784027576,3.0,0.07692307692307693,R2,22.447766734753177,00000_000882,00000,66,1.0
gate_on,7.489371771634181,0.949737599286172,1.5516681919841158,0.03508771929824561,80,delayed_required_escape,0.0,2.505948305130005,0.03508771929824561,3,2.026999294757843,0.07624182196562751,0.10127616425355275,0.0024210320491539804,0.43524869755908285,0,33.67496716976166,4.0,0.09523809523809523,R2,14.656985600983639,00000_000130,00000,57,1.0
gate_on,7.3819310336286925,0.8516913306552721,2.027296553914879,0.15254237288135594,81,delayed_required_escape,0.5,2.934462308883667,0.15254237288135594,7,4.861582398414612,0.06904531219753168,0.09467006840948332,0.014766875970161568,0.4529853928920851,0,39.301544055342674,4.0,0.18181818181818182,R1,17.80302537517499,00000_000130,00000,59,1.0
gate_on,7.152052061057327,0.949999988079071,1.9377274017888413,0.32653061224489793,82,delayed_required_escape,0.6,2.7783961296081543,0.32653061224489793,4,2.6887789964675903,0.08050194527117574,0.10220549863820173,0.028696357747729943,0.6171831152740743,0,27.221872746944427,5.0,0.5,R3,16.800880225553584,00000_000130,00000,49,1.0
gate_on,7.350273677260585,0.9197901837854856,1.2863061872198878,0.08064516129032258,83,delayed_required_escape,0.1,2.9515137672424316,0.08064516129032258,2,1.3672578930854797,0.0792164031656519,0.10168156244101063,0.006574700676625775,0.5508499114587829,0,37.30417990684509,3.0,0.13043478260869565,R1,20.549004198728124,00000_000130,00000,62,1.0
gate_on,7.435228323223642,0.9293673310391857,1.4318814471441257,0.16923076923076924,84,delayed_required_escape,0.0,2.4079411029815674,0.16923076923076924,3,2.017376184463501,0.08312313550939927,0.10843167293530244,0.014662484939281756,0.47305721252708016,0,37.9650554433465,4.0,0.44,R1,17.959643301465547,00000_000130,00000,65,1.0
gate_on,7.337757000390536,0.9498783305714272,1.5602530058236315,0.2413793103448276,85,delayed_required_escape,0.4,2.686502456665039,0.2413793103448276,3,2.0579230785369873,0.08516110222915123,0.10780589449508436,0.02217284551468389,0.5370310615986393,0,33.71573497354984,4.0,0.3333333333333333,R1,18.106396945423842,00000_000130,00000,58,1.0
gate_on,7.278873595798639,0.9499999880790712,2.5819627661224445,0.09615384615384616,86,delayed_required_escape,0.0,2.812422275543213,0.09615384615384616,10,5.295082658529282,0.07547216962736386,0.09997776250999707,0.006530859722540929,0.5299610465534283,0,29.187943816184998,5.0,0.2777777777777778,R1,15.468473251568067,00000_000130,00000,52,1.0
gate_on,7.2280635883776,0.9497095070299164,1.8163087871189767,0.0784313725490196,87,delayed_required_escape,0.3,2.8701443672180176,0.0784313725490196,4,2.6623831391334534,0.07854055883545502,0.10075985508806565,0.007624668963983947,0.5404380274307133,0,30.722194217145443,8.0,0.05555555555555555,R1,16.603442041057352,00000_000130,00000,51,1.0
gate_on,8.326163426425088,0.8934180490287985,2.6158939358641398,0.014705882352941176,88,delayed_required_escape,0.0,2.2723309993743896,0.014705882352941176,12,8.087343096733093,0.018439804409247113,0.03936417888411704,0.00045138271525502205,0.5118551557709771,0,43.71218443661928,8.0,0.03571428571428571,R1,22.374306973895443,00000_001939,00000,68,1.0
gate_on,8.377133725462631,0.9487246746769132,2.432755730930171,0.04838709677419355,89,delayed_required_escape,0.0,2.4269297122955322,0.04838709677419355,12,6.1232627630233765,0.015060051704847043,0.03522345333570434,0.0018229334344786981,0.46426024959022966,0,35.65650154277682,9.0,0.125,R1,16.553896305763978,00000_001939,00000,62,1.0
gate_on,7.972427987757639,0.6325638838089445,2.623868964394451,0.012195121951219513,90,delayed_required_escape,0.0,2.6709001064300537,0.012195121951219513,18,11.583619058132172,0.02646200299808165,0.0501467194862482,0.0010558313167676693,0.49512747761522946,0,47.10474415868521,36.0,0.02631578947368421,R1,23.322853159000513,00000_001939,00000,82,1.0
gate_on,8.17084550742866,0.9184600394486492,2.4914228036672728,0.05970149253731343,91,delayed_required_escape,0.0,2.3164703845977783,0.05970149253731343,14,7.783937618136406,0.01824834557083338,0.03913505753474449,0.0023519383993611405,0.5485559835324386,0,43.16955408453941,10.0,0.14814814814814814,R2,23.680917199501316,00000_001939,00000,67,1.0
gate_on,8.394407940274382,0.8907171575490711,2.4796387722366835,0.0,92,delayed_required_escape,0.0,2.5065762996673584,0.0,10,7.065283238887787,0.018269096098061818,0.03947978046959016,0.0,0.5356121414608447,0,42.97150720655918,100.0,0.0,R2,23.01606099670529,00000_001939,00000,67,1.0
gate_on,8.294704606118048,0.9474313152205533,2.4599495655543264,0.06060606060606061,93,delayed_required_escape,0.0,2.9426558017730713,0.06060606060606061,10,6.222908526659012,0.016586541466302042,0.03739927246263533,0.0019835427855000353,0.5139663446743068,0,38.48810567706823,8.0,0.14285714285714285,R2,19.781590988281195,00000_001939,00000,66,1.0
gate_on,7.9961621765202535,0.5095840128128992,2.4431178062625323,0.0,94,delayed_required_escape,0.0,2.9814956188201904,0.0,14,7.495131015777588,0.01133583759998574,0.030958953003088634,0.0,0.3377430746752733,0,28.86622879654169,106.0,0.0,R2,9.749368868023906,00000_001939,00000,51,1.0
gate_on,8.188415404653089,0.8492228871925313,2.679837746849038,0.011904761904761904,95,delayed_required_escape,0.0,2.8795015811920166,0.011904761904761904,14,9.517559289932251,0.02695630049510371,0.050220309801044916,0.0003527345446248849,0.47195918829107586,0,47.815618984401226,2.0,0.02631578947368421,R1,22.56702072351336,00000_001939,00000,84,1.0
gate_on,8.001252927436102,0.8750447778631317,2.108504713076481,0.08695652173913043,96,delayed_required_escape,0.0,2.4857137203216553,0.08695652173913043,11,7.019700586795807,0.03417884993056456,0.06119404295864313,0.004017661447110383,0.5264946300114468,0,46.19783803075552,3.0,0.21428571428571427,R2,24.322913641331375,00000_000814,00000,69,1.0
gate_on,7.985366560839766,0.9045046233156284,2.5311799259189423,0.12121212121212122,97,delayed_required_escape,0.0,2.824338912963867,0.12121212121212122,15,7.904648706316948,0.031479958317835226,0.05749169025908817,0.006052774236057744,0.46912825972877936,0,42.65086226910353,3.0,0.32,R2,20.008724792236404,00000_000814,00000,66,1.0
gate_on,8.08450487758299,0.9490909902479608,1.88354833917032,0.2653061224489796,98,delayed_required_escape,0.5,2.8390731811523438,0.2653061224489796,4,2.7349647879600525,0.06967916742575411,0.0967865668389262,0.0234206317334759,0.5725113794223429,0,29.26794669777155,5.0,0.2777777777777778,R1,16.756232536800802,00000_000814,00000,49,1.0
gate_on,8.110409526444416,0.8716230582803001,2.623175056275576,0.14035087719298245,99,delayed_required_escape,0.0,2.5829379558563232,0.14035087719298245,11,7.259203732013702,0.03937046599100556,0.06689609057809177,0.007980507063238244,0.5383071519050564,0,36.228422939777374,4.0,0.38095238095238093,R1,19.50201917072337,00000_000814,00000,57,1.0
