arm,best_feasible_primitive_risk,episode_id,event_step,feasible_primitive_count,gate_decision,hard_contact,lam_hard_used,lam_soft_learned,lam_soft_used,movement_m,next_x,next_y,nominal_primitive_risk,opening_step,position_x,position_y,risk,selected_direction_col,selected_direction_row,soft_multiplier,speed,stage_goal_x,stage_goal_y,step
gate_on,inf,0,25,0,0,0,0.06309914588928223,0.09556590765714645,0.0,0.0683220848441124,18.106569290161133,57.91447448730469,0.47515857219696045,35,18.0,58.0,0.4110585153102875,0.0,0.0,0.0,13.664316177368164,28.0,50.0,0
gate_on,inf,0,25,0,0,0,0.06311944872140884,0.09555634111166,0.0,0.1276027113199234,18.30523681640625,57.7542839050293,0.47515857219696045,35,18.106569290161133,57.91447448730469,0.4110585153102875,0.0,0.0,0.0,25.520681381225586,28.0,50.0,1
gate_on,inf,0,25,0,0,0,0.06315720081329346,0.09553824365139008,0.0,0.1800612360239029,18.585346221923828,57.527950286865234,0.47515857219696045,35,18.30523681640625,57.7542839050293,0.4501025378704071,0.0,0.0,0.0,36.012264251708984,28.0,50.0,2
gate_on,inf,0,25,0,0,0,0.06311753392219543,0.09583302587270737,0.0,0.23338617384433746,18.947128295898438,57.233009338378906,0.47515857219696045,35,18.585346221923828,57.527950286865234,0.47515857219696045,0.0,0.0,0.0,46.67706298828125,29.0,49.0,3
gate_on,inf,0,25,0,0,0,0.059558577835559845,0.092534139752388,0.0,0.2775390148162842,19.3756160736084,56.880149841308594,0.5675027966499329,35,18.947128295898438,57.233009338378906,0.47515857219696045,0.0,0.0,0.0,55.50783920288086,29.0,49.0,4
gate_on,inf,0,25,0,0,1,0.05965042486786842,0.09250040352344513,0.0,0.31545859575271606,19.86053466796875,56.47652816772461,0.5585997700691223,35,19.3756160736084,56.880149841308594,0.5585997700691223,0.0,0.0,0.0,63.09176254272461,29.0,49.0,5
gate_on,inf,0,25,0,0,1,0.05602675676345825,0.08896097540855408,0.0,0.35536131262779236,20.404151916503906,56.018699645996094,0.6840909123420715,35,19.86053466796875,56.47652816772461,0.5585997700691223,0.0,0.0,0.0,71.07209777832031,30.0,48.0,6
gate_on,inf,0,25,0,0,1,0.0561271570622921,0.08891473710536957,0.0,0.38862574100494385,20.995508193969727,55.51430130004883,0.5798310041427612,35,20.404151916503906,56.018699645996094,0.6840909123420715,0.0,0.0,0.0,77.72518157958984,30.0,48.0,7
gate_on,inf,0,25,0,0,1,0.05743701756000519,0.09033177047967911,0.0,0.42412295937538147,21.6489200592041,54.9734001159668,0.6107276082038879,35,20.995508193969727,55.51430130004883,0.6107276082038879,0.0,0.0,0.0,84.82471466064453,32.0,48.0,8
gate_on,inf,0,25,0,0,1,0.055674031376838684,0.08864312618970871,0.0,0.45729556679725647,22.361042022705078,54.39950180053711,0.4750942587852478,35,21.6489200592041,54.9734001159668,0.4750942587852478,0.0,0.0,0.0,91.45903015136719,32.0,48.0,9
gate_on,inf,0,25,0,0,0,0.05390403792262077,0.0868518278002739,0.0,0.4870363473892212,23.13117218017578,53.80308151245117,0.4681614339351654,35,22.361042022705078,54.39950180053711,0.4681614339351654,0.0,0.0,0.0,97.40737915039062,34.0,48.0,10
gate_on,0.42562629530827206,0,25,1,0,0,0.05512038618326187,0.08801155537366867,0.0,0.5149127244949341,23.962148666381836,53.19478988647461,0.4011659175157547,35,23.13117218017578,53.80308151245117,0.4109926223754883,0.9238795042037964,-0.3826834261417389,0.0,102.98260498046875,35.0,48.0,11
gate_on,0.41382142156362534,0,25,3,0,0,0.05221262201666832,0.08478053659200668,0.0,0.5322490930557251,24.835643768310547,52.58638000488281,0.3959317704041799,35,23.962148666381836,53.19478988647461,0.426207959651947,0.9238795042037964,-0.3826834261417389,0.0,106.44987487792969,35.0,48.0,12
gate_on,0.4049055775006612,0,25,3,0,0,0.051278043538331985,0.08370321989059448,0.0,0.5469611287117004,25.74909782409668,51.984493255615234,0.4049055775006612,35,24.835643768310547,52.58638000488281,0.3563917279243469,0.9238795042037964,-0.3826834261417389,0.0,109.3921890258789,36.0,48.0,13
gate_on,0.4675339609384537,0,25,2,0,0,0.04762377217411995,0.07983051240444183,0.0,0.5638367533683777,26.71046257019043,51.39506530761719,0.4225161249438922,35,25.74909782409668,51.984493255615234,0.3085407614707947,1.0,0.0,0.0,112.76740264892578,38.0,48.0,14
gate_on,0.5050096263488134,0,25,1,0,0,0.04517364501953125,0.07720035314559937,0.0,0.5756142735481262,27.71197509765625,50.82735061645508,0.4318786983688672,35,26.71046257019043,51.39506530761719,0.3419152796268463,0.9238795042037964,0.3826834261417389,0.0,115.12283325195312,39.0,48.0,15
gate_on,inf,0,25,0,0,0,0.04212120547890663,0.07349458336830139,0.0,0.5809498429298401,28.74015998840332,50.286197662353516,0.43880975246429443,35,27.71197509765625,50.82735061645508,0.3472718894481659,0.0,0.0,0.0,116.18994903564453,39.0,48.0,16
gate_on,inf,0,25,0,0,0,0.04028318449854851,0.07137910276651382,0.0,0.5871425867080688,29.79507064819336,49.77033996582031,0.43987151980400085,35,28.74015998840332,50.286197662353516,0.38025063276290894,0.0,0.0,0.0,117.428466796875,40.0,48.0,17
gate_on,inf,0,25,0,0,0,0.039166517555713654,0.069803886115551,0.0,0.591830849647522,30.873775482177734,49.283050537109375,0.4429556764662266,35,29.79507064819336,49.77033996582031,0.3741147518157959,0.0,0.0,0.0,118.36625671386719,41.0,48.0,18
gate_on,inf,0,25,0,0,0,0.03829262778162956,0.06868165731430054,0.0,0.602870762348175,31.989620208740234,48.826210021972656,0.44718970145498005,35,30.873775482177734,49.283050537109375,0.4045940935611725,0.0,0.0,0.0,120.57417297363281,43.0,48.0,19
gate_on,inf,0,25,0,0,0,0.037959933280944824,0.06791892647743225,0.0,0.609488308429718,33.13266372680664,48.402706146240234,0.4522056664739336,35,31.989620208740234,48.826210021972656,0.4037063717842102,0.0,0.0,0.0,121.89769744873047,44.0,48.0,20
gate_on,inf,0,25,0,0,0,0.03610466420650482,0.06584534049034119,0.0,0.6146853566169739,34.29888916015625,48.013771057128906,0.4516456474860509,35,33.13266372680664,48.402706146240234,0.4334482252597809,0.0,0.0,0.0,122.93706512451172,45.0,48.0,21
gate_on,inf,0,25,0,0,0,0.035622738301754,0.06533495336771011,0.0,0.6197890639305115,35.483787536621094,47.6496696472168,0.45528513193130493,35,34.29888916015625,48.013771057128906,0.44904184341430664,0.0,0.0,0.0,123.9576644897461,46.0,47.0,22
gate_on,inf,0,25,0,0,0,0.03596658259630203,0.06553640961647034,0.0,0.6234303116798401,36.68403625488281,47.31193542480469,0.4629243090748787,35,35.483787536621094,47.6496696472168,0.4721083343029022,0.0,0.0,0.0,124.68621063232422,47.0,47.0,23
gate_on,inf,0,25,0,0,0,0.03278253972530365,0.06185818463563919,0.0,0.6304413676261902,37.90629577636719,47.00224685668945,0.4651458412408829,35,36.68403625488281,47.31193542480469,0.47227632999420166,0.0,0.0,0.0,126.08837127685547,49.0,47.0,24
gate_on,inf,0,25,0,0,0,0.03148456662893295,0.05999334901571274,0.0,0.6357206106185913,39.14619827270508,46.7208137512207,0.4580153524875641,35,37.90629577636719,47.00224685668945,0.4580153524875641,0.0,0.0,0.0,127.14403533935547,50.0,47.0,25
gate_on,inf,0,25,0,0,1,0.03125271946191788,0.059923358261585236,0.0,0.6376727819442749,40.39741134643555,46.4738883972168,0.4377893805503845,35,39.14619827270508,46.7208137512207,0.5072623491287231,0.0,0.0,0.0,127.53457641601562,51.0,47.0,26
gate_on,inf,0,25,0,0,0,0.02846774086356163,0.056256745010614395,0.0,0.6362452507019043,41.650997161865234,46.2553596496582,0.42870357632637024,35,40.39741134643555,46.4738883972168,0.5063619017601013,0.0,0.0,0.0,127.24907684326172,52.0,47.0,27
gate_on,inf,0,25,0,0,0,0.024835698306560516,0.051740556955337524,0.0,0.6446832418441772,42.92755126953125,46.07404327392578,0.518710732460022,35,41.650997161865234,46.2553596496582,0.518710732460022,0.0,0.0,0.0,128.93663024902344,54.0,47.0,28
gate_on,0.5397783766190211,0,25,1,0,0,0.024358147755265236,0.051103364676237106,0.0,0.6518373489379883,44.22181701660156,45.91769790649414,0.5402891834576925,35,42.92755126953125,46.07404327392578,0.5327185392379761,1.0,0.0,0.0,130.36734008789062,55.0,47.0,29
gate_on,0.541252925992012,0,25,1,0,0,0.0238635316491127,0.05083674564957619,0.0,0.6663765907287598,45.54804992675781,45.78602600097656,0.541252925992012,35,44.22181701660156,45.91769790649414,0.5365838408470154,1.0,0.0,0.0,133.27516174316406,58.0,46.0,30
gate_on,0.543499767780304,0,25,1,0,0,0.022589024156332016,0.049005333334207535,0.0,0.6730449795722961,46.8892822265625,45.67177200317383,0.543499767780304,35,45.54804992675781,45.78602600097656,0.5378918051719666,1.0,0.0,0.0,134.60891723632812,58.0,46.0,31
gate_on,0.5445146312316259,0,25,1,0,0,0.022578023374080658,0.048897743225097656,0.0,0.6760963201522827,48.23692321777344,45.560916900634766,0.5445456157128016,35,46.8892822265625,45.67177200317383,0.5396288633346558,1.0,0.0,0.0,135.21910095214844,59.0,45.0,32
gate_on,0.5453800310691198,0,25,1,0,0,0.022690583020448685,0.049209050834178925,0.0,0.6774656176567078,49.58675003051758,45.443416595458984,0.5450094938278198,35,48.23692321777344,45.560916900634766,0.5454598665237427,1.0,0.0,0.0,135.49305725097656,60.0,44.0,33
gate_on,0.5339405884345373,0,25,2,0,0,0.022570397704839706,0.049292318522930145,0.0,0.6829525232315063,50.94508361816406,45.29979705810547,0.539643868803978,35,49.58675003051758,45.443416595458984,0.5431980490684509,0.9238795042037964,-0.3826834261417389,0.0,136.5905303955078,62.0,42.0,34
gate_on,inf,0,25,0,0,1,0.01684924215078354,0.040899258106946945,0.0,0.68653804063797,52.3067741394043,45.12334060668945,0.949999988079071,35,50.94508361816406,45.29979705810547,0.949999988079071,0.0,0.0,0.0,137.30747985839844,63.0,41.0,35
gate_on,inf,0,25,0,0,1,0.01595957763493061,0.039177075028419495,0.0,0.6876397132873535,53.66432189941406,44.9032096862793,0.949999988079071,35,52.3067741394043,45.12334060668945,0.949999988079071,0.0,0.0,0.0,137.52792358398438,64.0,40.0,36
gate_on,inf,0,25,0,0,1,0.01613384485244751,0.0395071804523468,0.0,0.6996022462844849,55.03631591796875,44.62860870361328,0.949999988079071,35,53.66432189941406,44.9032096862793,0.949999988079071,0.0,0.0,0.0,139.9205780029297,66.0,38.0,37
gate_on,inf,0,25,0,0,1,0.017806759104132652,0.04224926233291626,0.0,0.7063279151916504,56.409610748291016,44.297462463378906,0.949999988079071,35,55.03631591796875,44.62860870361328,0.949999988079071,0.0,0.0,0.0,141.26565551757812,67.0,37.0,38
gate_on,inf,0,25,0,0,0,0.01867934875190258,0.04388243332505226,0.0,0.7250008583068848,57.79855728149414,43.88113021850586,0.949999988079071,35,56.409610748291016,44.297462463378906,0.949999988079071,0.0,0.0,0.0,145.0001983642578,70.0,34.0,39
gate_on,0.6472329571843147,0,25,4,0,0,0.021420776844024658,0.04792160540819168,0.0,0.7474411129951477,59.209415435791016,43.38701248168945,0.6534198820590973,35,57.79855728149414,43.88113021850586,0.9498363733291626,0.7071067690849304,-0.7071067690849304,0.0,149.48805236816406,71.0,33.0,40
gate_on,0.5434117267529169,0,25,5,1,0,0.025800611823797226,0.054148249328136444,0.054148249328136444,0.7635637521743774,60.62602233886719,42.81662368774414,0.604730578760306,35,59.209415435791016,43.38701248168945,0.9452577829360962,0.3826834261417389,-0.9238795042037964,1.0,152.7126007080078,72.0,32.0,41
gate_on,0.4680876210331917,0,25,6,1,0,0.02838687226176262,0.057350337505340576,0.057350337505340576,0.7784896492958069,62.04346466064453,42.172386169433594,0.5554275860389074,35,60.62602233886719,42.81662368774414,0.8544551730155945,-1.8369701465288538e-16,-1.0,1.0,155.69790649414062,73.0,31.0,42
gate_on,0.4043656612435977,0,25,5,1,0,0.03055976890027523,0.060055509209632874,0.060055509209632874,0.7921761870384216,63.45729446411133,41.45736312866211,0.5123092258969942,35,62.04346466064453,42.172386169433594,0.6231732368469238,-1.8369701465288538e-16,-1.0,1.0,158.43516540527344,74.0,30.0,43
gate_on,0.3649478244284789,0,25,5,1,0,0.03589041531085968,0.06638674437999725,0.06638674437999725,0.8045507669448853,64.86339569091797,40.67500305175781,0.49491877605517703,35,63.45729446411133,41.45736312866211,0.5559270977973938,-1.8369701465288538e-16,-1.0,1.0,160.91021728515625,75.0,29.0,44
gate_on,0.3584882492820422,0,25,5,1,0,0.0381266251206398,0.06854419410228729,0.06854419410228729,0.8156748414039612,66.25827026367188,39.82905578613281,0.470756101111571,35,64.86339569091797,40.67500305175781,0.5477657318115234,-1.8369701465288538e-16,-1.0,1.0,163.1350860595703,76.0,28.0,45
gate_on,0.3269341215491295,0,25,6,1,0,0.03944670408964157,0.07006228715181351,0.07006228715181351,0.825514554977417,67.63894653320312,38.92372131347656,0.4562893360853195,35,66.25827026367188,39.82905578613281,0.5370003581047058,-1.8369701465288538e-16,-1.0,1.0,165.1031036376953,77.0,27.0,46
gate_on,0.29325825721025467,0,25,6,1,0,0.04715618118643761,0.07704336941242218,0.07704336941242218,0.831062912940979,69.00298309326172,37.97394943237305,0.4695955713589986,35,67.63894653320312,38.92372131347656,0.5211876034736633,-0.3826834261417389,-0.9238795042037964,1.0,166.21241760253906,78.0,27.0,47
gate_on,0.2803606366117795,0,25,5,1,0,0.0525936521589756,0.08210395276546478,0.08210395276546478,0.836433470249176,70.35882568359375,36.99406433105469,0.49830978115399677,35,69.00298309326172,37.97394943237305,0.5105496644973755,-1.8369701465288538e-16,-1.0,1.0,167.28700256347656,80.0,27.0,48
gate_on,0.274526455750068,0,25,5,1,0,0.057470113039016724,0.08687473833560944,0.08687473833560944,0.8369026780128479,71.70352935791016,35.997371673583984,0.5309136658906937,35,70.35882568359375,36.99406433105469,0.5261043310165405,-1.8369701465288538e-16,-1.0,1.0,167.38038635253906,81.0,27.0,49
gate_on,0.3071366064250469,0,25,5,1,0,0.06762553751468658,0.09714242070913315,0.09714242070913315,0.8359183073043823,73.03434753417969,34.9854621887207,0.5323782463868459,35,71.70352935791016,35.997371673583984,0.5436197519302368,-1.8369701465288538e-16,-1.0,1.0,167.18336486816406,82.0,26.0,50
gate_on,0.324416883289814,0,25,5,1,0,0.07434246689081192,0.10275380313396454,0.10275380313396454,0.8261212706565857,74.33822631835938,33.97066879272461,0.5412768721580505,35,73.03434753417969,34.9854621887207,0.5493778586387634,-1.8369701465288538e-16,-1.0,1.0,165.22402954101562,82.0,26.0,51
gate_on,0.33826172600189847,0,25,5,1,0,0.07847779244184494,0.1056254655122757,0.1056254655122757,0.8084710240364075,75.60368347167969,32.96413040161133,0.5413402815659841,35,74.33822631835938,33.97066879272461,0.5498624444007874,-1.8369701465288538e-16,-1.0,1.0,161.6942596435547,82.0,26.0,52
gate_on,0.396236103028059,0,25,5,1,0,0.08113622665405273,0.10828704386949539,0.10828704386949539,0.783635139465332,76.82029724121094,31.97610855102539,0.5433892458677292,35,75.60368347167969,32.96413040161133,0.5486191511154175,-1.8369701465288538e-16,-1.0,1.0,156.72702026367188,82.0,26.0,53
gate_on,0.5215486784776052,0,25,3,0,0,0.08286263793706894,0.11066499352455139,0.0,0.7527997493743896,77.97966766357422,31.015541076660156,0.54249174396197,35,76.82029724121094,31.97610855102539,0.5474178791046143,0.3826834261417389,-0.9238795042037964,0.0,150.5599822998047,82.0,26.0,54
gate_on,0.5426743676265081,0,25,1,0,0,0.08444488793611526,0.11130391061306,0.0,0.7168733477592468,79.07477569580078,30.090139389038086,0.5431547661622366,35,77.97966766357422,31.015541076660156,0.5484515428543091,0.7071067690849304,-0.7071067690849304,0.0,143.37472534179688,82.0,26.0,55
gate_off,inf,0,25,0,0,0,0.06309914588928223,0.09556590765714645,0.09556590765714645,0.0683201402425766,18.1065673828125,57.91447830200195,0.47515857219696045,35,18.0,58.0,0.4110585153102875,0.0,0.0,1.0,13.664043426513672,28.0,50.0,0
gate_off,inf,0,25,0,0,0,0.06311944872140884,0.09555629640817642,0.09555629640817642,0.1276007741689682,18.305233001708984,57.75429153442383,0.47515857219696045,35,18.1065673828125,57.91447830200195,0.4110585153102875,0.0,0.0,1.0,25.520164489746094,28.0,50.0,1
gate_off,inf,0,25,0,0,0,0.06315720081329346,0.09553824365139008,0.09553824365139008,0.1800578087568283,18.585336685180664,57.52796173095703,0.47515857219696045,35,18.305233001708984,57.75429153442383,0.4501025378704071,0.0,0.0,1.0,36.011531829833984,28.0,50.0,2
gate_off,inf,0,25,0,0,0,0.06311753392219543,0.09583307802677155,0.09583307802677155,0.23338007926940918,18.94710922241211,57.233028411865234,0.47515857219696045,35,18.585336685180664,57.52796173095703,0.47515857219696045,0.0,0.0,1.0,46.676021575927734,29.0,49.0,3
gate_off,inf,0,25,0,0,0,0.059558577835559845,0.09253409504890442,0.09253409504890442,0.2775333821773529,19.375585556030273,56.88017272949219,0.5675027966499329,35,18.94710922241211,57.233028411865234,0.47515857219696045,0.0,0.0,1.0,55.5067138671875,29.0,49.0,4
gate_off,inf,0,25,0,0,1,0.059650395065546036,0.09250040352344513,0.09250040352344513,0.3154529631137848,19.860492706298828,56.47655487060547,0.5585997700691223,35,19.375585556030273,56.88017272949219,0.5585997700691223,0.0,0.0,1.0,63.09056854248047,29.0,49.0,5
gate_off,inf,0,25,0,0,1,0.05602675676345825,0.08896097540855408,0.08896097540855408,0.35535475611686707,20.40409278869629,56.01872634887695,0.6840909123420715,35,19.860492706298828,56.47655487060547,0.5585997700691223,0.0,0.0,1.0,71.0709228515625,30.0,48.0,6
gate_off,inf,0,25,0,0,1,0.0561271570622921,0.08891473710536957,0.08891473710536957,0.38861972093582153,20.99542999267578,55.51432418823242,0.5798310041427612,35,20.40409278869629,56.01872634887695,0.6840909123420715,0.0,0.0,1.0,77.7239990234375,30.0,48.0,7
gate_off,inf,0,25,0,0,1,0.0574369914829731,0.09033177047967911,0.09033177047967911,0.4241178035736084,21.648818969726562,54.973411560058594,0.6107276082038879,35,20.99542999267578,55.51432418823242,0.6107276082038879,0.0,0.0,1.0,84.82356262207031,32.0,48.0,8
gate_off,inf,0,25,0,0,1,0.05567400902509689,0.08864317089319229,0.08864317089319229,0.45729145407676697,22.360918045043945,54.399497985839844,0.4750942587852478,35,21.648818969726562,54.973411560058594,0.4750942587852478,0.0,0.0,1.0,91.45838165283203,32.0,48.0,9
gate_off,inf,0,25,0,0,0,0.05390403792262077,0.0868518278002739,0.0868518278002739,0.4870377480983734,23.131031036376953,53.80305099487305,0.4681614339351654,35,22.360918045043945,54.399497985839844,0.4681614339351654,0.0,0.0,1.0,97.40740966796875,34.0,48.0,10
gate_off,0.42562629530827206,0,25,1,0,0,0.05512038618326187,0.08801159262657166,0.08801159262657166,0.5149145126342773,23.961992263793945,53.194732666015625,0.4011659175157547,35,23.131031036376953,53.80305099487305,0.4109926223754883,0.9238795042037964,-0.3826834261417389,1.0,102.98294830322266,35.0,48.0,11
gate_off,0.41382142156362534,0,25,3,0,0,0.05221262201666832,0.08478053659200668,0.08478053659200668,0.532252311706543,24.835474014282227,52.5862922668457,0.3959317704041799,35,23.961992263793945,53.194732666015625,0.426207959651947,0.9238795042037964,-0.3826834261417389,1.0,106.45042419433594,35.0,48.0,12
gate_off,0.4049055775006612,0,25,3,0,0,0.051278021186590195,0.08370321989059448,0.08370321989059448,0.5469647645950317,25.748916625976562,51.984375,0.4049055775006612,35,24.835474014282227,52.5862922668457,0.3563917279243469,0.9238795042037964,-0.3826834261417389,1.0,109.39289855957031,36.0,48.0,13
gate_off,0.4675339609384537,0,25,2,0,0,0.04762374609708786,0.07983051240444183,0.07983051240444183,0.5638414621353149,26.71027374267578,51.39491653442383,0.4225161249438922,35,25.748916625976562,51.984375,0.3085407614707947,1.0,0.0,1.0,112.7681884765625,38.0,48.0,14
gate_off,0.5050096263488134,0,25,1,0,0,0.04517362266778946,0.07720035314559937,0.07720035314559937,0.5756176114082336,27.71177864074707,50.82717514038086,0.4318786983688672,35,26.71027374267578,51.39491653442383,0.3419152796268463,0.9238795042037964,0.3826834261417389,1.0,115.1235122680664,39.0,48.0,15
gate_off,inf,0,25,0,0,0,0.04212116450071335,0.07349454611539841,0.07349454611539841,0.5809526443481445,28.73995590209961,50.28599548339844,0.43880975246429443,35,27.71177864074707,50.82717514038086,0.3472718894481659,0.0,0.0,1.0,116.1904525756836,39.0,48.0,16
gate_off,inf,0,25,0,0,0,0.04028318449854851,0.07137906551361084,0.07137906551361084,0.5871441960334778,29.79486083984375,49.770118713378906,0.43987151980400085,35,28.73995590209961,50.28599548339844,0.38025063276290894,0.0,0.0,1.0,117.4288330078125,40.0,48.0,17
gate_off,inf,0,25,0,0,0,0.03916650265455246,0.06980381906032562,0.06980381906032562,0.5918322801589966,30.87356185913086,49.282814025878906,0.4429556764662266,35,29.79486083984375,49.770118713378906,0.3741147518157959,0.0,0.0,1.0,118.36658477783203,41.0,48.0,18
gate_off,inf,0,25,0,0,0,0.03829259052872658,0.06868162006139755,0.06868162006139755,0.602872908115387,31.98940658569336,48.82596206665039,0.44718970145498005,35,30.87356185913086,49.282814025878906,0.4045940935611725,0.0,0.0,1.0,120.57454681396484,43.0,48.0,19
gate_off,inf,0,25,0,0,0,0.03795991837978363,0.06791888922452927,0.06791888922452927,0.6094903349876404,33.132450103759766,48.40244674682617,0.4522056664739336,35,31.98940658569336,48.82596206665039,0.4037063717842102,0.0,0.0,1.0,121.8980712890625,44.0,48.0,20
gate_off,inf,0,25,0,0,0,0.036104653030633926,0.06584534049034119,0.06584534049034119,0.6146865487098694,34.298675537109375,48.01350402832031,0.4516456474860509,35,33.132450103759766,48.40244674682617,0.4334482252597809,0.0,0.0,1.0,122.9373779296875,45.0,48.0,21
gate_off,inf,0,25,0,0,0,0.035622738301754,0.06533491611480713,0.06533491611480713,0.6197896599769592,35.48357391357422,47.64939880371094,0.45528513193130493,35,34.298675537109375,48.01350402832031,0.44904184341430664,0.0,0.0,1.0,123.95795440673828,46.0,47.0,22
gate_off,inf,0,25,0,0,0,0.03596656769514084,0.06553637236356735,0.06553637236356735,0.6234326362609863,36.6838264465332,47.31166076660156,0.4629243090748787,35,35.48357391357422,47.64939880371094,0.4721083343029022,0.0,0.0,1.0,124.6865463256836,47.0,47.0,23
gate_off,inf,0,25,0,0,0,0.03278253972530365,0.0618581548333168,0.0618581548333168,0.6304432153701782,37.906089782714844,47.00197219848633,0.4651458412408829,35,36.6838264465332,47.31166076660156,0.47227632999420166,0.0,0.0,1.0,126.0887680053711,49.0,47.0,24
gate_off,inf,0,25,0,0,0,0.03148455172777176,0.05999332293868065,0.05999332293868065,0.6357220411300659,39.14599609375,46.720542907714844,0.4580153524875641,35,37.906089782714844,47.00197219848633,0.4580153524875641,0.0,0.0,1.0,127.1445083618164,50.0,47.0,25
gate_off,inf,0,25,0,0,1,0.03125268593430519,0.05992332845926285,0.05992332845926285,0.6376757621765137,40.397216796875,46.47362518310547,0.4377893805503845,35,39.14599609375,46.720542907714844,0.5072623491287231,0.0,0.0,1.0,127.53504943847656,51.0,47.0,26
gate_off,inf,0,25,0,0,0,0.028467729687690735,0.056256718933582306,0.056256718933582306,0.636250913143158,41.650814056396484,46.255096435546875,0.42870357632637024,35,40.397216796875,46.47362518310547,0.5063619017601013,0.0,0.0,1.0,127.25001525878906,52.0,47.0,27
gate_off,inf,0,25,0,0,0,0.024835698306560516,0.05174052715301514,0.05174052715301514,0.6446870565414429,42.92737579345703,46.07378005981445,0.518710732460022,35,41.650814056396484,46.255096435546875,0.518710732460022,0.0,0.0,1.0,128.93751525878906,54.0,47.0,28
gate_off,0.5397783766190211,0,25,1,0,0,0.024358147755265236,0.051103342324495316,0.051103342324495316,0.6518409252166748,44.221649169921875,45.91743850708008,0.5402891834576925,35,42.92737579345703,46.07378005981445,0.5327185392379761,1.0,0.0,1.0,130.36825561523438,55.0,47.0,29
gate_off,0.541252925992012,0,25,1,0,0,0.023863520473241806,0.05083669349551201,0.05083669349551201,0.6663800477981567,45.547889709472656,45.78577423095703,0.541252925992012,35,44.221649169921875,45.91743850708008,0.5365838408470154,1.0,0.0,1.0,133.27609252929688,58.0,46.0,30
gate_off,0.543499767780304,0,25,1,0,0,0.022589024156332016,0.049005284905433655,0.049005284905433655,0.6730501651763916,46.88913345336914,45.671531677246094,0.543499767780304,35,45.547889709472656,45.78577423095703,0.5378918051719666,1.0,0.0,1.0,134.6100616455078,58.0,46.0,31
gate_off,0.5445146312316259,0,25,1,0,0,0.022578023374080658,0.048897743225097656,0.048897743225097656,0.6761014461517334,48.236785888671875,45.560691833496094,0.5445456157128016,35,46.88913345336914,45.671531677246094,0.5396288633346558,1.0,0.0,1.0,135.22027587890625,59.0,45.0,32
gate_off,0.5453800310691198,0,25,1,0,0,0.022690583020448685,0.049208998680114746,0.049208998680114746,0.6774705052375793,49.58662414550781,45.44321060180664,0.5450094938278198,35,48.236785888671875,45.560691833496094,0.5454598665237427,1.0,0.0,1.0,135.49423217773438,60.0,44.0,33
gate_off,0.5339405884345373,0,25,2,0,0,0.022570397704839706,0.049292296171188354,0.049292296171188354,0.6829593181610107,50.94497299194336,45.29960632324219,0.539643868803978,35,49.58662414550781,45.44321060180664,0.5431980490684509,0.9238795042037964,-0.3826834261417389,1.0,136.59169006347656,62.0,42.0,34
gate_off,inf,0,25,0,0,1,0.016849232837557793,0.04089921712875366,0.04089921712875366,0.6865425109863281,52.30667495727539,45.1231689453125,0.949999988079071,35,50.94497299194336,45.29960632324219,0.949999988079071,0.0,0.0,1.0,137.30859375,63.0,41.0,35
gate_off,inf,0,25,0,0,1,0.01595957763493061,0.039177075028419495,0.039177075028419495,0.6876441836357117,53.66423416137695,44.903053283691406,0.949999988079071,35,52.30667495727539,45.1231689453125,0.949999988079071,0.0,0.0,1.0,137.5288543701172,64.0,40.0,36
gate_off,inf,0,25,0,0,1,0.01613384485244751,0.0395071804523468,0.0395071804523468,0.6996060013771057,55.03623962402344,44.62847137451172,0.949999988079071,35,53.66423416137695,44.903053283691406,0.949999988079071,0.0,0.0,1.0,139.92138671875,66.0,38.0,37
gate_off,inf,0,25,0,0,1,0.017806759104132652,0.04224926233291626,0.04224926233291626,0.7063312530517578,56.4095458984375,44.29734420776367,0.949999988079071,35,55.03623962402344,44.62847137451172,0.949999988079071,0.0,0.0,1.0,141.266357421875,67.0,37.0,38
gate_off,inf,0,25,0,0,0,0.01867934875190258,0.04388241097331047,0.04388241097331047,0.7250036001205444,57.79850387573242,43.88103103637695,0.949999988079071,35,56.4095458984375,44.29734420776367,0.949999988079071,0.0,0.0,1.0,145.00070190429688,70.0,34.0,39
gate_off,0.6472329571843147,0,25,4,0,0,0.021420776844024658,0.04792160540819168,0.04792160540819168,0.7474415898323059,59.20936965942383,43.386932373046875,0.6534198820590973,35,57.79850387573242,43.88103103637695,0.9498363733291626,0.7071067690849304,-0.7071067690849304,1.0,149.48838806152344,71.0,33.0,40
gate_off,0.5434117267529169,0,25,5,1,0,0.025800611823797226,0.054148219525814056,0.054148219525814056,0.7635637521743774,60.62598419189453,42.81656265258789,0.604730578760306,35,59.20936965942383,43.386932373046875,0.9452577829360962,0.3826834261417389,-0.9238795042037964,1.0,152.7128448486328,72.0,32.0,41
gate_off,0.4680876210331917,0,25,6,1,0,0.02838687226176262,0.057350337505340576,0.057350337505340576,0.7784900069236755,62.043434143066406,42.172340393066406,0.5554275860389074,35,60.62598419189453,42.81656265258789,0.8544551730155945,-1.8369701465288538e-16,-1.0,1.0,155.69805908203125,73.0,31.0,42
gate_off,0.4043656612435977,0,25,5,1,0,0.03055976890027523,0.060055509209632874,0.060055509209632874,0.7921761870384216,63.457271575927734,41.457332611083984,0.5123092258969942,35,62.043434143066406,42.172340393066406,0.6231732368469238,-1.8369701465288538e-16,-1.0,1.0,158.4352569580078,74.0,30.0,43
gate_off,0.3649478244284789,0,25,5,1,0,0.03589041531085968,0.06638677418231964,0.06638677418231964,0.804551362991333,64.8633804321289,40.674983978271484,0.49491877605517703,35,63.457271575927734,41.457332611083984,0.5559270977973938,-1.8369701465288538e-16,-1.0,1.0,160.91024780273438,75.0,29.0,44
gate_off,0.3584882492820422,0,25,5,1,0,0.0381266251206398,0.06854419410228729,0.06854419410228729,0.8156741857528687,66.25826263427734,39.82905197143555,0.470756101111571,35,64.8633804321289,40.674983978271484,0.5477657318115234,-1.8369701465288538e-16,-1.0,1.0,163.13504028320312,76.0,28.0,45
gate_off,0.3269341215491295,0,25,6,1,0,0.03944670408964157,0.07006228715181351,0.07006228715181351,0.8255146741867065,67.63894653320312,38.923728942871094,0.4562893360853195,35,66.25826263427734,39.82905197143555,0.5370003581047058,-1.8369701465288538e-16,-1.0,1.0,165.10302734375,77.0,27.0,46
gate_off,0.29325825721025467,0,25,6,1,0,0.047156158834695816,0.07704336941242218,0.07704336941242218,0.8310627937316895,69.00299072265625,37.973968505859375,0.4695955713589986,35,67.63894653320312,38.923728942871094,0.5211876034736633,-0.3826834261417389,-0.9238795042037964,1.0,166.2123260498047,78.0,27.0,47
gate_off,0.2803606366117795,0,25,5,1,0,0.0525936521589756,0.08210395276546478,0.08210395276546478,0.8364343047142029,70.35884094238281,36.99409103393555,0.49830978115399677,35,69.00299072265625,37.973968505859375,0.5105496644973755,-1.8369701465288538e-16,-1.0,1.0,167.2869110107422,80.0,27.0,48
gate_off,0.274526455750068,0,25,5,1,0,0.057470113039016724,0.08687473833560944,0.08687473833560944,0.8369004130363464,71.70354461669922,35.997406005859375,0.5309136658906937,35,70.35884094238281,36.99409103393555,0.5261043310165405,-1.8369701465288538e-16,-1.0,1.0,167.3802947998047,81.0,27.0,49
gate_off,0.3071366064250469,0,25,5,1,0,0.06762553751468658,0.09714242070913315,0.09714242070913315,0.8359160423278809,73.03436279296875,34.985504150390625,0.5323782463868459,35,71.70354461669922,35.997406005859375,0.5436197519302368,-1.8369701465288538e-16,-1.0,1.0,167.1832733154297,82.0,26.0,50
gate_off,0.324416883289814,0,25,5,1,0,0.07434246689081192,0.10275379568338394,0.10275379568338394,0.8261189460754395,74.33824157714844,33.97071838378906,0.5412768721580505,35,73.03436279296875,34.985504150390625,0.5493778586387634,-1.8369701465288538e-16,-1.0,1.0,165.22393798828125,82.0,26.0,51
gate_off,0.33826172600189847,0,25,5,1,0,0.07847779244184494,0.10562549531459808,0.10562549531459808,0.8084697723388672,75.60369873046875,32.96418380737305,0.5413402815659841,35,74.33824157714844,33.97071838378906,0.5498624444007874,-1.8369701465288538e-16,-1.0,1.0,161.69419860839844,82.0,26.0,52
gate_off,0.396236103028059,0,25,5,1,0,0.08113622665405273,0.10828706622123718,0.10828706622123718,0.7836339473724365,76.8203125,31.976165771484375,0.5433892458677292,35,75.60369873046875,32.96418380737305,0.5486191511154175,-1.8369701465288538e-16,-1.0,1.0,156.7269744873047,82.0,26.0,53
gate_off,0.5215486784776052,0,25,3,0,0,0.08286263793706894,0.110664963722229,0.110664963722229,0.7528003454208374,77.97968292236328,31.015596389770508,0.54249174396197,35,76.8203125,31.976165771484375,0.5474178791046143,0.3826834261417389,-0.9238795042037964,1.0,150.56004333496094,82.0,26.0,54
gate_off,0.5426743676265081,0,25,1,0,0,0.08444496244192123,0.11130391061306,0.11130391061306,0.7168723344802856,79.07478332519531,30.09018898010254,0.5431547661622366,35,77.97968292236328,31.015596389770508,0.5484515428543091,0.7071067690849304,-0.7071067690849304,1.0,143.374755859375,82.0,26.0,55
gate_on,0.45916300515333813,1,27,2,0,0,0.0433289036154747,0.07671165466308594,0.0,0.06800077855587006,10.129026412963867,49.95700454711914,0.4790213728944461,37,10.0,50.0,0.5497972369194031,1.0,0.0,0.0,13.600177764892578,22.0,46.0,0
gate_on,0.45916300515333813,1,27,2,0,0,0.04334034398198128,0.07670794427394867,0.0,0.1290307343006134,10.37385082244873,49.87541580200195,0.47719139605760574,37,10.129026412963867,49.95700454711914,0.5497972369194031,1.0,0.0,0.0,25.806142807006836,22.0,46.0,1
gate_on,0.45916300515333813,1,27,2,0,0,0.0433628186583519,0.07670106738805771,0.0,0.1830713003873825,10.721209526062012,49.759647369384766,0.47719139605760574,37,10.37385082244873,49.87541580200195,0.5498157739639282,1.0,0.0,0.0,36.61426544189453,22.0,46.0,2
gate_on,0.43707429865996045,1,27,2,0,0,0.04253752902150154,0.07608945667743683,0.0,0.23705199360847473,11.16878604888916,49.6032829284668,0.47718682140111923,37,10.721209526062012,49.759647369384766,0.5498157739639282,1.0,0.0,0.0,47.4104118347168,23.0,45.0,3
gate_on,0.43707429865996045,1,27,2,0,0,0.042576003819704056,0.07607552409172058,0.0,0.28355661034584045,11.70257568359375,49.411746978759766,0.4644800275564194,37,11.16878604888916,49.6032829284668,0.5499047636985779,1.0,0.0,0.0,56.71128463745117,23.0,45.0,4
gate_on,0.4347190832098325,1,27,2,0,0,0.03852223977446556,0.07147528231143951,0.0,0.3296583890914917,12.319659233093262,49.179569244384766,0.4650595833857854,37,11.70257568359375,49.411746978759766,0.5499047636985779,1.0,0.0,0.0,65.93174743652344,24.0,44.0,5
gate_on,0.4347190832098325,1,27,2,0,0,0.03856614604592323,0.07145983725786209,0.0,0.36803147196769714,13.005743980407715,48.912967681884766,0.4507003277540207,37,12.319659233093262,49.179569244384766,0.5497674345970154,1.0,0.0,0.0,73.60623931884766,24.0,44.0,6
gate_on,0.4113239720463753,1,27,2,0,0,0.0377800390124321,0.07063335180282593,0.0,0.40395528078079224,13.757877349853516,48.617984771728516,0.44262420386075974,37,13.005743980407715,48.912967681884766,0.5490217804908752,1.0,0.0,0.0,80.79102325439453,25.0,44.0,7
gate_on,0.40608543902635574,1,27,2,0,0,0.03565855324268341,0.06809002161026001,0.0,0.43723276257514954,14.5726318359375,48.300392150878906,0.4341469208399455,37,13.757877349853516,48.617984771728516,0.5421698689460754,0.9238795042037964,0.3826834261417389,0.0,87.44650268554688,26.0,44.0,8
gate_on,0.4030984441439311,1,27,2,0,0,0.032111167907714844,0.06361901760101318,0.0,0.4696194529533386,15.446051597595215,47.95498275756836,0.42911715308825177,37,14.5726318359375,48.300392150878906,0.5421698689460754,0.9238795042037964,0.3826834261417389,0.0,93.92383575439453,27.0,43.0,9
gate_on,0.3796978493531545,1,27,1,0,0,0.03216741234064102,0.0635857880115509,0.0,0.4939804673194885,16.36334991455078,47.58806228637695,0.4148113653063774,37,15.446051597595215,47.95498275756836,0.5272298455238342,0.9238795042037964,0.3826834261417389,0.0,98.79601287841797,27.0,43.0,10
gate_on,0.3494456981619199,1,27,1,0,0,0.03196151182055473,0.06331095099449158,0.0,0.5176872611045837,17.32120704650879,47.194984436035156,0.4014307111501694,37,16.36334991455078,47.58806228637695,0.4666481912136078,0.9238795042037964,0.3826834261417389,0.0,103.53752899169922,28.0,42.0,11
gate_on,0.3373163615663846,1,27,1,0,0,0.029750339686870575,0.06053109094500542,0.0,0.550767183303833,18.33806800842285,46.771461486816406,0.3987553905357014,37,17.32120704650879,47.194984436035156,0.43224602937698364,0.9238795042037964,0.3826834261417389,0.0,110.1534194946289,31.0,41.0,12
gate_on,inf,1,27,0,0,0,0.030712632462382317,0.061664845794439316,0.0,0.5797662734985352,19.408191680908203,46.324974060058594,0.4004187484582265,37,18.33806800842285,46.771461486816406,0.4207136034965515,0.0,0.0,0.0,115.95326232910156,32.0,41.0,13
gate_on,inf,1,27,0,0,0,0.028731562197208405,0.05910079553723335,0.0,0.6049631237983704,20.52828598022461,45.867469787597656,0.3991421200335026,37,19.408191680908203,46.324974060058594,0.37377867102622986,0.0,0.0,0.0,120.99259948730469,33.0,41.0,14
gate_on,inf,1,27,0,0,0,0.030524518340826035,0.06130669265985489,0.0,0.6226911544799805,21.683958053588867,45.403358459472656,0.39835478578295025,37,20.52828598022461,45.867469787597656,0.3915679156780243,0.0,0.0,0.0,124.53827667236328,33.0,41.0,15
gate_on,0.39760686208804447,1,27,1,0,0,0.028076302260160446,0.058084841817617416,0.0,0.6362587213516235,22.868846893310547,44.93931198120117,0.4052886962890625,37,21.683958053588867,45.403358459472656,0.4126870036125183,0.7071067690849304,-0.7071067690849304,0.0,127.25170135498047,34.0,41.0,16
gate_on,inf,1,27,0,0,0,0.029055800288915634,0.05932458117604256,0.0,0.6480661034584045,24.080259323120117,44.47840118408203,0.40268879383802414,37,22.868846893310547,44.93931198120117,0.3985733389854431,0.0,0.0,0.0,129.6131591796875,35.0,41.0,17
gate_on,inf,1,27,0,0,0,0.026353072375059128,0.05550537630915642,0.0,0.6559268236160278,25.311960220336914,44.026878356933594,0.40070000290870667,37,24.080259323120117,44.47840118408203,0.39851343631744385,0.0,0.0,0.0,131.1853485107422,36.0,41.0,18
gate_on,inf,1,27,0,0,0,0.02637530490756035,0.05550587549805641,0.0,0.6601329445838928,26.555931091308594,43.58456802368164,0.4017932862043381,37,25.311960220336914,44.026878356933594,0.4128802716732025,0.0,0.0,0.0,132.02664184570312,37.0,41.0,19
gate_on,inf,1,27,0,0,1,0.026139264926314354,0.0552203468978405,0.0,0.661645770072937,27.802932739257812,43.14175033569336,0.5193647742271423,37,26.555931091308594,43.58456802368164,0.5193647742271423,0.0,0.0,0.0,132.32907104492188,38.0,40.0,20
gate_on,inf,1,27,0,0,1,0.02293669618666172,0.05070621520280838,0.0,0.6604571342468262,29.04482650756836,42.691734313964844,0.5723314881324768,37,27.802932739257812,43.14175033569336,0.5723314881324768,0.0,0.0,0.0,132.0913848876953,39.0,39.0,21
gate_on,inf,1,27,0,0,0,0.023059707134962082,0.050859399139881134,0.0,0.6641378998756409,30.28842544555664,42.225067138671875,0.5072888135910034,37,29.04482650756836,42.691734313964844,0.5072888135910034,0.0,0.0,0.0,132.82752990722656,40.0,38.0,22
gate_on,inf,1,27,0,0,1,0.020936351269483566,0.04747217521071434,0.0,0.6679879426956177,31.536945343017578,41.74964141845703,0.4833693504333496,37,30.28842544555664,42.225067138671875,0.489166259765625,0.0,0.0,0.0,133.59750366210938,42.0,38.0,23
gate_on,inf,1,27,0,0,0,0.022592592984437943,0.04964059591293335,0.0,0.6751231551170349,32.800209045410156,41.272850036621094,0.4386771321296692,37,31.536945343017578,41.74964141845703,0.4499340355396271,0.0,0.0,0.0,135.02467346191406,44.0,38.0,24
gate_on,inf,1,27,0,0,0,0.021990466862916946,0.0486384741961956,0.0,0.6827234625816345,34.07917022705078,40.794620513916016,0.42622877955436705,37,32.800209045410156,41.272850036621094,0.43613386154174805,0.0,0.0,0.0,136.54446411132812,45.0,38.0,25
gate_on,inf,1,27,0,0,0,0.022537294775247574,0.04940606653690338,0.0,0.6851941347122192,35.36853790283203,40.330406188964844,0.4237525090575218,37,34.07917022705078,40.794620513916016,0.42511385679244995,0.0,0.0,0.0,137.03895568847656,46.0,38.0,26
gate_on,inf,1,27,0,0,0,0.02300252392888069,0.05009014531970024,0.0,0.6852445006370544,36.66424560546875,39.88388442993164,0.42930365602175397,37,35.36853790283203,40.330406188964844,0.4299984574317932,0.0,0.0,0.0,137.0489501953125,47.0,38.0,27
gate_on,inf,1,27,0,0,0,0.02481704205274582,0.0525042824447155,0.0,0.6872668266296387,37.97121047973633,39.45822525024414,0.4348868131637573,37,36.66424560546875,39.88388442993164,0.4328688979148865,0.0,0.0,0.0,137.4532012939453,49.0,38.0,28
gate_on,inf,1,27,0,0,0,0.02388327196240425,0.050949834287166595,0.0,0.6861271262168884,39.28443908691406,39.060089111328125,0.4515317678451538,37,37.97121047973633,39.45822525024414,0.4515317678451538,0.0,0.0,0.0,137.22552490234375,50.0,38.0,29
gate_on,inf,1,27,0,0,0,0.025195611640810966,0.0528046116232872,0.0,0.6846978068351746,40.60219955444336,38.68759536743164,0.4653976261615753,37,39.28443908691406,39.060089111328125,0.43979114294052124,0.0,0.0,0.0,136.93955993652344,51.0,38.0,30
gate_on,inf,1,27,0,0,0,0.02471749484539032,0.051989857107400894,0.0,0.6867878437042236,41.93159484863281,38.34202575683594,0.4022573232650757,37,40.60219955444336,38.68759536743164,0.37138819694519043,0.0,0.0,0.0,137.357421875,53.0,38.0,31
gate_on,0.4474160894751549,1,27,2,0,0,0.02234700322151184,0.04862063378095627,0.0,0.6879289150238037,43.271366119384766,38.02898025512695,0.4801808223128319,37,41.93159484863281,38.34202575683594,0.38003823161125183,0.9238795042037964,-0.3826834261417389,0.0,137.58575439453125,54.0,38.0,32
gate_on,0.4599045664072037,1,27,3,0,0,0.02297787182033062,0.049526993185281754,0.0,0.6881878972053528,44.61867141723633,37.74759292602539,0.4892846941947937,37,43.271366119384766,38.02898025512695,0.4914170205593109,0.9238795042037964,-0.3826834261417389,0.0,137.63758850097656,55.0,38.0,33
gate_on,0.5332394813497862,1,27,1,0,0,0.023191729560494423,0.050108689814805984,0.0,0.6910369396209717,45.9754753112793,37.48451232910156,0.5039960652589798,37,44.61867141723633,37.74759292602539,0.5015806555747986,0.7071067690849304,0.7071067690849304,0.0,138.2073211669922,57.0,37.0,34
gate_on,0.5391727189222971,1,27,1,0,0,0.02247072011232376,0.04889843612909317,0.0,0.6926535964012146,47.33994674682617,37.24515151977539,0.4887951645586226,37,45.9754753112793,37.48451232910156,0.5021634697914124,0.7071067690849304,0.7071067690849304,0.0,138.5306854248047,58.0,37.0,35
gate_on,0.5253220026691755,1,27,1,0,0,0.023494957014918327,0.05014307051897049,0.0,0.6923759579658508,48.707740783691406,37.02910232543945,0.48712412640452385,37,47.33994674682617,37.24515151977539,0.4354512691497803,0.7071067690849304,0.7071067690849304,0.0,138.47532653808594,59.0,37.0,36
gate_on,inf,1,27,0,0,1,0.017507191747426987,0.04136495292186737,0.0,0.6929416060447693,50.07984924316406,36.834190368652344,0.9465288519859314,37,48.707740783691406,37.02910232543945,0.9465288519859314,0.0,0.0,0.0,138.58811950683594,61.0,37.0,37
gate_on,inf,1,27,0,0,1,0.018648410215973854,0.04303004965186119,0.0,0.6896741390228271,51.44842529296875,36.662139892578125,0.9163991212844849,37,50.07984924316406,36.834190368652344,0.9163991212844849,0.0,0.0,0.0,137.93479919433594,62.0,37.0,38
gate_on,inf,1,27,0,0,1,0.019846126437187195,0.04472334682941437,0.0,0.6902053356170654,52.81977081298828,36.50419998168945,0.8103183507919312,37,51.44842529296875,36.662139892578125,0.653055727481842,0.0,0.0,0.0,138.0409393310547,63.0,37.0,39
gate_on,inf,1,27,0,0,0,0.02230769954621792,0.04819565266370773,0.0,0.6914698481559753,54.19564437866211,36.36457824707031,0.5570986270904541,37,52.81977081298828,36.50419998168945,0.6630096435546875,0.0,0.0,0.0,138.29396057128906,65.0,37.0,40
gate_on,inf,1,27,0,0,0,0.02350349724292755,0.04966621845960617,0.0,0.6901635527610779,55.57018280029297,36.23829650878906,0.5558844208717346,37,54.19564437866211,36.36457824707031,0.5310598015785217,0.0,0.0,0.0,138.0326385498047,66.0,37.0,41
gate_on,inf,1,27,0,0,1,0.027926724404096603,0.05600941926240921,0.0,0.6933695673942566,56.95103454589844,36.11064910888672,0.5389736294746399,37,55.57018280029297,36.23829650878906,0.5389736294746399,0.0,0.0,0.0,138.67408752441406,68.0,36.0,42
gate_on,inf,1,27,0,0,0,0.030543651431798935,0.05862172693014145,0.0,0.69041508436203,58.32561111450195,35.9793815612793,0.544599711894989,37,56.95103454589844,36.11064910888672,0.544599711894989,0.0,0.0,0.0,138.08285522460938,69.0,35.0,43
gate_on,0.5498005002737045,1,27,1,0,0,0.03303900733590126,0.06179019808769226,0.0,0.6899043321609497,59.69820022583008,35.838417053222656,0.546055257320404,37,58.32561111450195,35.9793815612793,0.5481148362159729,0.7071067690849304,0.7071067690849304,0.0,137.98092651367188,70.0,34.0,44
gate_on,0.34827837596337,1,27,5,0,0,0.03854764997959137,0.06880715489387512,0.0,0.693871021270752,61.07558822631836,35.669212341308594,0.3947034863134225,37,59.69820022583008,35.838417053222656,0.5495622158050537,0.7071067690849304,-0.7071067690849304,0.0,138.7741241455078,72.0,32.0,45
gate_on,0.3125159330666065,1,27,5,0,0,0.04055304452776909,0.07123072445392609,0.0,0.6964524984359741,62.45353317260742,35.465614318847656,0.3330555173257987,37,61.07558822631836,35.669212341308594,0.549838662147522,0.7071067690849304,-0.7071067690849304,0.0,139.2906951904297,73.0,31.0,46
gate_on,0.28595229610800743,1,27,5,0,0,0.04424431920051575,0.07544451951980591,0.0,0.6976844668388367,63.82752227783203,35.222286224365234,0.3027946638564269,37,62.45353317260742,35.465614318847656,0.5471451878547668,0.7071067690849304,-0.7071067690849304,0.0,139.5370330810547,74.0,30.0,47
gate_on,0.2481186787287394,1,27,6,0,0,0.05028361454606056,0.08220791071653366,0.0,0.7046350836753845,65.20484161376953,34.92390060424805,0.25804530705014866,37,63.82752227783203,35.222286224365234,0.537670373916626,0.7071067690849304,-0.7071067690849304,0.0,140.92715454101562,76.0,28.0,48
gate_on,0.21151823674639067,1,27,6,0,0,0.053609106689691544,0.08486411720514297,0.0,0.7107626795768738,66.58106994628906,34.567909240722656,0.2124751123289267,37,65.20484161376953,34.92390060424805,0.39609065651893616,0.7071067690849304,-0.7071067690849304,0.0,142.1527557373047,77.0,27.0,49
gate_on,0.18939606100320816,1,27,6,0,0,0.059586137533187866,0.09149395674467087,0.0,0.7250270843505859,67.97361755371094,34.163597106933594,0.22504745920499167,37,66.58106994628906,34.567909240722656,0.20209090411663055,0.7071067690849304,-0.7071067690849304,0.0,145.00579833984375,80.0,27.0,50
gate_on,0.18474918976426125,1,27,6,0,0,0.06512819975614548,0.09678822755813599,0.0,0.7359037399291992,69.37691497802734,33.71977996826172,0.22963906079530716,37,67.97361755371094,34.163597106933594,0.185499370098114,0.7071067690849304,-0.7071067690849304,0.0,147.18099975585938,81.0,27.0,51
gate_on,0.19747928033272424,1,27,6,0,0,0.06884158402681351,0.09854166209697723,0.0,0.7452367544174194,70.78599548339844,33.233978271484375,0.24492601429422697,37,69.37691497802734,33.71977996826172,0.3542565703392029,0.7071067690849304,-0.7071067690849304,0.0,149.04702758789062,82.0,26.0,52
gate_on,0.21195167303085327,1,27,6,0,0,0.07426291704177856,0.10585437715053558,0.0,0.7459578514099121,72.18489837646484,32.71543884277344,0.2493884116411209,37,70.78599548339844,33.233978271484375,0.4591728746891022,0.7071067690849304,-0.7071067690849304,0.0,149.19171142578125,82.0,26.0,53
gate_on,0.22021067887544632,1,27,6,0,0,0.08103843033313751,0.10844909399747849,0.0,0.7392157912254333,73.56004333496094,32.172542572021484,0.23226606473326683,37,72.18489837646484,32.71543884277344,0.4603649973869324,0.7071067690849304,-0.7071067690849304,0.0,147.84295654296875,82.0,26.0,54
gate_on,0.20837713653842607,1,27,4,0,0,0.08728481829166412,0.11580310761928558,0.0,0.7252364754676819,74.89849090576172,31.613588333129883,0.21655350551009178,37,73.56004333496094,32.172542572021484,0.4633810222148895,0.7071067690849304,-0.7071067690849304,0.0,145.04733276367188,82.0,26.0,55
gate_on,0.22580847019950548,1,27,4,0,0,0.08922267705202103,0.11666644364595413,0.0,0.7050117254257202,76.18927001953125,31.04608917236328,0.22636975720524788,37,74.89849090576172,31.613588333129883,0.2696225643157959,0.7071067690849304,-0.7071067690849304,0.0,141.002197265625,82.0,26.0,56
gate_on,0.26054783041278523,1,27,3,0,0,0.0899960920214653,0.11592040956020355,0.0,0.6792617440223694,77.42283630371094,30.476966857910156,0.2630825887123744,37,76.18927001953125,31.04608917236328,0.20462439954280853,0.7071067690849304,-0.7071067690849304,0.0,135.85256958007812,82.0,26.0,57
gate_on,0.2937614619731903,1,27,1,0,0,0.09020394831895828,0.11630026996135712,0.0,0.6487153172492981,78.59107208251953,29.91256332397461,0.29455094039440155,37,77.42283630371094,30.476966857910156,0.26839321851730347,0.7071067690849304,-0.7071067690849304,0.0,129.7427215576172,82.0,26.0,58
gate_off,0.45916300515333813,1,27,2,0,0,0.0433289036154747,0.07671165466308594,0.07671165466308594,0.06800077855587006,10.129026412963867,49.95700454711914,0.4790213728944461,37,10.0,50.0,0.5497972369194031,1.0,0.0,1.0,13.600177764892578,22.0,46.0,0
gate_off,0.45916300515333813,1,27,2,0,0,0.04334034398198128,0.07670794427394867,0.07670794427394867,0.1290307343006134,10.37385082244873,49.87541580200195,0.47719139605760574,37,10.129026412963867,49.95700454711914,0.5497972369194031,1.0,0.0,1.0,25.806140899658203,22.0,46.0,1
gate_off,0.45916300515333813,1,27,2,0,0,0.0433628186583519,0.07670106738805771,0.07670106738805771,0.1830713003873825,10.721209526062012,49.759647369384766,0.47719139605760574,37,10.37385082244873,49.87541580200195,0.5498157739639282,1.0,0.0,1.0,36.61426544189453,22.0,46.0,2
gate_off,0.43707429865996045,1,27,2,0,0,0.04253752902150154,0.07608945667743683,0.07608945667743683,0.23705199360847473,11.16878604888916,49.6032829284668,0.47718682140111923,37,10.721209526062012,49.759647369384766,0.5498157739639282,1.0,0.0,1.0,47.41040802001953,23.0,45.0,3
gate_off,0.43707429865996045,1,27,2,0,0,0.042576003819704056,0.07607552409172058,0.07607552409172058,0.28355661034584045,11.70257568359375,49.411746978759766,0.4644800275564194,37,11.16878604888916,49.6032829284668,0.5499047636985779,1.0,0.0,1.0,56.711280822753906,23.0,45.0,4
gate_off,0.4347190832098325,1,27,2,0,0,0.03852223977446556,0.07147528231143951,0.07147528231143951,0.3296583890914917,12.319659233093262,49.179569244384766,0.4650595833857854,37,11.70257568359375,49.411746978759766,0.5499047636985779,1.0,0.0,1.0,65.93175506591797,24.0,44.0,5
gate_off,0.4347190832098325,1,27,2,0,0,0.03856614604592323,0.07145983725786209,0.07145983725786209,0.36803147196769714,13.005743980407715,48.912967681884766,0.4507003277540207,37,12.319659233093262,49.179569244384766,0.5497674345970154,1.0,0.0,1.0,73.60623931884766,24.0,44.0,6
gate_off,0.4113239720463753,1,27,2,0,0,0.0377800390124321,0.07063335180282593,0.07063335180282593,0.40395528078079224,13.757877349853516,48.617984771728516,0.44262420386075974,37,13.005743980407715,48.912967681884766,0.5490217804908752,1.0,0.0,1.0,80.79103088378906,25.0,44.0,7
gate_off,0.40608543902635574,1,27,2,0,0,0.03565855324268341,0.06809002161026001,0.06809002161026001,0.43723276257514954,14.5726318359375,48.300392150878906,0.4341469208399455,37,13.757877349853516,48.617984771728516,0.5421698689460754,0.9238795042037964,0.3826834261417389,1.0,87.44652557373047,26.0,44.0,8
gate_off,0.4030984441439311,1,27,2,0,0,0.032111167907714844,0.06361901760101318,0.06361901760101318,0.4696194529533386,15.446051597595215,47.95498275756836,0.42911715308825177,37,14.5726318359375,48.300392150878906,0.5421698689460754,0.9238795042037964,0.3826834261417389,1.0,93.92393493652344,27.0,43.0,9
gate_off,0.3796978493531545,1,27,1,0,0,0.03216741234064102,0.0635857880115509,0.0635857880115509,0.4939804673194885,16.36334991455078,47.58806228637695,0.4148113653063774,37,15.446051597595215,47.95498275756836,0.5272298455238342,0.9238795042037964,0.3826834261417389,1.0,98.79617309570312,27.0,43.0,10
gate_off,0.3494456981619199,1,27,1,0,0,0.03196151182055473,0.06331095099449158,0.06331095099449158,0.5176888704299927,17.321208953857422,47.19498062133789,0.4014307111501694,37,16.36334991455078,47.58806228637695,0.4666481912136078,0.9238795042037964,0.3826834261417389,1.0,103.53781127929688,28.0,42.0,11
gate_off,0.3373163615663846,1,27,1,0,0,0.029750339686870575,0.06053109094500542,0.06053109094500542,0.5507687926292419,18.338071823120117,46.771453857421875,0.3987553905357014,37,17.321208953857422,47.19498062133789,0.43224602937698364,0.9238795042037964,0.3826834261417389,1.0,110.15384674072266,31.0,41.0,12
gate_off,inf,1,27,0,0,0,0.030712615698575974,0.06166481971740723,0.06166481971740723,0.5797687768936157,19.408199310302734,46.3249626159668,0.4004187484582265,37,18.338071823120117,46.771453857421875,0.4207136034965515,0.0,0.0,1.0,115.95376586914062,32.0,41.0,13
gate_off,inf,1,27,0,0,0,0.028731562197208405,0.05910079553723335,0.05910079553723335,0.6049655675888062,20.528297424316406,45.867454528808594,0.3991421200335026,37,19.408199310302734,46.3249626159668,0.37377867102622986,0.0,0.0,1.0,120.99310302734375,33.0,41.0,14
gate_off,inf,1,27,0,0,0,0.030524518340826035,0.06130669265985489,0.06130669265985489,0.6226938366889954,21.683975219726562,45.403343200683594,0.39835478578295025,37,20.528297424316406,45.867454528808594,0.3915679156780243,0.0,0.0,1.0,124.53877258300781,33.0,41.0,15
gate_off,0.39760686208804447,1,27,1,0,0,0.028076302260160446,0.058084841817617416,0.058084841817617416,0.6362605094909668,22.868867874145508,44.93929672241211,0.4052886962890625,37,21.683975219726562,45.403343200683594,0.4126870036125183,0.7071067690849304,-0.7071067690849304,1.0,127.25215148925781,34.0,41.0,16
gate_off,inf,1,27,0,0,0,0.029055800288915634,0.05932458117604256,0.05932458117604256,0.6480669975280762,24.08028221130371,44.47838592529297,0.40268879383802414,37,22.868867874145508,44.93929672241211,0.3985733389854431,0.0,0.0,1.0,129.613525390625,35.0,41.0,17
gate_off,inf,1,27,0,0,0,0.026353061199188232,0.05550537630915642,0.05550537630915642,0.6559286117553711,25.311986923217773,44.02686309814453,0.40070000290870667,37,24.08028221130371,44.47838592529297,0.39851343631744385,0.0,0.0,1.0,131.1857147216797,36.0,41.0,18
gate_off,inf,1,27,0,0,0,0.026375316083431244,0.05550584942102432,0.05550584942102432,0.6601353883743286,26.55596160888672,43.58454895019531,0.4017932862043381,37,25.311986923217773,44.02686309814453,0.4128802716732025,0.0,0.0,1.0,132.0269775390625,37.0,41.0,19
gate_off,inf,1,27,0,0,1,0.026139264926314354,0.05522031709551811,0.05522031709551811,0.661645770072937,27.802963256835938,43.14173126220703,0.5193647742271423,37,26.55596160888672,43.58454895019531,0.5193647742271423,0.0,0.0,1.0,132.3291778564453,38.0,40.0,20
gate_off,inf,1,27,0,0,1,0.022936686873435974,0.05070618912577629,0.05070618912577629,0.6604562401771545,29.04485511779785,42.691715240478516,0.5723314881324768,37,27.802963256835938,43.14173126220703,0.5723314881324768,0.0,0.0,1.0,132.09124755859375,39.0,39.0,21
gate_off,inf,1,27,0,0,0,0.023059707134962082,0.050859399139881134,0.050859399139881134,0.6641361117362976,30.288450241088867,42.22504806518555,0.5072888135910034,37,29.04485511779785,42.691715240478516,0.5072888135910034,0.0,0.0,1.0,132.8272705078125,40.0,38.0,22
gate_off,inf,1,27,0,0,1,0.020936351269483566,0.04747217521071434,0.04747217521071434,0.6679868102073669,31.53696632385254,41.74961853027344,0.4833693504333496,37,30.288450241088867,42.22504806518555,0.489166259765625,0.0,0.0,1.0,133.59732055664062,42.0,38.0,23
gate_off,inf,1,27,0,0,0,0.022592592984437943,0.04964059591293335,0.04964059591293335,0.6751229763031006,32.800228118896484,41.272823333740234,0.4386771321296692,37,31.53696632385254,41.74961853027344,0.4499340355396271,0.0,0.0,1.0,135.02452087402344,44.0,38.0,24
gate_off,inf,1,27,0,0,0,0.02199045568704605,0.0486384741961956,0.0486384741961956,0.6827205419540405,34.07918167114258,40.79458999633789,0.42622877955436705,37,32.800228118896484,41.272823333740234,0.43613386154174805,0.0,0.0,1.0,136.54429626464844,45.0,38.0,25
gate_off,inf,1,27,0,0,0,0.02253730222582817,0.04940606653690338,0.04940606653690338,0.6851935982704163,35.36854553222656,40.33036804199219,0.4237525090575218,37,34.07918167114258,40.79458999633789,0.42511385679244995,0.0,0.0,1.0,137.03883361816406,46.0,38.0,26
gate_off,inf,1,27,0,0,0,0.023002535104751587,0.05009010061621666,0.05009010061621666,0.6852450966835022,36.66425323486328,39.88384246826172,0.42930365602175397,37,35.36854553222656,40.33036804199219,0.4299984574317932,0.0,0.0,1.0,137.04884338378906,47.0,38.0,27
gate_off,inf,1,27,0,0,0,0.024817053228616714,0.0525042824447155,0.0525042824447155,0.6872650384902954,37.971214294433594,39.45818328857422,0.4348868131637573,37,36.66425323486328,39.88384246826172,0.4328688979148865,0.0,0.0,1.0,137.45306396484375,49.0,38.0,28
gate_off,inf,1,27,0,0,0,0.023883257061243057,0.050949834287166595,0.050949834287166595,0.6861276626586914,39.28444290161133,39.06004333496094,0.4515317678451538,37,37.971214294433594,39.45818328857422,0.4515317678451538,0.0,0.0,1.0,137.2253875732422,50.0,38.0,29
gate_off,inf,1,27,0,0,0,0.025195611640810966,0.05280458927154541,0.05280458927154541,0.6846959590911865,40.60219955444336,38.68754959106445,0.4653976261615753,37,39.28444290161133,39.06004333496094,0.43979114294052124,0.0,0.0,1.0,136.93936157226562,51.0,38.0,30
gate_off,inf,1,27,0,0,0,0.02471749484539032,0.051989857107400894,0.051989857107400894,0.6867864727973938,41.93159103393555,38.341976165771484,0.4022573232650757,37,40.60219955444336,38.68754959106445,0.37138819694519043,0.0,0.0,1.0,137.35733032226562,53.0,38.0,31
gate_off,0.4474160894751549,1,27,2,0,0,0.022347014397382736,0.04862060770392418,0.04862060770392418,0.6879289150238037,43.2713623046875,38.0289306640625,0.4801808223128319,37,41.93159103393555,38.341976165771484,0.38003823161125183,0.9238795042037964,-0.3826834261417389,1.0,137.58572387695312,54.0,38.0,32
gate_off,0.4599045664072037,1,27,3,0,0,0.02297787182033062,0.049526967108249664,0.049526967108249664,0.6881875395774841,44.61866760253906,37.7475471496582,0.4892846941947937,37,43.2713623046875,38.0289306640625,0.4914170205593109,0.9238795042037964,-0.3826834261417389,1.0,137.6375274658203,55.0,38.0,33
gate_off,0.5332394813497862,1,27,1,0,0,0.023191729560494423,0.050108689814805984,0.050108689814805984,0.691034734249115,45.975467681884766,37.48447036743164,0.5039960652589798,37,44.61866760253906,37.7475471496582,0.5015806555747986,0.7071067690849304,0.7071067690849304,1.0,138.20712280273438,57.0,37.0,34
gate_off,0.5391727189222971,1,27,1,0,0,0.02247072011232376,0.04889843612909317,0.04889843612909317,0.6926516890525818,47.339935302734375,37.24510955810547,0.4887951645586226,37,45.975467681884766,37.48447036743164,0.5021634697914124,0.7071067690849304,0.7071067690849304,1.0,138.53050231933594,58.0,37.0,35
gate_off,0.5253220026691755,1,27,1,0,0,0.023494957014918327,0.05014307051897049,0.05014307051897049,0.6923759579658508,48.70772933959961,37.02906036376953,0.48712412640452385,37,47.339935302734375,37.24510955810547,0.4354512691497803,0.7071067690849304,0.7071067690849304,1.0,138.4752197265625,59.0,37.0,36
gate_off,inf,1,27,0,0,1,0.017507201060652733,0.04136495292186737,0.04136495292186737,0.6929394602775574,50.079833984375,36.83415222167969,0.9465288519859314,37,48.70772933959961,37.02906036376953,0.9465288519859314,0.0,0.0,1.0,138.5880584716797,61.0,37.0,37
gate_off,inf,1,27,0,0,1,0.018648400902748108,0.04303004965186119,0.04303004965186119,0.689673900604248,51.44841003417969,36.662105560302734,0.9163991212844849,37,50.079833984375,36.83415222167969,0.9163991212844849,0.0,0.0,1.0,137.9347686767578,62.0,37.0,38
gate_off,inf,1,27,0,0,1,0.019846126437187195,0.04472334682941437,0.04472334682941437,0.6902050971984863,52.81975555419922,36.50416946411133,0.8103183507919312,37,51.44841003417969,36.662105560302734,0.653055727481842,0.0,0.0,1.0,138.041015625,63.0,37.0,39
gate_off,inf,1,27,0,0,0,0.022307690232992172,0.04819565266370773,0.04819565266370773,0.6914711594581604,54.19563293457031,36.364559173583984,0.5570986270904541,37,52.81975555419922,36.50416946411133,0.6630096435546875,0.0,0.0,1.0,138.2943878173828,65.0,37.0,40
gate_off,inf,1,27,0,0,0,0.02350349724292755,0.04966621845960617,0.04966621845960617,0.6901668310165405,55.5701789855957,36.23828887939453,0.5558844208717346,37,54.19563293457031,36.364559173583984,0.5310598015785217,0.0,0.0,1.0,138.03346252441406,66.0,37.0,41
gate_off,inf,1,27,0,0,1,0.027926724404096603,0.05600941926240921,0.05600941926240921,0.6933746933937073,56.95104217529297,36.110652923583984,0.5389736294746399,37,55.5701789855957,36.23828887939453,0.5389736294746399,0.0,0.0,1.0,138.67514038085938,68.0,36.0,42
gate_off,inf,1,27,0,0,0,0.030543651431798935,0.05862172693014145,0.05862172693014145,0.6904202103614807,58.32563018798828,35.97939682006836,0.544599711894989,37,56.95104217529297,36.110652923583984,0.544599711894989,0.0,0.0,1.0,138.0838623046875,69.0,35.0,43
gate_off,0.5498005002737045,1,27,1,0,0,0.03303902596235275,0.06179019808769226,0.06179019808769226,0.6899096369743347,59.6982307434082,35.83843994140625,0.546055257320404,37,58.32563018798828,35.97939682006836,0.5481148362159729,0.7071067690849304,0.7071067690849304,1.0,137.98179626464844,70.0,34.0,44
gate_off,0.34827837596337,1,27,5,0,0,0.038547687232494354,0.06880712509155273,0.06880712509155273,0.6938742995262146,61.075626373291016,35.66924285888672,0.3947034863134225,37,59.6982307434082,35.83843994140625,0.5495622158050537,0.7071067690849304,-0.7071067690849304,1.0,138.7748260498047,72.0,32.0,45
gate_off,0.3125159330666065,1,27,5,0,0,0.04055304452776909,0.07123072445392609,0.07123072445392609,0.6964560151100159,62.45357894897461,35.46564865112305,0.3330555173257987,37,61.075626373291016,35.66924285888672,0.549838662147522,0.7071067690849304,-0.7071067690849304,1.0,139.291259765625,73.0,31.0,46
gate_off,0.28595229610800743,1,27,5,0,0,0.04424431920051575,0.07544451951980591,0.07544451951980591,0.6976879239082336,63.82757568359375,35.22232437133789,0.3027946638564269,37,62.45357894897461,35.46564865112305,0.5471451878547668,0.7071067690849304,-0.7071067690849304,1.0,139.5374755859375,74.0,30.0,47
gate_off,0.2481186787287394,1,27,6,0,0,0.05028361454606056,0.08220791071653366,0.08220791071653366,0.7046384215354919,65.20490264892578,34.92394256591797,0.25804530705014866,37,63.82757568359375,35.22232437133789,0.537670373916626,0.7071067690849304,-0.7071067690849304,1.0,140.9275665283203,76.0,28.0,48
gate_off,0.21151823674639067,1,27,6,0,0,0.053609129041433334,0.0848640650510788,0.0848640650510788,0.7107658982276917,66.58113861083984,34.567955017089844,0.2124751123289267,37,65.20490264892578,34.92394256591797,0.39609065651893616,0.7071067690849304,-0.7071067690849304,1.0,142.15330505371094,77.0,27.0,49
gate_off,0.18939606100320816,1,27,6,0,0,0.059586167335510254,0.09149395674467087,0.09149395674467087,0.7250349521636963,67.97370147705078,34.163639068603516,0.22504745920499167,37,66.58113861083984,34.567955017089844,0.20209090411663055,0.7071067690849304,-0.7071067690849304,1.0,145.00704956054688,80.0,27.0,50
gate_off,0.18474918976426125,1,27,6,0,0,0.06512822210788727,0.0967881828546524,0.0967881828546524,0.7359122037887573,69.37701416015625,33.71981430053711,0.22963906079530716,37,67.97370147705078,34.163639068603516,0.185499370098114,0.7071067690849304,-0.7071067690849304,1.0,147.1826171875,81.0,27.0,51
gate_off,0.19747928033272424,1,27,6,0,0,0.06884162127971649,0.09854166209697723,0.09854166209697723,0.745242178440094,70.78610229492188,33.23400115966797,0.24492601429422697,37,69.37701416015625,33.71981430053711,0.3542565703392029,0.7071067690849304,-0.7071067690849304,1.0,149.0485382080078,82.0,26.0,52
gate_off,0.21195167303085327,1,27,6,0,0,0.07426291704177856,0.1058543473482132,0.1058543473482132,0.7459633946418762,72.18501281738281,32.715450286865234,0.2493884116411209,37,70.78610229492188,33.23400115966797,0.4591728746891022,0.7071067690849304,-0.7071067690849304,1.0,149.19259643554688,82.0,26.0,53
gate_off,0.22021067887544632,1,27,6,0,0,0.08103843033313751,0.1084490716457367,0.1084490716457367,0.7392157912254333,73.56015014648438,32.17253494262695,0.23226606473326683,37,72.18501281738281,32.715450286865234,0.4603649973869324,0.7071067690849304,-0.7071067690849304,1.0,147.84326171875,82.0,26.0,54
gate_off,0.20837713653842607,1,27,4,0,0,0.08728481829166412,0.11580309271812439,0.11580309271812439,0.7252384424209595,74.89859008789062,31.61355209350586,0.21655350551009178,37,73.56015014648438,32.17253494262695,0.4633810222148895,0.7071067690849304,-0.7071067690849304,1.0,145.04776000976562,82.0,26.0,55
gate_off,0.22580847019950548,1,27,4,0,0,0.08922267705202103,0.11666642129421234,0.11666642129421234,0.7050162553787231,76.18936157226562,31.04601287841797,0.22636975720524788,37,74.89859008789062,31.61355209350586,0.2696225643157959,0.7071067690849304,-0.7071067690849304,1.0,141.0029754638672,82.0,26.0,56
gate_off,0.26054783041278523,1,27,3,0,0,0.08999617397785187,0.11592037975788116,0.11592037975788116,0.6792674660682678,77.42292022705078,30.47684669494629,0.2630825887123744,37,76.18936157226562,31.04601287841797,0.20462439954280853,0.7071067690849304,-0.7071067690849304,1.0,135.85350036621094,82.0,26.0,57
gate_off,0.2937614619731903,1,27,1,0,0,0.0902038961648941,0.11630021035671234,0.11630021035671234,0.6487171649932861,78.59114074707031,29.912403106689453,0.29455094039440155,37,77.42292022705078,30.47684669494629,0.26839321851730347,0.7071067690849304,-0.7071067690849304,1.0,129.7435302734375,82.0,26.0,58
