arm,best_risk,dataset,episode_id,gate_active,lambda_hard_learned,lambda_soft_learned,lambda_soft_used,nominal_risk,regime,stage
zero,0.2512627566854159,RELLIS-3D,00003_001631_00,0,0.1093348041176796,0.13907326757907867,0.0,0.25673246135314304,R1,0
zero,0.5017074197530746,RELLIS-3D,00003_001631_00,0,0.07522138208150864,0.10619333386421204,0.0,0.5017074197530746,R1,1
zero,0.5488841533660889,RELLIS-3D,00003_001631_00,0,0.07011712342500687,0.10320111364126205,0.0,0.5485716114441553,R1,2
zero,inf,RELLIS-3D,00003_001631_00,0,0.07167059183120728,0.10402961820363998,0.0,0.5498511344194412,R1,3
zero,0.549245243271192,RELLIS-3D,00003_001631_00,0,0.07437177747488022,0.10686847567558289,0.0,0.550000011920929,R1,4
zero,0.5500000069538752,RELLIS-3D,00003_001631_00,0,0.07608425617218018,0.112080417573452,0.0,0.550000011920929,R1,5
learned,0.2512627566854159,RELLIS-3D,00003_001631_00,0,0.1093348041176796,0.13907326757907867,0.0,0.25673246135314304,R1,0
learned,0.5017074197530746,RELLIS-3D,00003_001631_00,0,0.07522138208150864,0.10619333386421204,0.0,0.5017074197530746,R1,1
learned,0.5488841533660889,RELLIS-3D,00003_001631_00,0,0.07011712342500687,0.10320111364126205,0.0,0.5485716114441553,R1,2
learned,inf,RELLIS-3D,00003_001631_00,0,0.07167059183120728,0.10402961820363998,0.0,0.5498511344194412,R1,3
learned,0.549245243271192,RELLIS-3D,00003_001631_00,0,0.07437177747488022,0.10686847567558289,0.0,0.550000011920929,R1,4
learned,0.5500000069538752,RELLIS-3D,00003_001631_00,0,0.07608425617218018,0.112080417573452,0.0,0.550000011920929,R1,5
fixed,0.2512627566854159,RELLIS-3D,00003_001631_00,0,0.1093348041176796,0.13907326757907867,0.0,0.25673246135314304,R1,0
fixed,0.5017074197530746,RELLIS-3D,00003_001631_00,0,0.07522138208150864,0.10619333386421204,0.0,0.5017074197530746,R1,1
fixed,0.5488841533660889,RELLIS-3D,00003_001631_00,0,0.07011712342500687,0.10320111364126205,0.0,0.5485716114441553,R1,2
fixed,inf,RELLIS-3D,00003_001631_00,0,0.07167059183120728,0.10402961820363998,0.0,0.5498511344194412,R1,3
fixed,0.549245243271192,RELLIS-3D,00003_001631_00,0,0.07437177747488022,0.10686847567558289,0.0,0.550000011920929,R1,4
fixed,0.5500000069538752,RELLIS-3D,00003_001631_00,0,0.07608425617218018,0.112080417573452,0.0,0.550000011920929,R1,5
zero,0.2566794777909915,RELLIS-3D,00003_001631_01,0,0.12207724153995514,0.1454901397228241,0.0,0.2572578464945157,R1,0
zero,inf,RELLIS-3D,00003_001631_01,0,0.0878501608967781,0.12493620812892914,0.0,0.5083276033401489,R1,1
zero,inf,RELLIS-3D,00003_001631_01,0,0.0837974101305008,0.1174997091293335,0.0,0.5220815266172091,R1,2
zero,inf,RELLIS-3D,00003_001631_01,0,0.08064062148332596,0.11296986043453217,0.0,0.5425917158524195,R1,3
zero,0.5492759495973587,RELLIS-3D,00003_001631_01,0,0.07945643365383148,0.11076446622610092,0.0,0.5492759495973587,R1,4
zero,0.550000011920929,RELLIS-3D,00003_001631_01,0,0.07758814096450806,0.11007346212863922,0.0,0.550000011920929,R1,5
zero,inf,RELLIS-3D,00003_001631_01,0,0.07406701147556305,0.1057346761226654,0.0,0.550000324845314,R1,6
zero,0.550000011920929,RELLIS-3D,00003_001631_01,0,0.053248558193445206,0.08404675871133804,0.0,0.5500010897715887,R1,7
zero,inf,RELLIS-3D,00003_001631_01,0,0.04339224845170975,0.07364759594202042,0.0,0.5512540510722569,R1,8
zero,inf,RELLIS-3D,00003_001631_01,0,0.04354291409254074,0.0758402869105339,0.0,0.5586310625076294,R1,9
learned,0.2566794777909915,RELLIS-3D,00003_001631_01,0,0.12207724153995514,0.1454901397228241,0.0,0.2572578464945157,R1,0
learned,inf,RELLIS-3D,00003_001631_01,0,0.0878501608967781,0.12493620812892914,0.0,0.5083276033401489,R1,1
learned,inf,RELLIS-3D,00003_001631_01,0,0.0837974101305008,0.1174997091293335,0.0,0.5220815266172091,R1,2
learned,inf,RELLIS-3D,00003_001631_01,0,0.08064062148332596,0.11296986043453217,0.0,0.5425917158524195,R1,3
learned,0.5492759495973587,RELLIS-3D,00003_001631_01,0,0.07945643365383148,0.11076446622610092,0.0,0.5492759495973587,R1,4
learned,0.550000011920929,RELLIS-3D,00003_001631_01,0,0.07758814096450806,0.11007346212863922,0.0,0.550000011920929,R1,5
learned,inf,RELLIS-3D,00003_001631_01,0,0.07406701147556305,0.1057346761226654,0.0,0.550000324845314,R1,6
learned,0.550000011920929,RELLIS-3D,00003_001631_01,0,0.053248558193445206,0.08404675871133804,0.0,0.5500010897715887,R1,7
learned,inf,RELLIS-3D,00003_001631_01,0,0.04339224845170975,0.07364759594202042,0.0,0.5512540510722569,R1,8
learned,inf,RELLIS-3D,00003_001631_01,0,0.04354291409254074,0.0758402869105339,0.0,0.5586310625076294,R1,9
fixed,0.2566794777909915,RELLIS-3D,00003_001631_01,0,0.12207724153995514,0.1454901397228241,0.0,0.2572578464945157,R1,0
fixed,inf,RELLIS-3D,00003_001631_01,0,0.0878501608967781,0.12493620812892914,0.0,0.5083276033401489,R1,1
fixed,inf,RELLIS-3D,00003_001631_01,0,0.0837974101305008,0.1174997091293335,0.0,0.5220815266172091,R1,2
fixed,inf,RELLIS-3D,00003_001631_01,0,0.08064062148332596,0.11296986043453217,0.0,0.5425917158524195,R1,3
fixed,0.5492759495973587,RELLIS-3D,00003_001631_01,0,0.07945643365383148,0.11076446622610092,0.0,0.5492759495973587,R1,4
fixed,0.550000011920929,RELLIS-3D,00003_001631_01,0,0.07758814096450806,0.11007346212863922,0.0,0.550000011920929,R1,5
fixed,inf,RELLIS-3D,00003_001631_01,0,0.07406701147556305,0.1057346761226654,0.0,0.550000324845314,R1,6
fixed,0.550000011920929,RELLIS-3D,00003_001631_01,0,0.053248558193445206,0.08404675871133804,0.0,0.5500010897715887,R1,7
fixed,inf,RELLIS-3D,00003_001631_01,0,0.04339224845170975,0.07364759594202042,0.0,0.5512540510722569,R1,8
fixed,inf,RELLIS-3D,00003_001631_01,0,0.04354291409254074,0.0758402869105339,0.0,0.5586310625076294,R1,9
zero,0.2614685396353404,RELLIS-3D,00003_001631_04,1,0.12235771119594574,0.14555366337299347,0.0,0.30825158456961316,R1,0
zero,inf,RELLIS-3D,00003_001631_04,0,0.08856341242790222,0.12430454790592194,0.0,0.5038926204045614,R1,1
zero,inf,RELLIS-3D,00003_001631_04,0,0.08395767211914062,0.11950072646141052,0.0,0.5442446817954382,R1,2
zero,inf,RELLIS-3D,00003_001631_04,0,0.0803605392575264,0.11335476487874985,0.0,0.549312541882197,R1,3
zero,0.5493682871262232,RELLIS-3D,00003_001631_04,0,0.07887113839387894,0.11119404435157776,0.0,0.5493682871262232,R1,4
zero,0.549864798784256,RELLIS-3D,00003_001631_04,0,0.07718690484762192,0.11069099605083466,0.0,0.549864798784256,R1,5
zero,0.550000011920929,RELLIS-3D,00003_001631_04,0,0.07123947888612747,0.10273411870002747,0.0,0.550000011920929,R1,6
zero,0.550000011920929,RELLIS-3D,00003_001631_04,0,0.05485066771507263,0.08553066849708557,0.0,0.550000011920929,R1,7
zero,inf,RELLIS-3D,00003_001631_04,0,0.04461485147476196,0.07671061158180237,0.0,0.5502388924360275,R1,8
learned,0.2614685396353404,RELLIS-3D,00003_001631_04,1,0.12235771119594574,0.14555366337299347,0.14555366337299347,0.30825158456961316,R1,0
learned,inf,RELLIS-3D,00003_001631_04,0,0.08856341242790222,0.12430444359779358,0.0,0.5038926204045614,R1,1
learned,inf,RELLIS-3D,00003_001631_04,0,0.08395767211914062,0.11950050294399261,0.0,0.5442446817954382,R1,2
learned,inf,RELLIS-3D,00003_001631_04,0,0.08036048710346222,0.11335478723049164,0.0,0.549312541882197,R1,3
learned,0.5493682871262232,RELLIS-3D,00003_001631_04,0,0.07887113839387894,0.11119411885738373,0.0,0.5493682871262232,R1,4
learned,0.549864798784256,RELLIS-3D,00003_001631_04,0,0.07718690484762192,0.11069102585315704,0.0,0.549864798784256,R1,5
learned,0.550000011920929,RELLIS-3D,00003_001631_04,0,0.07123947888612747,0.10273408889770508,0.0,0.550000011920929,R1,6
learned,0.550000011920929,RELLIS-3D,00003_001631_04,0,0.05485066771507263,0.08553066849708557,0.0,0.550000011920929,R1,7
learned,inf,RELLIS-3D,00003_001631_04,0,0.04461485147476196,0.07671061158180237,0.0,0.5502388924360275,R1,8
fixed,0.2614685396353404,RELLIS-3D,00003_001631_04,1,0.12235771119594574,0.14555366337299347,1.5,0.30825158456961316,R1,0
fixed,inf,RELLIS-3D,00003_001631_04,0,0.08856337517499924,0.12430313229560852,0.0,0.5038926204045614,R1,1
fixed,inf,RELLIS-3D,00003_001631_04,0,0.08395779132843018,0.11949852854013443,0.0,0.5442446817954382,R1,2
fixed,inf,RELLIS-3D,00003_001631_04,0,0.08036045730113983,0.11335466802120209,0.0,0.549312541882197,R1,3
fixed,0.5493682871262232,RELLIS-3D,00003_001631_04,0,0.07887128740549088,0.11119438707828522,0.0,0.5493682871262232,R1,4
fixed,0.549864798784256,RELLIS-3D,00003_001631_04,0,0.07718701660633087,0.11069124937057495,0.0,0.549864798784256,R1,5
fixed,0.550000011920929,RELLIS-3D,00003_001631_04,0,0.07123944163322449,0.10273414850234985,0.0,0.550000011920929,R1,6
fixed,0.550000011920929,RELLIS-3D,00003_001631_04,0,0.05485069379210472,0.08553066849708557,0.0,0.550000011920929,R1,7
fixed,inf,RELLIS-3D,00003_001631_04,0,0.04461482912302017,0.07671061158180237,0.0,0.5502388924360275,R1,8
zero,0.2358458675444126,DFC2018,0000,1,1.0181019306182861,2.073268175125122,0.0,0.2493764248987039,soft-dominant-test,0
zero,0.24959557503461838,DFC2018,0000,0,0.8857134580612183,2.013154983520508,0.0,0.2499172861377398,soft-dominant-test,1
zero,0.1811814901108543,DFC2018,0000,0,0.9320873022079468,2.0596251487731934,0.0,0.19050535466521978,soft-dominant-test,2
zero,0.045566057572917394,DFC2018,0000,0,1.0353690385818481,2.117945909500122,0.0,0.047775278644015394,soft-dominant-test,3
zero,0.006565390676550524,DFC2018,0000,0,1.1630791425704956,2.1938278675079346,0.0,0.007595580747732811,soft-dominant-test,4
zero,2.1814337491044e-05,DFC2018,0000,0,1.2994455099105835,2.2374870777130127,0.0,2.185434200393151e-05,soft-dominant-test,5
zero,1.0831391561438863e-08,DFC2018,0000,0,1.3511734008789062,2.247587203979492,0.0,1.733945638922781e-08,soft-dominant-test,6
zero,2.227133766297129e-08,DFC2018,0000,0,1.364883303642273,2.253155469894409,0.0,6.380815958014392e-08,soft-dominant-test,7
zero,1.96291739806842e-10,DFC2018,0000,0,1.3818870782852173,2.258463144302368,0.0,4.5096752387951966e-08,soft-dominant-test,8
zero,1.1263792093485492e-08,DFC2018,0000,0,1.3863050937652588,2.2622427940368652,0.0,1.6466618824040324e-07,soft-dominant-test,9
zero,0.0,DFC2018,0000,0,1.3874187469482422,2.263986110687256,0.0,3.799573446864694e-05,soft-dominant-test,10
zero,2.0290386052122336e-07,DFC2018,0000,0,1.385087490081787,2.2644386291503906,0.0,0.00028519624561340606,soft-dominant-test,11
zero,2.3870924805521426e-05,DFC2018,0000,0,1.3837921619415283,2.2631778717041016,0.0,0.001088248109833027,soft-dominant-test,12
zero,8.96272195460406e-05,DFC2018,0000,0,1.3815574645996094,2.2618653774261475,0.0,0.0036721126719688377,soft-dominant-test,13
zero,0.00039764835268581616,DFC2018,0000,0,1.3803130388259888,2.2612719535827637,0.0,0.008723148649247984,soft-dominant-test,14
zero,0.0013315689707873446,DFC2018,0000,1,1.3800432682037354,2.261138439178467,0.0,0.016589012695476413,soft-dominant-test,15
zero,0.003137636520648357,DFC2018,0000,1,1.3800532817840576,2.2611207962036133,0.0,0.02623206501205762,soft-dominant-test,16
zero,0.00700821451240093,DFC2018,0000,1,1.3806451559066772,2.2613794803619385,0.0,0.02948184156169494,soft-dominant-test,17
zero,0.005964482027573344,DFC2018,0000,1,1.382309079170227,2.2621729373931885,0.0,0.018802439017842214,soft-dominant-test,18
zero,0.0015012756204271227,DFC2018,0000,0,1.3841149806976318,2.2631945610046387,0.0,0.0032656131776699717,soft-dominant-test,19
zero,8.626121799538053e-06,DFC2018,0000,0,1.3846200704574585,2.26350998878479,0.0,0.00035917294493022683,soft-dominant-test,20
zero,1.0688449899283933e-05,DFC2018,0000,0,1.384811520576477,2.2635178565979004,0.0,7.224318706278154e-05,soft-dominant-test,21
zero,6.17691339119264e-08,DFC2018,0000,0,1.383941888809204,2.2631378173828125,0.0,7.603864498722154e-07,soft-dominant-test,22
zero,1.318453339097895e-07,DFC2018,0000,0,1.3808526992797852,2.2624409198760986,0.0,0.00011675410443898425,soft-dominant-test,23
zero,2.507669307760807e-05,DFC2018,0000,0,1.3104195594787598,2.2894718647003174,0.0,0.008356144382939116,soft-dominant-test,24
zero,0.0010870483985386745,DFC2018,0000,0,1.2869057655334473,2.2639856338500977,0.0,0.002932423801283335,soft-dominant-test,25
zero,0.0,DFC2018,0000,0,1.3267558813095093,2.283764600753784,0.0,5.982360088789089e-08,soft-dominant-test,26
zero,0.0,DFC2018,0000,0,1.3581831455230713,2.3012337684631348,0.0,0.0,soft-dominant-test,27
zero,0.0,DFC2018,0000,0,1.3605796098709106,2.3013675212860107,0.0,0.0,soft-dominant-test,28
zero,0.0,DFC2018,0000,0,1.3587653636932373,2.3027801513671875,0.0,0.0,soft-dominant-test,29
zero,0.0,DFC2018,0000,0,1.3558533191680908,2.304839849472046,0.0,0.0,soft-dominant-test,30
zero,0.0,DFC2018,0000,0,1.3467246294021606,2.3114726543426514,0.0,0.0,soft-dominant-test,31
zero,0.0,DFC2018,0000,0,1.3883569240570068,2.2652127742767334,0.0,0.0,soft-dominant-test,32
zero,0.0,DFC2018,0000,0,1.388371467590332,2.2652106285095215,0.0,0.0,soft-dominant-test,33
zero,0.0,DFC2018,0000,0,1.3883792161941528,2.265209436416626,0.0,0.0,soft-dominant-test,34
zero,0.0,DFC2018,0000,0,1.3883792161941528,2.265209197998047,0.0,0.0,soft-dominant-test,35
zero,0.0,DFC2018,0000,0,1.38837468624115,2.2652077674865723,0.0,0.0,soft-dominant-test,36
zero,0.0,DFC2018,0000,0,1.3872660398483276,2.2646708488464355,0.0,1.2284270193655782e-06,soft-dominant-test,37
zero,1.642336286527176e-07,DFC2018,0000,0,1.3856594562530518,2.263901710510254,0.0,6.056811102439497e-06,soft-dominant-test,38
zero,9.6124921129583e-07,DFC2018,0000,0,1.3863470554351807,2.264392375946045,0.0,1.9804049268638362e-05,soft-dominant-test,39
zero,1.4108306349847055e-06,DFC2018,0000,0,1.3856148719787598,2.263932704925537,0.0,1.300253169726299e-05,soft-dominant-test,40
zero,0.0,DFC2018,0000,0,1.3842724561691284,2.2632131576538086,0.0,0.0,soft-dominant-test,41
zero,0.0,DFC2018,0000,0,1.3767595291137695,2.2890913486480713,0.0,0.0,soft-dominant-test,42
zero,0.0,DFC2018,0000,0,1.3711572885513306,2.3029956817626953,0.0,0.0,soft-dominant-test,43
zero,0.0,DFC2018,0000,0,1.372361183166504,2.3035366535186768,0.0,0.0,soft-dominant-test,44
zero,0.0,DFC2018,0000,0,1.3766664266586304,2.294973850250244,0.0,0.0,soft-dominant-test,45
zero,0.0,DFC2018,0000,0,1.374739646911621,2.2985262870788574,0.0,0.0,soft-dominant-test,46
zero,0.0,DFC2018,0000,0,1.3736567497253418,2.30163311958313,0.0,0.0,soft-dominant-test,47
zero,0.0,DFC2018,0000,0,1.3734095096588135,2.3022775650024414,0.0,0.0,soft-dominant-test,48
zero,0.0,DFC2018,0000,0,1.3734620809555054,2.302088975906372,0.0,0.0,soft-dominant-test,49
zero,0.0,DFC2018,0000,0,1.37270188331604,2.3020191192626953,0.0,0.0,soft-dominant-test,50
zero,0.0,DFC2018,0000,0,1.3731582164764404,2.301929235458374,0.0,0.0,soft-dominant-test,51
zero,0.0,DFC2018,0000,0,1.373510479927063,2.301894187927246,0.0,0.0,soft-dominant-test,52
zero,0.0,DFC2018,0000,0,1.3735780715942383,2.301894426345825,0.0,0.0,soft-dominant-test,53
zero,0.0,DFC2018,0000,0,1.3735495805740356,2.3019001483917236,0.0,0.0,soft-dominant-test,54
zero,0.0,DFC2018,0000,0,1.3745615482330322,2.301759958267212,0.0,0.0,soft-dominant-test,55
zero,0.0,DFC2018,0000,0,1.3759641647338867,2.2949912548065186,0.0,0.0,soft-dominant-test,56
zero,0.0,DFC2018,0000,0,1.3743723630905151,2.29876708984375,0.0,0.0,soft-dominant-test,57
zero,0.0,DFC2018,0000,0,1.372901201248169,2.3016550540924072,0.0,8.7425814943957e-08,soft-dominant-test,58
zero,2.228499963970639e-06,DFC2018,0000,0,1.3685762882232666,2.3005499839782715,0.0,0.0005155759349994987,soft-dominant-test,59
zero,9.541105900368052e-05,DFC2018,0000,1,1.3581825494766235,2.2955167293548584,0.0,0.0183012130720878,soft-dominant-test,60
zero,0.030439913796726614,DFC2018,0000,0,1.3511300086975098,2.291079521179199,0.0,0.0352756001908953,soft-dominant-test,61
zero,0.012244091715144312,DFC2018,0000,0,1.3477387428283691,2.289126396179199,0.0,0.012607885585263526,soft-dominant-test,62
zero,8.818450968798668e-05,DFC2018,0000,0,1.3427274227142334,2.286501884460449,0.0,0.0007447385190365216,soft-dominant-test,63
zero,0.002291637121743406,DFC2018,0000,0,1.3405427932739258,2.2865588665008545,0.0,0.005777076757415974,soft-dominant-test,64
zero,0.025514298749233905,DFC2018,0000,0,1.3369135856628418,2.2852180004119873,0.0,0.03453708401260277,soft-dominant-test,65
learned,0.2358458675444126,DFC2018,0000,1,1.0181019306182861,2.073268175125122,2.073268175125122,0.2493764248987039,soft-dominant-test,0
learned,0.24959557503461838,DFC2018,0000,0,0.8857138156890869,2.0131545066833496,0.0,0.2499172861377398,soft-dominant-test,1
learned,0.1811814901108543,DFC2018,0000,0,0.9320875406265259,2.059624671936035,0.0,0.19050535466521978,soft-dominant-test,2
learned,0.045566057572917394,DFC2018,0000,0,1.0353690385818481,2.117945671081543,0.0,0.047775278644015394,soft-dominant-test,3
learned,0.006565390676550524,DFC2018,0000,0,1.1630791425704956,2.1938273906707764,0.0,0.007595580747732811,soft-dominant-test,4
learned,2.1814337491044e-05,DFC2018,0000,0,1.2994455099105835,2.2374870777130127,0.0,2.185434200393151e-05,soft-dominant-test,5
learned,1.0831391561438863e-08,DFC2018,0000,0,1.3511734008789062,2.247587203979492,0.0,1.733945638922781e-08,soft-dominant-test,6
learned,2.227133766297129e-08,DFC2018,0000,0,1.364883303642273,2.253155469894409,0.0,6.380815958014392e-08,soft-dominant-test,7
learned,1.96291739806842e-10,DFC2018,0000,0,1.3818870782852173,2.258463144302368,0.0,4.5096752387951966e-08,soft-dominant-test,8
learned,1.1263792093485492e-08,DFC2018,0000,0,1.3863050937652588,2.2622427940368652,0.0,1.6466618824040324e-07,soft-dominant-test,9
learned,0.0,DFC2018,0000,0,1.3874187469482422,2.263986110687256,0.0,3.799573446864694e-05,soft-dominant-test,10
learned,2.0290386052122336e-07,DFC2018,0000,0,1.385087490081787,2.2644386291503906,0.0,0.00028519624561340606,soft-dominant-test,11
learned,2.3870924805521426e-05,DFC2018,0000,0,1.3837921619415283,2.2631778717041016,0.0,0.001088248109833027,soft-dominant-test,12
learned,8.96272195460406e-05,DFC2018,0000,0,1.3815574645996094,2.2618653774261475,0.0,0.0036721126719688377,soft-dominant-test,13
learned,0.00039764835268581616,DFC2018,0000,0,1.3803130388259888,2.2612719535827637,0.0,0.008723148649247984,soft-dominant-test,14
learned,0.0013315689707873446,DFC2018,0000,1,1.3800432682037354,2.261138439178467,2.261138439178467,0.016589012695476413,soft-dominant-test,15
learned,0.003137636520648357,DFC2018,0000,1,1.380054235458374,2.2611184120178223,2.2611184120178223,0.02623206501205762,soft-dominant-test,16
learned,0.00700821451240093,DFC2018,0000,1,1.3806463479995728,2.2613766193389893,2.2613766193389893,0.02948184156169494,soft-dominant-test,17
learned,0.005964482027573344,DFC2018,0000,1,1.3823093175888062,2.2621724605560303,2.2621724605560303,0.018802439017842214,soft-dominant-test,18
learned,0.0015012756204271227,DFC2018,0000,0,1.3841149806976318,2.2631964683532715,0.0,0.0032656131776699717,soft-dominant-test,19
learned,8.626121799538053e-06,DFC2018,0000,0,1.384619951248169,2.2635109424591064,0.0,0.00035917294493022683,soft-dominant-test,20
learned,1.0688449899283933e-05,DFC2018,0000,0,1.384811520576477,2.2635178565979004,0.0,7.224318706278154e-05,soft-dominant-test,21
learned,6.17691339119264e-08,DFC2018,0000,0,1.383941650390625,2.2631378173828125,0.0,7.603864498722154e-07,soft-dominant-test,22
learned,1.318453339097895e-07,DFC2018,0000,0,1.3808525800704956,2.2624409198760986,0.0,0.00011675410443898425,soft-dominant-test,23
learned,2.507669307760807e-05,DFC2018,0000,0,1.3104194402694702,2.289471387863159,0.0,0.008356144382939116,soft-dominant-test,24
learned,0.0010870483985386745,DFC2018,0000,0,1.2869057655334473,2.2639856338500977,0.0,0.002932423801283335,soft-dominant-test,25
learned,0.0,DFC2018,0000,0,1.3267558813095093,2.283764600753784,0.0,5.982360088789089e-08,soft-dominant-test,26
learned,0.0,DFC2018,0000,0,1.3581831455230713,2.3012337684631348,0.0,0.0,soft-dominant-test,27
learned,0.0,DFC2018,0000,0,1.3605796098709106,2.3013675212860107,0.0,0.0,soft-dominant-test,28
learned,0.0,DFC2018,0000,0,1.3587653636932373,2.3027801513671875,0.0,0.0,soft-dominant-test,29
learned,0.0,DFC2018,0000,0,1.3558533191680908,2.304839849472046,0.0,0.0,soft-dominant-test,30
learned,0.0,DFC2018,0000,0,1.3467246294021606,2.3114726543426514,0.0,0.0,soft-dominant-test,31
learned,0.0,DFC2018,0000,0,1.3883569240570068,2.2652127742767334,0.0,0.0,soft-dominant-test,32
learned,0.0,DFC2018,0000,0,1.388371467590332,2.2652106285095215,0.0,0.0,soft-dominant-test,33
learned,0.0,DFC2018,0000,0,1.3883792161941528,2.265209436416626,0.0,0.0,soft-dominant-test,34
learned,0.0,DFC2018,0000,0,1.3883792161941528,2.265209197998047,0.0,0.0,soft-dominant-test,35
learned,0.0,DFC2018,0000,0,1.38837468624115,2.2652077674865723,0.0,0.0,soft-dominant-test,36
learned,0.0,DFC2018,0000,0,1.3872660398483276,2.2646708488464355,0.0,1.2284270193655782e-06,soft-dominant-test,37
learned,1.642336286527176e-07,DFC2018,0000,0,1.3856594562530518,2.263901710510254,0.0,6.056811102439497e-06,soft-dominant-test,38
learned,9.6124921129583e-07,DFC2018,0000,0,1.3863470554351807,2.264392375946045,0.0,1.9804049268638362e-05,soft-dominant-test,39
learned,1.4108306349847055e-06,DFC2018,0000,0,1.3856148719787598,2.263932704925537,0.0,1.300253169726299e-05,soft-dominant-test,40
learned,0.0,DFC2018,0000,0,1.3842724561691284,2.2632131576538086,0.0,0.0,soft-dominant-test,41
learned,0.0,DFC2018,0000,0,1.3767595291137695,2.2890913486480713,0.0,0.0,soft-dominant-test,42
learned,0.0,DFC2018,0000,0,1.3711572885513306,2.3029956817626953,0.0,0.0,soft-dominant-test,43
learned,0.0,DFC2018,0000,0,1.372361183166504,2.3035366535186768,0.0,0.0,soft-dominant-test,44
learned,0.0,DFC2018,0000,0,1.3766664266586304,2.294973850250244,0.0,0.0,soft-dominant-test,45
learned,0.0,DFC2018,0000,0,1.374739646911621,2.2985262870788574,0.0,0.0,soft-dominant-test,46
learned,0.0,DFC2018,0000,0,1.3736567497253418,2.30163311958313,0.0,0.0,soft-dominant-test,47
learned,0.0,DFC2018,0000,0,1.3734095096588135,2.3022775650024414,0.0,0.0,soft-dominant-test,48
learned,0.0,DFC2018,0000,0,1.3734620809555054,2.302088975906372,0.0,0.0,soft-dominant-test,49
learned,0.0,DFC2018,0000,0,1.37270188331604,2.3020191192626953,0.0,0.0,soft-dominant-test,50
learned,0.0,DFC2018,0000,0,1.3731582164764404,2.301929235458374,0.0,0.0,soft-dominant-test,51
learned,0.0,DFC2018,0000,0,1.373510479927063,2.301894187927246,0.0,0.0,soft-dominant-test,52
learned,0.0,DFC2018,0000,0,1.3735780715942383,2.301894426345825,0.0,0.0,soft-dominant-test,53
learned,0.0,DFC2018,0000,0,1.3735495805740356,2.3019001483917236,0.0,0.0,soft-dominant-test,54
learned,0.0,DFC2018,0000,0,1.3745615482330322,2.301759958267212,0.0,0.0,soft-dominant-test,55
learned,0.0,DFC2018,0000,0,1.3759641647338867,2.2949912548065186,0.0,0.0,soft-dominant-test,56
learned,0.0,DFC2018,0000,0,1.3743723630905151,2.29876708984375,0.0,0.0,soft-dominant-test,57
learned,0.0,DFC2018,0000,0,1.372901201248169,2.3016550540924072,0.0,8.7425814943957e-08,soft-dominant-test,58
learned,2.228499963970639e-06,DFC2018,0000,0,1.3685762882232666,2.3005499839782715,0.0,0.0005155759349994987,soft-dominant-test,59
learned,9.541105900368052e-05,DFC2018,0000,1,1.3581825494766235,2.2955167293548584,2.2955167293548584,0.0183012130720878,soft-dominant-test,60
learned,0.030439913796726614,DFC2018,0000,0,1.3511301279067993,2.291078805923462,0.0,0.0352756001908953,soft-dominant-test,61
learned,0.012244091715144312,DFC2018,0000,0,1.3477387428283691,2.289126396179199,0.0,0.012607885585263526,soft-dominant-test,62
learned,8.818450968798668e-05,DFC2018,0000,0,1.3427274227142334,2.286501884460449,0.0,0.0007447385190365216,soft-dominant-test,63
learned,0.002291637121743406,DFC2018,0000,0,1.3405427932739258,2.2865588665008545,0.0,0.005777076757415974,soft-dominant-test,64
learned,0.025514298749233905,DFC2018,0000,0,1.3369135856628418,2.2852180004119873,0.0,0.03453708401260277,soft-dominant-test,65
fixed,0.2358458675444126,DFC2018,0000,1,1.0181019306182861,2.073268175125122,1.5,0.2493764248987039,soft-dominant-test,0
fixed,0.24959557503461838,DFC2018,0000,0,0.8857136964797974,2.013154983520508,0.0,0.2499172861377398,soft-dominant-test,1
fixed,0.1811814901108543,DFC2018,0000,0,0.9320875406265259,2.059624671936035,0.0,0.19050535466521978,soft-dominant-test,2
fixed,0.045566057572917394,DFC2018,0000,0,1.0353690385818481,2.117945671081543,0.0,0.047775278644015394,soft-dominant-test,3
fixed,0.006565390676550524,DFC2018,0000,0,1.1630791425704956,2.1938273906707764,0.0,0.007595580747732811,soft-dominant-test,4
fixed,2.1814337491044e-05,DFC2018,0000,0,1.2994455099105835,2.2374870777130127,0.0,2.185434200393151e-05,soft-dominant-test,5
fixed,1.0831391561438863e-08,DFC2018,0000,0,1.3511734008789062,2.247587203979492,0.0,1.733945638922781e-08,soft-dominant-test,6
fixed,2.227133766297129e-08,DFC2018,0000,0,1.364883303642273,2.253155469894409,0.0,6.380815958014392e-08,soft-dominant-test,7
fixed,1.96291739806842e-10,DFC2018,0000,0,1.3818870782852173,2.258463144302368,0.0,4.5096752387951966e-08,soft-dominant-test,8
fixed,1.1263792093485492e-08,DFC2018,0000,0,1.3863050937652588,2.2622427940368652,0.0,1.6466618824040324e-07,soft-dominant-test,9
fixed,0.0,DFC2018,0000,0,1.3874187469482422,2.263986110687256,0.0,3.799573446864694e-05,soft-dominant-test,10
fixed,2.0290386052122336e-07,DFC2018,0000,0,1.385087490081787,2.2644386291503906,0.0,0.00028519624561340606,soft-dominant-test,11
fixed,2.3870924805521426e-05,DFC2018,0000,0,1.3837921619415283,2.2631778717041016,0.0,0.001088248109833027,soft-dominant-test,12
fixed,8.96272195460406e-05,DFC2018,0000,0,1.3815574645996094,2.2618653774261475,0.0,0.0036721126719688377,soft-dominant-test,13
fixed,0.00039764835268581616,DFC2018,0000,0,1.3803130388259888,2.2612719535827637,0.0,0.008723148649247984,soft-dominant-test,14
fixed,0.0013315689707873446,DFC2018,0000,1,1.3800432682037354,2.261138439178467,1.5,0.016589012695476413,soft-dominant-test,15
fixed,0.003137636520648357,DFC2018,0000,1,1.380053997039795,2.2611191272735596,1.5,0.02623206501205762,soft-dominant-test,16
fixed,0.00700821451240093,DFC2018,0000,1,1.380645751953125,2.2613775730133057,1.5,0.02948184156169494,soft-dominant-test,17
fixed,0.005964482027573344,DFC2018,0000,1,1.3823087215423584,2.2621726989746094,1.5,0.018802439017842214,soft-dominant-test,18
fixed,0.0015012756204271227,DFC2018,0000,0,1.3841149806976318,2.2631959915161133,0.0,0.0032656131776699717,soft-dominant-test,19
fixed,8.626121799538053e-06,DFC2018,0000,0,1.384619951248169,2.2635107040405273,0.0,0.00035917294493022683,soft-dominant-test,20
fixed,1.0688449899283933e-05,DFC2018,0000,0,1.3848116397857666,2.2635178565979004,0.0,7.224318706278154e-05,soft-dominant-test,21
fixed,6.17691339119264e-08,DFC2018,0000,0,1.383941650390625,2.2631378173828125,0.0,7.603864498722154e-07,soft-dominant-test,22
fixed,1.318453339097895e-07,DFC2018,0000,0,1.3808525800704956,2.2624409198760986,0.0,0.00011675410443898425,soft-dominant-test,23
fixed,2.507669307760807e-05,DFC2018,0000,0,1.3104194402694702,2.289471387863159,0.0,0.008356144382939116,soft-dominant-test,24
fixed,0.0010870483985386745,DFC2018,0000,0,1.2869057655334473,2.2639856338500977,0.0,0.002932423801283335,soft-dominant-test,25
fixed,0.0,DFC2018,0000,0,1.3267558813095093,2.283764600753784,0.0,5.982360088789089e-08,soft-dominant-test,26
fixed,0.0,DFC2018,0000,0,1.3581831455230713,2.3012337684631348,0.0,0.0,soft-dominant-test,27
fixed,0.0,DFC2018,0000,0,1.3605796098709106,2.3013675212860107,0.0,0.0,soft-dominant-test,28
fixed,0.0,DFC2018,0000,0,1.3587653636932373,2.3027801513671875,0.0,0.0,soft-dominant-test,29
fixed,0.0,DFC2018,0000,0,1.3558533191680908,2.304839849472046,0.0,0.0,soft-dominant-test,30
fixed,0.0,DFC2018,0000,0,1.3467246294021606,2.3114726543426514,0.0,0.0,soft-dominant-test,31
fixed,0.0,DFC2018,0000,0,1.3883569240570068,2.2652127742767334,0.0,0.0,soft-dominant-test,32
fixed,0.0,DFC2018,0000,0,1.388371467590332,2.2652106285095215,0.0,0.0,soft-dominant-test,33
fixed,0.0,DFC2018,0000,0,1.3883792161941528,2.265209436416626,0.0,0.0,soft-dominant-test,34
fixed,0.0,DFC2018,0000,0,1.3883792161941528,2.265209197998047,0.0,0.0,soft-dominant-test,35
fixed,0.0,DFC2018,0000,0,1.38837468624115,2.2652077674865723,0.0,0.0,soft-dominant-test,36
fixed,0.0,DFC2018,0000,0,1.3872660398483276,2.2646708488464355,0.0,1.2284270193655782e-06,soft-dominant-test,37
fixed,1.642336286527176e-07,DFC2018,0000,0,1.3856594562530518,2.263901710510254,0.0,6.056811102439497e-06,soft-dominant-test,38
fixed,9.6124921129583e-07,DFC2018,0000,0,1.3863470554351807,2.264392375946045,0.0,1.9804049268638362e-05,soft-dominant-test,39
fixed,1.4108306349847055e-06,DFC2018,0000,0,1.3856148719787598,2.263932704925537,0.0,1.300253169726299e-05,soft-dominant-test,40
fixed,0.0,DFC2018,0000,0,1.3842724561691284,2.2632131576538086,0.0,0.0,soft-dominant-test,41
fixed,0.0,DFC2018,0000,0,1.3767595291137695,2.2890913486480713,0.0,0.0,soft-dominant-test,42
fixed,0.0,DFC2018,0000,0,1.3711572885513306,2.3029956817626953,0.0,0.0,soft-dominant-test,43
fixed,0.0,DFC2018,0000,0,1.372361183166504,2.3035366535186768,0.0,0.0,soft-dominant-test,44
fixed,0.0,DFC2018,0000,0,1.3766664266586304,2.294973850250244,0.0,0.0,soft-dominant-test,45
fixed,0.0,DFC2018,0000,0,1.374739646911621,2.2985262870788574,0.0,0.0,soft-dominant-test,46
fixed,0.0,DFC2018,0000,0,1.3736567497253418,2.30163311958313,0.0,0.0,soft-dominant-test,47
fixed,0.0,DFC2018,0000,0,1.3734095096588135,2.3022775650024414,0.0,0.0,soft-dominant-test,48
fixed,0.0,DFC2018,0000,0,1.3734620809555054,2.302088975906372,0.0,0.0,soft-dominant-test,49
fixed,0.0,DFC2018,0000,0,1.37270188331604,2.3020191192626953,0.0,0.0,soft-dominant-test,50
fixed,0.0,DFC2018,0000,0,1.3731582164764404,2.301929235458374,0.0,0.0,soft-dominant-test,51
fixed,0.0,DFC2018,0000,0,1.373510479927063,2.301894187927246,0.0,0.0,soft-dominant-test,52
fixed,0.0,DFC2018,0000,0,1.3735780715942383,2.301894426345825,0.0,0.0,soft-dominant-test,53
fixed,0.0,DFC2018,0000,0,1.3735495805740356,2.3019001483917236,0.0,0.0,soft-dominant-test,54
fixed,0.0,DFC2018,0000,0,1.3745615482330322,2.301759958267212,0.0,0.0,soft-dominant-test,55
fixed,0.0,DFC2018,0000,0,1.3759641647338867,2.2949912548065186,0.0,0.0,soft-dominant-test,56
fixed,0.0,DFC2018,0000,0,1.3743723630905151,2.29876708984375,0.0,0.0,soft-dominant-test,57
fixed,0.0,DFC2018,0000,0,1.372901201248169,2.3016550540924072,0.0,8.7425814943957e-08,soft-dominant-test,58
fixed,2.228499963970639e-06,DFC2018,0000,0,1.3685762882232666,2.3005499839782715,0.0,0.0005155759349994987,soft-dominant-test,59
fixed,9.541105900368052e-05,DFC2018,0000,1,1.3581825494766235,2.2955167293548584,1.5,0.0183012130720878,soft-dominant-test,60
fixed,0.030439913796726614,DFC2018,0000,0,1.3511301279067993,2.291078805923462,0.0,0.0352756001908953,soft-dominant-test,61
fixed,0.012244091715144312,DFC2018,0000,0,1.3477387428283691,2.289126396179199,0.0,0.012607885585263526,soft-dominant-test,62
fixed,8.818450968798668e-05,DFC2018,0000,0,1.3427274227142334,2.286501884460449,0.0,0.0007447385190365216,soft-dominant-test,63
fixed,0.002291637121743406,DFC2018,0000,0,1.3405427932739258,2.2865588665008545,0.0,0.005777076757415974,soft-dominant-test,64
fixed,0.025514298749233905,DFC2018,0000,0,1.3369135856628418,2.2852180004119873,0.0,0.03453708401260277,soft-dominant-test,65
zero,0.19948520387212434,DFC2018,0007,0,1.0030224323272705,2.09344744682312,0.0,0.19989492868383726,soft-dominant-test,0
zero,3.922836454709848e-06,DFC2018,0007,0,1.2761049270629883,2.2704484462738037,0.0,6.342995861293351e-06,soft-dominant-test,1
zero,3.4644475450142562e-06,DFC2018,0007,0,1.3382850885391235,2.294205665588379,0.0,0.0001829958622396368,soft-dominant-test,2
zero,0.005364173433916264,DFC2018,0007,0,1.3474879264831543,2.2982332706451416,0.0,0.016572985002621127,soft-dominant-test,3
zero,0.02779679421898133,DFC2018,0007,0,1.3442707061767578,2.2958340644836426,0.0,0.03273560149439921,soft-dominant-test,4
zero,0.012854831267759437,DFC2018,0007,0,0.8407455682754517,1.9920189380645752,0.0,0.012854831267759437,soft-dominant-test,5
zero,0.001381464651785791,DFC2018,0007,1,0.11074259877204895,1.023677110671997,0.0,0.021818385340642028,soft-dominant-test,6
zero,0.0005247961441151953,DFC2018,0007,1,0.025494519621133804,0.5478357672691345,0.0,0.04231814877130091,soft-dominant-test,7
zero,inf,DFC2018,0007,0,0.031226137652993202,0.6040578484535217,0.0,0.14041389524936676,soft-dominant-test,8
zero,0.007421800322412723,DFC2018,0007,0,0.041424669325351715,0.7176567316055298,0.0,0.011100781475154994,soft-dominant-test,9
zero,0.00012995765740434853,DFC2018,0007,0,0.03686866536736488,0.7494664788246155,0.0,0.005596635746769607,soft-dominant-test,10
zero,0.00040116934251699377,DFC2018,0007,1,0.026267386972904205,0.6845218539237976,0.0,0.06248473655432463,soft-dominant-test,11
zero,0.005188522619694898,DFC2018,0007,1,0.010063281282782555,0.4447927474975586,0.0,0.01822244895932575,soft-dominant-test,12
zero,0.0026409875995471546,DFC2018,0007,0,0.007687199395149946,0.39221110939979553,0.0,0.010530617618011698,soft-dominant-test,13
zero,0.00027400455012838165,DFC2018,0007,0,0.028136027976870537,0.7055395841598511,0.0,0.0002971866451275673,soft-dominant-test,14
zero,8.170435265020259e-07,DFC2018,0007,0,0.08449409157037735,1.0996938943862915,0.0,3.7482326857481616e-06,soft-dominant-test,15
zero,3.3583421229129346e-10,DFC2018,0007,0,0.24467405676841736,1.5835906267166138,0.0,3.3583421229129346e-10,soft-dominant-test,16
zero,0.0,DFC2018,0007,0,0.6457490921020508,2.0590901374816895,0.0,0.0,soft-dominant-test,17
zero,0.0,DFC2018,0007,0,1.0839810371398926,2.284149408340454,0.0,0.0,soft-dominant-test,18
zero,0.0,DFC2018,0007,0,1.3009315729141235,2.3246817588806152,0.0,0.0,soft-dominant-test,19
zero,0.0,DFC2018,0007,0,1.3567731380462646,2.309756278991699,0.0,0.0,soft-dominant-test,20
zero,0.0,DFC2018,0007,0,1.364171028137207,2.3059866428375244,0.0,0.0,soft-dominant-test,21
zero,0.0,DFC2018,0007,0,1.3649500608444214,2.3061413764953613,0.0,0.0,soft-dominant-test,22
zero,0.0,DFC2018,0007,0,1.364788293838501,2.306258201599121,0.0,0.0,soft-dominant-test,23
zero,0.0,DFC2018,0007,0,1.3645460605621338,2.3063607215881348,0.0,0.0,soft-dominant-test,24
zero,0.0,DFC2018,0007,0,1.3641471862792969,2.3065614700317383,0.0,0.0,soft-dominant-test,25
zero,0.0,DFC2018,0007,0,1.363541603088379,2.306837558746338,0.0,0.0,soft-dominant-test,26
zero,0.0,DFC2018,0007,0,1.362513542175293,2.307236909866333,0.0,0.0,soft-dominant-test,27
zero,0.0,DFC2018,0007,0,1.3609040975570679,2.307612419128418,0.0,0.0,soft-dominant-test,28
zero,0.0,DFC2018,0007,0,1.3582117557525635,2.3081424236297607,0.0,0.0,soft-dominant-test,29
zero,0.0,DFC2018,0007,0,1.3537615537643433,2.3094239234924316,0.0,4.363272883047461e-08,soft-dominant-test,30
zero,1.8657457523385546e-11,DFC2018,0007,0,1.3443220853805542,2.3136253356933594,0.0,2.8425278818082953e-06,soft-dominant-test,31
zero,8.46854540566729e-08,DFC2018,0007,0,1.365181803703308,2.2885842323303223,0.0,3.84385158203789e-05,soft-dominant-test,32
zero,4.885555313194345e-06,DFC2018,0007,0,1.3644993305206299,2.2880194187164307,0.0,4.4698069852226276e-05,soft-dominant-test,33
zero,5.484347546473127e-06,DFC2018,0007,0,1.3663291931152344,2.288965940475464,0.0,9.068869393662193e-06,soft-dominant-test,34
zero,9.044189212363088e-09,DFC2018,0007,0,1.368246078491211,2.289804697036743,0.0,1.0420208836995718e-08,soft-dominant-test,35
zero,0.0,DFC2018,0007,0,1.3709983825683594,2.2910263538360596,0.0,0.0,soft-dominant-test,36
zero,0.0,DFC2018,0007,0,1.379440426826477,2.288783073425293,0.0,0.0,soft-dominant-test,37
zero,0.0,DFC2018,0007,0,1.3838170766830444,2.2897961139678955,0.0,0.0,soft-dominant-test,38
zero,0.0,DFC2018,0007,0,1.3862826824188232,2.288198947906494,0.0,0.0,soft-dominant-test,39
zero,0.0,DFC2018,0007,0,1.3868831396102905,2.2872560024261475,0.0,0.0,soft-dominant-test,40
zero,0.0,DFC2018,0007,0,1.389570951461792,2.284085750579834,0.0,0.0,soft-dominant-test,41
zero,0.0,DFC2018,0007,0,1.3827481269836426,2.291031837463379,0.0,0.0,soft-dominant-test,42
zero,0.0,DFC2018,0007,0,1.3555138111114502,2.3127095699310303,0.0,0.0,soft-dominant-test,43
zero,0.0,DFC2018,0007,0,1.3471168279647827,2.318162441253662,0.0,0.0,soft-dominant-test,44
zero,0.0,DFC2018,0007,0,1.3833523988723755,2.290454626083374,0.0,0.0,soft-dominant-test,45
zero,0.0,DFC2018,0007,0,1.3833296298980713,2.2904763221740723,0.0,0.0,soft-dominant-test,46
zero,0.0,DFC2018,0007,0,1.3833242654800415,2.2904820442199707,0.0,0.0,soft-dominant-test,47
zero,0.0,DFC2018,0007,0,1.3833247423171997,2.2904810905456543,0.0,0.0,soft-dominant-test,48
zero,0.0,DFC2018,0007,0,1.3833250999450684,2.290480375289917,0.0,0.0,soft-dominant-test,49
zero,0.0,DFC2018,0007,0,1.3833253383636475,2.290480375289917,0.0,0.0,soft-dominant-test,50
zero,0.0,DFC2018,0007,0,1.3833250999450684,2.290480375289917,0.0,0.0,soft-dominant-test,51
zero,0.0,DFC2018,0007,0,1.3833253383636475,2.290480375289917,0.0,0.0,soft-dominant-test,52
zero,0.0,DFC2018,0007,0,1.383279800415039,2.290479898452759,0.0,0.0,soft-dominant-test,53
zero,0.0,DFC2018,0007,0,1.3693524599075317,2.2871170043945312,0.0,0.0,soft-dominant-test,54
zero,0.0,DFC2018,0007,0,0.9101986885070801,2.0847904682159424,0.0,5.931103312188194e-07,soft-dominant-test,55
zero,0.0,DFC2018,0007,0,0.2382294237613678,1.3408379554748535,0.0,0.002907295863222951,soft-dominant-test,56
zero,0.00035508918546156565,DFC2018,0007,1,0.113552987575531,0.932411789894104,0.0,0.10645193890668452,soft-dominant-test,57
zero,0.08331392317389448,DFC2018,0007,1,0.12111729383468628,0.9522456526756287,0.0,0.2995295152068138,soft-dominant-test,58
zero,inf,DFC2018,0007,0,0.10071609914302826,0.9690984487533569,0.0,0.7674329876899719,soft-dominant-test,59
zero,0.03225195074143509,DFC2018,0007,1,0.025218045338988304,0.5525931119918823,0.0,0.07781983302398161,soft-dominant-test,60
zero,inf,DFC2018,0007,0,0.026430819183588028,0.5406748652458191,0.0,0.2812693491578102,soft-dominant-test,61
zero,0.019595822972497068,DFC2018,0007,0,0.19096699357032776,1.2064473628997803,0.0,0.0203993860172846,soft-dominant-test,62
zero,0.0002409150491142024,DFC2018,0007,1,0.0880759060382843,0.9860181212425232,0.0,0.06518308978698972,soft-dominant-test,63
zero,inf,DFC2018,0007,0,0.03873743861913681,0.6576139330863953,0.0,0.15542092472314833,soft-dominant-test,64
zero,inf,DFC2018,0007,0,0.011933282017707825,0.3542869985103607,0.0,0.7497550845146179,soft-dominant-test,65
zero,inf,DFC2018,0007,0,0.014855512417852879,0.40917015075683594,0.0,0.6636770367622375,soft-dominant-test,66
zero,0.08082989576117446,DFC2018,0007,1,0.0066756922751665115,0.3303326666355133,0.0,0.09558554319664836,soft-dominant-test,67
zero,inf,DFC2018,0007,0,0.011853786185383797,0.3891470432281494,0.0,0.14774377085268497,soft-dominant-test,68
zero,inf,DFC2018,0007,0,0.0912214145064354,0.9279488921165466,0.0,0.7214460968971252,soft-dominant-test,69
zero,inf,DFC2018,0007,0,0.19180653989315033,1.2121001482009888,0.0,0.3148147165775299,soft-dominant-test,70
zero,0.00013151808434278914,DFC2018,0007,0,0.1900111883878708,1.211789608001709,0.0,0.00014020924600969634,soft-dominant-test,71
zero,0.0,DFC2018,0007,0,0.5398292541503906,1.8159918785095215,0.0,0.0,soft-dominant-test,72
zero,0.0,DFC2018,0007,0,1.3399511575698853,2.291044235229492,0.0,0.0,soft-dominant-test,73
zero,0.0,DFC2018,0007,0,1.374202013015747,2.2926454544067383,0.0,0.0,soft-dominant-test,74
zero,0.0,DFC2018,0007,0,1.3729459047317505,2.294323205947876,0.0,3.790847339738927e-09,soft-dominant-test,75
zero,0.00010188002145751958,DFC2018,0007,0,1.3603700399398804,2.288388252258301,0.0,0.0015209872729708234,soft-dominant-test,76
zero,0.04692397539414136,DFC2018,0007,1,1.254134178161621,2.2329812049865723,0.0,0.08619614820236166,soft-dominant-test,77
learned,0.19948520387212434,DFC2018,0007,0,1.0030224323272705,2.09344744682312,0.0,0.19989492868383726,soft-dominant-test,0
learned,3.922836454709848e-06,DFC2018,0007,0,1.2761049270629883,2.2704484462738037,0.0,6.342995861293351e-06,soft-dominant-test,1
learned,3.4644475450142562e-06,DFC2018,0007,0,1.3382850885391235,2.294205665588379,0.0,0.0001829958622396368,soft-dominant-test,2
learned,0.005364173433916264,DFC2018,0007,0,1.3474879264831543,2.2982332706451416,0.0,0.016572985002621127,soft-dominant-test,3
learned,0.02779679421898133,DFC2018,0007,0,1.3442707061767578,2.2958340644836426,0.0,0.03273560149439921,soft-dominant-test,4
learned,0.012854831267759437,DFC2018,0007,0,0.8407455682754517,1.9920189380645752,0.0,0.012854831267759437,soft-dominant-test,5
learned,0.001381464651785791,DFC2018,0007,1,0.11074259877204895,1.023677110671997,1.023677110671997,0.021818385340642028,soft-dominant-test,6
learned,0.0005247961441151953,DFC2018,0007,1,0.025494519621133804,0.5478357672691345,0.5478357672691345,0.04231814877130091,soft-dominant-test,7
learned,inf,DFC2018,0007,0,0.031226137652993202,0.6040578484535217,0.0,0.14041389524936676,soft-dominant-test,8
learned,0.007421800322412723,DFC2018,0007,0,0.041424669325351715,0.7176567316055298,0.0,0.011100781475154994,soft-dominant-test,9
learned,0.00012995765740434853,DFC2018,0007,0,0.03686864674091339,0.7494664788246155,0.0,0.005596635746769607,soft-dominant-test,10
learned,0.00040116934251699377,DFC2018,0007,1,0.026267386972904205,0.6845218539237976,0.6845218539237976,0.06248473655432463,soft-dominant-test,11
learned,0.005188522619694898,DFC2018,0007,1,0.010063276626169682,0.4447927474975586,0.4447927474975586,0.01822244895932575,soft-dominant-test,12
learned,0.0026409875995471546,DFC2018,0007,0,0.007687202654778957,0.3922111988067627,0.0,0.010530617618011698,soft-dominant-test,13
learned,0.00027400455012838165,DFC2018,0007,0,0.028136014938354492,0.7055395841598511,0.0,0.0002964921127398175,soft-dominant-test,14
learned,8.170435265020259e-07,DFC2018,0007,0,0.08449401706457138,1.0996938943862915,0.0,3.7482326857481616e-06,soft-dominant-test,15
learned,3.3583421229129346e-10,DFC2018,0007,0,0.24467405676841736,1.5835906267166138,0.0,3.3583421229129346e-10,soft-dominant-test,16
learned,0.0,DFC2018,0007,0,0.6457490921020508,2.0590901374816895,0.0,0.0,soft-dominant-test,17
learned,0.0,DFC2018,0007,0,1.0839810371398926,2.284149408340454,0.0,0.0,soft-dominant-test,18
learned,0.0,DFC2018,0007,0,1.3009315729141235,2.3246817588806152,0.0,0.0,soft-dominant-test,19
learned,0.0,DFC2018,0007,0,1.3567731380462646,2.309756278991699,0.0,0.0,soft-dominant-test,20
learned,0.0,DFC2018,0007,0,1.364171028137207,2.3059866428375244,0.0,0.0,soft-dominant-test,21
learned,0.0,DFC2018,0007,0,1.3649500608444214,2.3061413764953613,0.0,0.0,soft-dominant-test,22
learned,0.0,DFC2018,0007,0,1.364788293838501,2.306258201599121,0.0,0.0,soft-dominant-test,23
learned,0.0,DFC2018,0007,0,1.3645460605621338,2.3063607215881348,0.0,0.0,soft-dominant-test,24
learned,0.0,DFC2018,0007,0,1.3641471862792969,2.3065614700317383,0.0,0.0,soft-dominant-test,25
learned,0.0,DFC2018,0007,0,1.363541603088379,2.306837558746338,0.0,0.0,soft-dominant-test,26
learned,0.0,DFC2018,0007,0,1.362513542175293,2.307236909866333,0.0,0.0,soft-dominant-test,27
learned,0.0,DFC2018,0007,0,1.3609040975570679,2.307612419128418,0.0,0.0,soft-dominant-test,28
learned,0.0,DFC2018,0007,0,1.3582117557525635,2.3081424236297607,0.0,0.0,soft-dominant-test,29
learned,0.0,DFC2018,0007,0,1.3537615537643433,2.3094239234924316,0.0,4.363272883047461e-08,soft-dominant-test,30
learned,1.8657457523385546e-11,DFC2018,0007,0,1.3443220853805542,2.3136253356933594,0.0,2.8425278818082953e-06,soft-dominant-test,31
learned,8.46854540566729e-08,DFC2018,0007,0,1.365181803703308,2.2885842323303223,0.0,3.84385158203789e-05,soft-dominant-test,32
learned,4.885555313194345e-06,DFC2018,0007,0,1.3644993305206299,2.2880194187164307,0.0,4.4698069852226276e-05,soft-dominant-test,33
learned,5.484347546473127e-06,DFC2018,0007,0,1.3663291931152344,2.288965940475464,0.0,9.068869393662193e-06,soft-dominant-test,34
learned,9.044189212363088e-09,DFC2018,0007,0,1.368246078491211,2.289804697036743,0.0,1.0420208836995718e-08,soft-dominant-test,35
learned,0.0,DFC2018,0007,0,1.3709983825683594,2.2910263538360596,0.0,0.0,soft-dominant-test,36
learned,0.0,DFC2018,0007,0,1.379440426826477,2.288783073425293,0.0,0.0,soft-dominant-test,37
learned,0.0,DFC2018,0007,0,1.3838170766830444,2.2897961139678955,0.0,0.0,soft-dominant-test,38
learned,0.0,DFC2018,0007,0,1.3862826824188232,2.288198947906494,0.0,0.0,soft-dominant-test,39
learned,0.0,DFC2018,0007,0,1.3868831396102905,2.2872560024261475,0.0,0.0,soft-dominant-test,40
learned,0.0,DFC2018,0007,0,1.389570951461792,2.284085750579834,0.0,0.0,soft-dominant-test,41
learned,0.0,DFC2018,0007,0,1.3827481269836426,2.291031837463379,0.0,0.0,soft-dominant-test,42
learned,0.0,DFC2018,0007,0,1.3555138111114502,2.3127095699310303,0.0,0.0,soft-dominant-test,43
learned,0.0,DFC2018,0007,0,1.3471168279647827,2.318162441253662,0.0,0.0,soft-dominant-test,44
learned,0.0,DFC2018,0007,0,1.3833523988723755,2.290454626083374,0.0,0.0,soft-dominant-test,45
learned,0.0,DFC2018,0007,0,1.3833296298980713,2.2904763221740723,0.0,0.0,soft-dominant-test,46
learned,0.0,DFC2018,0007,0,1.3833242654800415,2.2904820442199707,0.0,0.0,soft-dominant-test,47
learned,0.0,DFC2018,0007,0,1.3833247423171997,2.2904810905456543,0.0,0.0,soft-dominant-test,48
learned,0.0,DFC2018,0007,0,1.3833250999450684,2.290480375289917,0.0,0.0,soft-dominant-test,49
learned,0.0,DFC2018,0007,0,1.3833253383636475,2.290480375289917,0.0,0.0,soft-dominant-test,50
learned,0.0,DFC2018,0007,0,1.3833250999450684,2.290480375289917,0.0,0.0,soft-dominant-test,51
learned,0.0,DFC2018,0007,0,1.3833253383636475,2.290480375289917,0.0,0.0,soft-dominant-test,52
learned,0.0,DFC2018,0007,0,1.383279800415039,2.290479898452759,0.0,0.0,soft-dominant-test,53
learned,0.0,DFC2018,0007,0,1.3693524599075317,2.2871170043945312,0.0,0.0,soft-dominant-test,54
learned,0.0,DFC2018,0007,0,0.9101986885070801,2.0847904682159424,0.0,5.931103312188194e-07,soft-dominant-test,55
learned,0.0,DFC2018,0007,0,0.2382294237613678,1.3408379554748535,0.0,0.002907295863222951,soft-dominant-test,56
learned,0.00035508918546156565,DFC2018,0007,1,0.113552987575531,0.932411789894104,0.932411789894104,0.10645193890668452,soft-dominant-test,57
learned,0.08331392317389448,DFC2018,0007,1,0.12111648917198181,0.9522479176521301,0.9522479176521301,0.2995295152068138,soft-dominant-test,58
learned,inf,DFC2018,0007,0,0.1007138192653656,0.9691047668457031,0.0,0.7674329876899719,soft-dominant-test,59
learned,0.03225195074143509,DFC2018,0007,1,0.025217970833182335,0.5525952577590942,0.5525952577590942,0.07781983302398161,soft-dominant-test,60
learned,inf,DFC2018,0007,0,0.026430826634168625,0.540674090385437,0.0,0.2812693491578102,soft-dominant-test,61
learned,0.019595822972497068,DFC2018,0007,0,0.19096699357032776,1.2064471244812012,0.0,0.0203993860172846,soft-dominant-test,62
learned,0.0002409150491142024,DFC2018,0007,1,0.0880759060382843,0.9860181212425232,0.9860181212425232,0.06518308978698972,soft-dominant-test,63
learned,inf,DFC2018,0007,0,0.038737423717975616,0.65761399269104,0.0,0.15542092472314833,soft-dominant-test,64
learned,inf,DFC2018,0007,0,0.011933282017707825,0.3542869985103607,0.0,0.7497550845146179,soft-dominant-test,65
learned,inf,DFC2018,0007,0,0.014855512417852879,0.40917015075683594,0.0,0.6636770367622375,soft-dominant-test,66
learned,0.08082989576117446,DFC2018,0007,1,0.0066756922751665115,0.3303326666355133,0.3303326666355133,0.09558554319664836,soft-dominant-test,67
learned,inf,DFC2018,0007,0,0.011853797361254692,0.3891456723213196,0.0,0.14774377085268497,soft-dominant-test,68
learned,inf,DFC2018,0007,0,0.0912216305732727,0.9279481172561646,0.0,0.7214460968971252,soft-dominant-test,69
learned,inf,DFC2018,0007,0,0.19180653989315033,1.2121000289916992,0.0,0.3148147165775299,soft-dominant-test,70
learned,0.00013151808434278914,DFC2018,0007,0,0.19001111388206482,1.2117903232574463,0.0,0.00014020924600969634,soft-dominant-test,71
learned,0.0,DFC2018,0007,0,0.5398292541503906,1.8159918785095215,0.0,0.0,soft-dominant-test,72
learned,0.0,DFC2018,0007,0,1.3399511575698853,2.291044235229492,0.0,0.0,soft-dominant-test,73
learned,0.0,DFC2018,0007,0,1.374202013015747,2.2926454544067383,0.0,0.0,soft-dominant-test,74
learned,0.0,DFC2018,0007,0,1.3729459047317505,2.294323205947876,0.0,3.790847339738927e-09,soft-dominant-test,75
learned,0.00010188002145751958,DFC2018,0007,0,1.3603700399398804,2.288388252258301,0.0,0.0015209872729708234,soft-dominant-test,76
learned,0.04692397539414136,DFC2018,0007,1,1.254134178161621,2.2329812049865723,2.2329812049865723,0.08619614820236166,soft-dominant-test,77
fixed,0.19948520387212434,DFC2018,0007,0,1.0030224323272705,2.09344744682312,0.0,0.19989492868383726,soft-dominant-test,0
fixed,3.922836454709848e-06,DFC2018,0007,0,1.2761049270629883,2.2704484462738037,0.0,6.342995861293351e-06,soft-dominant-test,1
fixed,3.4644475450142562e-06,DFC2018,0007,0,1.3382850885391235,2.294205665588379,0.0,0.0001829958622396368,soft-dominant-test,2
fixed,0.005364173433916264,DFC2018,0007,0,1.3474879264831543,2.2982332706451416,0.0,0.016572985002621127,soft-dominant-test,3
fixed,0.02779679421898133,DFC2018,0007,0,1.3442707061767578,2.2958340644836426,0.0,0.03273560149439921,soft-dominant-test,4
fixed,0.012854831267759437,DFC2018,0007,0,0.8407455682754517,1.9920189380645752,0.0,0.012854831267759437,soft-dominant-test,5
fixed,0.001381464651785791,DFC2018,0007,1,0.11074259877204895,1.023677110671997,1.5,0.021818385340642028,soft-dominant-test,6
fixed,0.0005247961441151953,DFC2018,0007,1,0.025494519621133804,0.5478357672691345,1.5,0.04231814877130091,soft-dominant-test,7
fixed,inf,DFC2018,0007,0,0.031226137652993202,0.6040576696395874,0.0,0.14041389524936676,soft-dominant-test,8
fixed,0.007421800322412723,DFC2018,0007,0,0.041424669325351715,0.7176567316055298,0.0,0.011100781475154994,soft-dominant-test,9
fixed,0.00012995765740434853,DFC2018,0007,0,0.03686864674091339,0.7494663596153259,0.0,0.005596635746769607,soft-dominant-test,10
fixed,0.00040116934251699377,DFC2018,0007,1,0.026267386972904205,0.6845219135284424,1.5,0.06248473655432463,soft-dominant-test,11
fixed,0.005188522619694898,DFC2018,0007,1,0.010063276626169682,0.4447927474975586,1.5,0.01822244895932575,soft-dominant-test,12
fixed,0.0026409875995471546,DFC2018,0007,0,0.007687202654778957,0.39221110939979553,0.0,0.010530617618011698,soft-dominant-test,13
fixed,0.00027400455012838165,DFC2018,0007,0,0.028136027976870537,0.7055394649505615,0.0,0.0002964921127398175,soft-dominant-test,14
fixed,8.170435265020259e-07,DFC2018,0007,0,0.08449405431747437,1.0996938943862915,0.0,3.7482326857481616e-06,soft-dominant-test,15
fixed,3.3583421229129346e-10,DFC2018,0007,0,0.24467405676841736,1.5835907459259033,0.0,3.3583421229129346e-10,soft-dominant-test,16
fixed,0.0,DFC2018,0007,0,0.6457492709159851,2.0590901374816895,0.0,0.0,soft-dominant-test,17
fixed,0.0,DFC2018,0007,0,1.0839810371398926,2.284149408340454,0.0,0.0,soft-dominant-test,18
fixed,0.0,DFC2018,0007,0,1.3009315729141235,2.3246817588806152,0.0,0.0,soft-dominant-test,19
fixed,0.0,DFC2018,0007,0,1.3567726612091064,2.309756278991699,0.0,0.0,soft-dominant-test,20
fixed,0.0,DFC2018,0007,0,1.364171028137207,2.3059866428375244,0.0,0.0,soft-dominant-test,21
fixed,0.0,DFC2018,0007,0,1.3649500608444214,2.3061413764953613,0.0,0.0,soft-dominant-test,22
fixed,0.0,DFC2018,0007,0,1.364788293838501,2.306258201599121,0.0,0.0,soft-dominant-test,23
fixed,0.0,DFC2018,0007,0,1.3645460605621338,2.3063607215881348,0.0,0.0,soft-dominant-test,24
fixed,0.0,DFC2018,0007,0,1.3641471862792969,2.3065614700317383,0.0,0.0,soft-dominant-test,25
fixed,0.0,DFC2018,0007,0,1.363541603088379,2.306837558746338,0.0,0.0,soft-dominant-test,26
fixed,0.0,DFC2018,0007,0,1.362513542175293,2.307236909866333,0.0,0.0,soft-dominant-test,27
fixed,0.0,DFC2018,0007,0,1.3609040975570679,2.307612419128418,0.0,0.0,soft-dominant-test,28
fixed,0.0,DFC2018,0007,0,1.3582117557525635,2.3081424236297607,0.0,0.0,soft-dominant-test,29
fixed,0.0,DFC2018,0007,0,1.3537615537643433,2.3094239234924316,0.0,4.363272883047461e-08,soft-dominant-test,30
fixed,1.8657457523385546e-11,DFC2018,0007,0,1.3443220853805542,2.3136253356933594,0.0,2.8425278818082953e-06,soft-dominant-test,31
fixed,8.46854540566729e-08,DFC2018,0007,0,1.365181803703308,2.2885842323303223,0.0,3.84385158203789e-05,soft-dominant-test,32
fixed,4.885555313194345e-06,DFC2018,0007,0,1.3644993305206299,2.2880194187164307,0.0,4.4698069852226276e-05,soft-dominant-test,33
fixed,5.484347546473127e-06,DFC2018,0007,0,1.3663291931152344,2.288965940475464,0.0,9.068869393662193e-06,soft-dominant-test,34
fixed,9.044189212363088e-09,DFC2018,0007,0,1.368246078491211,2.289804697036743,0.0,1.0420208836995718e-08,soft-dominant-test,35
fixed,0.0,DFC2018,0007,0,1.3709983825683594,2.2910263538360596,0.0,0.0,soft-dominant-test,36
fixed,0.0,DFC2018,0007,0,1.379440426826477,2.288783073425293,0.0,0.0,soft-dominant-test,37
fixed,0.0,DFC2018,0007,0,1.3838170766830444,2.2897961139678955,0.0,0.0,soft-dominant-test,38
fixed,0.0,DFC2018,0007,0,1.3862826824188232,2.288198947906494,0.0,0.0,soft-dominant-test,39
fixed,0.0,DFC2018,0007,0,1.3868831396102905,2.2872560024261475,0.0,0.0,soft-dominant-test,40
fixed,0.0,DFC2018,0007,0,1.389570951461792,2.284085750579834,0.0,0.0,soft-dominant-test,41
fixed,0.0,DFC2018,0007,0,1.3827481269836426,2.291031837463379,0.0,0.0,soft-dominant-test,42
fixed,0.0,DFC2018,0007,0,1.3555138111114502,2.3127095699310303,0.0,0.0,soft-dominant-test,43
fixed,0.0,DFC2018,0007,0,1.3471168279647827,2.318162441253662,0.0,0.0,soft-dominant-test,44
fixed,0.0,DFC2018,0007,0,1.3833523988723755,2.290454626083374,0.0,0.0,soft-dominant-test,45
fixed,0.0,DFC2018,0007,0,1.3833296298980713,2.2904763221740723,0.0,0.0,soft-dominant-test,46
fixed,0.0,DFC2018,0007,0,1.3833242654800415,2.2904820442199707,0.0,0.0,soft-dominant-test,47
fixed,0.0,DFC2018,0007,0,1.3833247423171997,2.2904810905456543,0.0,0.0,soft-dominant-test,48
fixed,0.0,DFC2018,0007,0,1.3833250999450684,2.290480375289917,0.0,0.0,soft-dominant-test,49
fixed,0.0,DFC2018,0007,0,1.3833253383636475,2.290480375289917,0.0,0.0,soft-dominant-test,50
fixed,0.0,DFC2018,0007,0,1.3833250999450684,2.290480375289917,0.0,0.0,soft-dominant-test,51
fixed,0.0,DFC2018,0007,0,1.3833253383636475,2.290480375289917,0.0,0.0,soft-dominant-test,52
fixed,0.0,DFC2018,0007,0,1.383279800415039,2.290479898452759,0.0,0.0,soft-dominant-test,53
fixed,0.0,DFC2018,0007,0,1.3693524599075317,2.2871170043945312,0.0,0.0,soft-dominant-test,54
fixed,0.0,DFC2018,0007,0,0.9101986885070801,2.0847904682159424,0.0,5.931103312188194e-07,soft-dominant-test,55
fixed,0.0,DFC2018,0007,0,0.2382294237613678,1.3408379554748535,0.0,0.002907295863222951,soft-dominant-test,56
fixed,0.00035508918546156565,DFC2018,0007,1,0.113552987575531,0.932411789894104,1.5,0.10645193890668452,soft-dominant-test,57
fixed,0.08331392317389448,DFC2018,0007,1,0.1211158037185669,0.9522495269775391,1.5,0.2995295152068138,soft-dominant-test,58
fixed,inf,DFC2018,0007,0,0.10071244090795517,0.9691086411476135,0.0,0.7674329876899719,soft-dominant-test,59
fixed,0.03225195074143509,DFC2018,0007,1,0.025217970833182335,0.5525960922241211,1.5,0.07781983302398161,soft-dominant-test,60
fixed,inf,DFC2018,0007,0,0.02643084153532982,0.5406728982925415,0.0,0.2812693491578102,soft-dominant-test,61
fixed,0.019595822972497068,DFC2018,0007,0,0.19096708297729492,1.2064467668533325,0.0,0.0203993860172846,soft-dominant-test,62
fixed,0.0002409150491142024,DFC2018,0007,1,0.0880759060382843,0.9860190153121948,1.5,0.06518308978698972,soft-dominant-test,63
fixed,inf,DFC2018,0007,0,0.038737423717975616,0.657614529132843,0.0,0.15542092472314833,soft-dominant-test,64
fixed,inf,DFC2018,0007,0,0.011933269910514355,0.35428720712661743,0.0,0.7497550845146179,soft-dominant-test,65
fixed,inf,DFC2018,0007,0,0.014855518005788326,0.40917015075683594,0.0,0.6636770367622375,soft-dominant-test,66
fixed,0.08082989576117446,DFC2018,0007,1,0.006675689481198788,0.3303326666355133,1.5,0.09558554319664836,soft-dominant-test,67
fixed,inf,DFC2018,0007,0,0.011853836476802826,0.38914188742637634,0.0,0.14774377085268497,soft-dominant-test,68
fixed,inf,DFC2018,0007,0,0.09122223407030106,0.9279465079307556,0.0,0.7214460968971252,soft-dominant-test,69
fixed,inf,DFC2018,0007,0,0.19180671870708466,1.212099313735962,0.0,0.3148147165775299,soft-dominant-test,70
fixed,0.00013151808434278914,DFC2018,0007,0,0.19001102447509766,1.2117911577224731,0.0,0.00014020924600969634,soft-dominant-test,71
fixed,0.0,DFC2018,0007,0,0.5398290753364563,1.8159927129745483,0.0,0.0,soft-dominant-test,72
fixed,0.0,DFC2018,0007,0,1.3399507999420166,2.2910449504852295,0.0,0.0,soft-dominant-test,73
fixed,0.0,DFC2018,0007,0,1.3742015361785889,2.2926464080810547,0.0,0.0,soft-dominant-test,74
fixed,0.0,DFC2018,0007,0,1.3729459047317505,2.294323205947876,0.0,3.790847339738927e-09,soft-dominant-test,75
fixed,0.00010188002145751958,DFC2018,0007,0,1.3603700399398804,2.288388252258301,0.0,0.0015209872729708234,soft-dominant-test,76
fixed,0.04692397539414136,DFC2018,0007,1,1.254134178161621,2.2329812049865723,1.5,0.08619614820236166,soft-dominant-test,77
zero,0.0031889857879499792,DFC2018,0016,0,1.3186490535736084,2.322486400604248,0.0,0.004984219218272301,soft-dominant-test,0
zero,0.01072958298997643,DFC2018,0016,1,1.3196343183517456,2.3171956539154053,0.0,0.047259156844423465,soft-dominant-test,1
zero,0.045774520813210984,DFC2018,0016,0,1.3075287342071533,2.308213472366333,0.0,0.04897007322142599,soft-dominant-test,2
zero,0.002662629579390341,DFC2018,0016,0,1.317529559135437,2.2863776683807373,0.0,0.00335791651089797,soft-dominant-test,3
zero,0.0003070956219441238,DFC2018,0016,0,1.321602463722229,2.2856154441833496,0.0,0.007558879299419156,soft-dominant-test,4
zero,0.013819392381568226,DFC2018,0016,0,1.3388011455535889,2.2937512397766113,0.0,0.01570989231974333,soft-dominant-test,5
zero,0.00019287710824349852,DFC2018,0016,0,1.354836344718933,2.300457239151001,0.0,0.00018742880170926254,soft-dominant-test,6
zero,9.171463079734229e-10,DFC2018,0016,0,1.3573129177093506,2.302194595336914,0.0,9.171463079734229e-10,soft-dominant-test,7
zero,2.0548274069195443e-05,DFC2018,0016,0,1.3522816896438599,2.2984023094177246,0.0,2.0548030745382955e-05,soft-dominant-test,8
zero,0.0004688760884517529,DFC2018,0016,0,1.033884882926941,2.1267623901367188,0.0,0.0023640466473799407,soft-dominant-test,9
zero,0.015277158187624687,DFC2018,0016,1,0.2164919674396515,1.3332362174987793,0.0,0.04679144828696735,soft-dominant-test,10
zero,0.019971783098584543,DFC2018,0016,1,0.11396737396717072,1.0120103359222412,0.0,0.17874755710363388,soft-dominant-test,11
zero,0.006917638751474442,DFC2018,0016,1,0.01828588731586933,0.44918888807296753,0.0,0.09291548281908035,soft-dominant-test,12
zero,0.011043283279529229,DFC2018,0016,1,0.0034606235567480326,0.22136494517326355,0.0,0.07847934697444241,soft-dominant-test,13
zero,0.026453422277332567,DFC2018,0016,1,0.007851434871554375,0.32525962591171265,0.0,0.15290621519088746,soft-dominant-test,14
zero,0.004356084458766414,DFC2018,0016,0,0.005925444420427084,0.301811158657074,0.0,0.009411562677996699,soft-dominant-test,15
zero,3.629362648401487e-05,DFC2018,0016,0,0.007504423148930073,0.35001811385154724,0.0,0.00039849040331318974,soft-dominant-test,16
zero,4.413725370492708e-05,DFC2018,0016,0,0.015501575544476509,0.47927919030189514,0.0,0.0004275320194816838,soft-dominant-test,17
zero,5.248980717927528e-05,DFC2018,0016,0,0.023629307746887207,0.5531379580497742,0.0,0.0004785603499234033,soft-dominant-test,18
zero,1.077214128504996e-05,DFC2018,0016,0,0.020537229254841805,0.5220510959625244,0.0,0.0010574552118972254,soft-dominant-test,19
zero,0.00012881406415902555,DFC2018,0016,0,0.018781473860144615,0.49850061535835266,0.0,0.001486852493447562,soft-dominant-test,20
zero,0.00015580948443035444,DFC2018,0016,0,0.016232669353485107,0.4659019112586975,0.0,0.0019093116667742531,soft-dominant-test,21
zero,0.0003438621606051129,DFC2018,0016,0,0.014005536213517189,0.43338075280189514,0.0,0.002418379900821795,soft-dominant-test,22
zero,0.0007330916966263127,DFC2018,0016,0,0.01810435950756073,0.46940380334854126,0.0,0.002008176141922983,soft-dominant-test,23
zero,0.0012303738758419058,DFC2018,0016,1,0.029111359268426895,0.5583906769752502,0.0,0.06084804873292645,soft-dominant-test,24
zero,0.008038497435957007,DFC2018,0016,0,0.04487394541501999,0.6930978298187256,0.0,0.01690122530514297,soft-dominant-test,25
zero,5.983098962284809e-05,DFC2018,0016,0,0.0655699223279953,0.8480059504508972,0.0,0.00013782499748534369,soft-dominant-test,26
zero,0.0,DFC2018,0016,0,0.15403668582439423,1.2491790056228638,0.0,3.429206844884902e-05,soft-dominant-test,27
zero,0.0,DFC2018,0016,0,0.10168255865573883,1.0896530151367188,0.0,1.0034581767589165e-05,soft-dominant-test,28
zero,1.4031936723668537e-10,DFC2018,0016,0,0.06929503381252289,0.8762110471725464,0.0,2.6725912597817353e-07,soft-dominant-test,29
zero,5.42963903171767e-07,DFC2018,0016,0,0.055756084620952606,0.803989052772522,0.0,3.00961567821408e-05,soft-dominant-test,30
zero,4.325062218942429e-06,DFC2018,0016,0,0.05004344880580902,0.7633318901062012,0.0,0.00028322436204083107,soft-dominant-test,31
zero,0.00021575265989781656,DFC2018,0016,1,0.042792774736881256,0.6913827657699585,0.0,0.025763339814147912,soft-dominant-test,32
zero,0.0029699004750252784,DFC2018,0016,0,0.014181640930473804,0.43726247549057007,0.0,0.003013623949646179,soft-dominant-test,33
zero,1.5827155476359305e-05,DFC2018,0016,0,0.02034294232726097,0.5255080461502075,0.0,1.5827155476359305e-05,soft-dominant-test,34
zero,1.2399167429085385e-06,DFC2018,0016,0,0.06437056511640549,0.8527647256851196,0.0,1.375767608198982e-05,soft-dominant-test,35
zero,5.432362920979964e-07,DFC2018,0016,0,0.21849341690540314,1.3052442073822021,0.0,5.3304620716213926e-05,soft-dominant-test,36
zero,2.55146521010996e-06,DFC2018,0016,0,0.48371002078056335,1.6843013763427734,0.0,4.2804998398556414e-05,soft-dominant-test,37
zero,2.033816405992243e-06,DFC2018,0016,0,0.8314878344535828,1.9812036752700806,0.0,0.00023025056347355152,soft-dominant-test,38
zero,0.00024347698445126298,DFC2018,0016,1,1.1521328687667847,2.187913179397583,0.0,0.01813873676822671,soft-dominant-test,39
zero,0.008869217010214925,DFC2018,0016,1,1.2233307361602783,2.230163812637329,0.0,0.0793562662244464,soft-dominant-test,40
zero,0.03821069766612103,DFC2018,0016,1,1.2028592824935913,2.217790126800537,0.0,0.12704081647098064,soft-dominant-test,41
zero,0.057069741344700255,DFC2018,0016,1,1.1662843227386475,2.1968531608581543,0.0,0.14806814367572466,soft-dominant-test,42
zero,0.1414136334011952,DFC2018,0016,1,1.1291463375091553,2.1769094467163086,0.0,0.2035169961551825,soft-dominant-test,43
zero,0.19256330281496048,DFC2018,0016,1,1.1048080921173096,2.1613240242004395,0.0,0.24334566916028658,soft-dominant-test,44
zero,0.21857534473141035,DFC2018,0016,1,1.0753356218338013,2.143239974975586,0.0,0.2471039518713951,soft-dominant-test,45
zero,0.24711191902558008,DFC2018,0016,0,1.0299458503723145,2.1174635887145996,0.0,0.2494972584148248,soft-dominant-test,46
zero,0.24998562037944794,DFC2018,0016,0,0.9837606549263,2.0878262519836426,0.0,0.24999638522664705,soft-dominant-test,47
zero,0.24999967962503433,DFC2018,0016,0,0.9575740098953247,2.070343255996704,0.0,0.24999999130765596,soft-dominant-test,48
zero,0.2498703102270762,DFC2018,0016,0,0.9192990064620972,2.045785903930664,0.0,0.25,soft-dominant-test,49
learned,0.0031889857879499792,DFC2018,0016,0,1.3186490535736084,2.322486400604248,0.0,0.004984219218272301,soft-dominant-test,0
learned,0.01072958298997643,DFC2018,0016,1,1.3196343183517456,2.3171956539154053,2.3171956539154053,0.047259156844423465,soft-dominant-test,1
learned,0.045774520813210984,DFC2018,0016,0,1.3075281381607056,2.3082151412963867,0.0,0.04897007322142599,soft-dominant-test,2
learned,0.002662629579390341,DFC2018,0016,0,1.3175275325775146,2.2863831520080566,0.0,0.00335791651089797,soft-dominant-test,3
learned,0.0003070956219441238,DFC2018,0016,0,1.3216028213500977,2.2856156826019287,0.0,0.007558879299419156,soft-dominant-test,4
learned,0.013819392381568226,DFC2018,0016,0,1.3388011455535889,2.2937512397766113,0.0,0.01570989231974333,soft-dominant-test,5
learned,0.00019287710824349852,DFC2018,0016,0,1.354836344718933,2.300457239151001,0.0,0.00018742880170926254,soft-dominant-test,6
learned,9.171463079734229e-10,DFC2018,0016,0,1.3573129177093506,2.302194595336914,0.0,9.171463079734229e-10,soft-dominant-test,7
learned,2.0548274069195443e-05,DFC2018,0016,0,1.3522816896438599,2.2984023094177246,0.0,2.0548030745382955e-05,soft-dominant-test,8
learned,0.0004688760884517529,DFC2018,0016,0,1.033884882926941,2.1267623901367188,0.0,0.0023640466473799407,soft-dominant-test,9
learned,0.015277158187624687,DFC2018,0016,1,0.2164919674396515,1.3332362174987793,1.3332362174987793,0.04679144828696735,soft-dominant-test,10
learned,0.019971783098584543,DFC2018,0016,1,0.1139674261212349,1.0120103359222412,1.0120103359222412,0.17874755710363388,soft-dominant-test,11
learned,0.006917638751474442,DFC2018,0016,1,0.018285896629095078,0.4491886794567108,0.4491886794567108,0.09291548281908035,soft-dominant-test,12
learned,0.011043283279529229,DFC2018,0016,1,0.003460621926933527,0.22136488556861877,0.22136488556861877,0.07847934697444241,soft-dominant-test,13
learned,0.026453422277332567,DFC2018,0016,1,0.007851439528167248,0.325259268283844,0.325259268283844,0.15290621519088746,soft-dominant-test,14
learned,0.004356084458766414,DFC2018,0016,0,0.005925442092120647,0.3018110394477844,0.0,0.009411562677996699,soft-dominant-test,15
learned,3.629362648401487e-05,DFC2018,0016,0,0.007504425942897797,0.3500182032585144,0.0,0.00039849040331318974,soft-dominant-test,16
learned,4.413725370492708e-05,DFC2018,0016,0,0.015501575544476509,0.47927919030189514,0.0,0.0004275320194816838,soft-dominant-test,17
learned,5.248980717927528e-05,DFC2018,0016,0,0.023629294708371162,0.5531379580497742,0.0,0.0004785603499234033,soft-dominant-test,18
learned,1.077214128504996e-05,DFC2018,0016,0,0.020537229254841805,0.5220513343811035,0.0,0.0010574552118972254,soft-dominant-test,19
learned,0.00012881406415902555,DFC2018,0016,0,0.018781473860144615,0.49850061535835266,0.0,0.001486852493447562,soft-dominant-test,20
learned,0.00015580948443035444,DFC2018,0016,0,0.016232669353485107,0.4659019112586975,0.0,0.0019093116667742531,soft-dominant-test,21
learned,0.0003438621606051129,DFC2018,0016,0,0.014005536213517189,0.43338075280189514,0.0,0.002418379900821795,soft-dominant-test,22
learned,0.0007330916966263127,DFC2018,0016,0,0.01810435950756073,0.46940380334854126,0.0,0.002008176141922983,soft-dominant-test,23
learned,0.0012303738758419058,DFC2018,0016,1,0.029111359268426895,0.5583906769752502,0.5583906769752502,0.06084804873292645,soft-dominant-test,24
learned,0.008038497435957007,DFC2018,0016,0,0.04487396031618118,0.693097710609436,0.0,0.01690122530514297,soft-dominant-test,25
learned,5.983098962284809e-05,DFC2018,0016,0,0.06556989252567291,0.8480058908462524,0.0,0.00013782499748534369,soft-dominant-test,26
learned,0.0,DFC2018,0016,0,0.1540367603302002,1.2491790056228638,0.0,3.429206844884902e-05,soft-dominant-test,27
learned,0.0,DFC2018,0016,0,0.10168250650167465,1.0896528959274292,0.0,1.0034581767589165e-05,soft-dominant-test,28
learned,1.4031936723668537e-10,DFC2018,0016,0,0.06929506361484528,0.8762109875679016,0.0,2.6725912597817353e-07,soft-dominant-test,29
learned,5.42963903171767e-07,DFC2018,0016,0,0.055756084620952606,0.803989052772522,0.0,3.00961567821408e-05,soft-dominant-test,30
learned,4.325062218942429e-06,DFC2018,0016,0,0.05004344880580902,0.7633318901062012,0.0,0.00028322436204083107,soft-dominant-test,31
learned,0.00021575265989781656,DFC2018,0016,1,0.042792774736881256,0.691382884979248,0.691382884979248,0.025763339814147912,soft-dominant-test,32
learned,0.0029699004750252784,DFC2018,0016,0,0.014181632548570633,0.43726247549057007,0.0,0.003013623949646179,soft-dominant-test,33
learned,1.5827155476359305e-05,DFC2018,0016,0,0.020342933014035225,0.5255079865455627,0.0,1.5827155476359305e-05,soft-dominant-test,34
learned,1.2399167429085385e-06,DFC2018,0016,0,0.06437056511640549,0.8527646064758301,0.0,1.375767608198982e-05,soft-dominant-test,35
learned,5.432362920979964e-07,DFC2018,0016,0,0.21849341690540314,1.3052442073822021,0.0,5.3304620716213926e-05,soft-dominant-test,36
learned,2.55146521010996e-06,DFC2018,0016,0,0.48371002078056335,1.6843013763427734,0.0,4.2804998398556414e-05,soft-dominant-test,37
learned,2.033816405992243e-06,DFC2018,0016,0,0.8314878344535828,1.9812036752700806,0.0,0.00023025056347355152,soft-dominant-test,38
learned,0.00024347698445126298,DFC2018,0016,1,1.1521328687667847,2.187913179397583,2.187913179397583,0.01813873676822671,soft-dominant-test,39
learned,0.008869217010214925,DFC2018,0016,1,1.2233307361602783,2.230163812637329,2.230163812637329,0.0793562662244464,soft-dominant-test,40
learned,0.03821069766612103,DFC2018,0016,1,1.2028590440750122,2.2177906036376953,2.2177906036376953,0.12704081647098064,soft-dominant-test,41
learned,0.057069741344700255,DFC2018,0016,1,1.1662838459014893,2.1968541145324707,2.1968541145324707,0.14806814367572466,soft-dominant-test,42
learned,0.1414136334011952,DFC2018,0016,1,1.1291459798812866,2.176910877227783,2.176910877227783,0.2035169961551825,soft-dominant-test,43
learned,0.19256330281496048,DFC2018,0016,1,1.1048073768615723,2.161325216293335,2.161325216293335,0.24334566916028658,soft-dominant-test,44
learned,0.21857534473141035,DFC2018,0016,1,1.0753356218338013,2.1432409286499023,2.1432409286499023,0.2471039518713951,soft-dominant-test,45
learned,0.24711191902558008,DFC2018,0016,0,1.0299458503723145,2.117464065551758,0.0,0.2494972584148248,soft-dominant-test,46
learned,0.24998562037944794,DFC2018,0016,0,0.9837602972984314,2.0878264904022217,0.0,0.24999638522664705,soft-dominant-test,47
learned,0.24999967962503433,DFC2018,0016,0,0.957574188709259,2.070343255996704,0.0,0.24999999130765596,soft-dominant-test,48
learned,0.2498703102270762,DFC2018,0016,0,0.9192990064620972,2.045785903930664,0.0,0.25,soft-dominant-test,49
fixed,0.0031889857879499792,DFC2018,0016,0,1.3186490535736084,2.322486400604248,0.0,0.004984219218272301,soft-dominant-test,0
fixed,0.01072958298997643,DFC2018,0016,1,1.3196343183517456,2.3171956539154053,1.5,0.047259156844423465,soft-dominant-test,1
fixed,0.045774520813210984,DFC2018,0016,0,1.3075287342071533,2.3082146644592285,0.0,0.04897007322142599,soft-dominant-test,2
fixed,0.002662629579390341,DFC2018,0016,0,1.3175280094146729,2.286381244659424,0.0,0.00335791651089797,soft-dominant-test,3
fixed,0.0003070956219441238,DFC2018,0016,0,1.321602463722229,2.2856156826019287,0.0,0.007558879299419156,soft-dominant-test,4
fixed,0.013819392381568226,DFC2018,0016,0,1.3388011455535889,2.2937512397766113,0.0,0.01570989231974333,soft-dominant-test,5
fixed,0.00019287710824349852,DFC2018,0016,0,1.354836344718933,2.300457239151001,0.0,0.00018742880170926254,soft-dominant-test,6
fixed,9.171463079734229e-10,DFC2018,0016,0,1.3573129177093506,2.302194595336914,0.0,9.171463079734229e-10,soft-dominant-test,7
fixed,2.0548274069195443e-05,DFC2018,0016,0,1.3522816896438599,2.2984023094177246,0.0,2.0548030745382955e-05,soft-dominant-test,8
fixed,0.0004688760884517529,DFC2018,0016,0,1.033884882926941,2.1267623901367188,0.0,0.0023640466473799407,soft-dominant-test,9
fixed,0.015277158187624687,DFC2018,0016,1,0.2164919674396515,1.3332362174987793,1.5,0.04679144828696735,soft-dominant-test,10
fixed,0.019971783098584543,DFC2018,0016,1,0.11396737396717072,1.0120103359222412,1.5,0.17874755710363388,soft-dominant-test,11
fixed,0.006917638751474442,DFC2018,0016,1,0.018285904079675674,0.4491886794567108,1.5,0.09291548281908035,soft-dominant-test,12
fixed,0.011043283279529229,DFC2018,0016,1,0.0034606235567480326,0.22136464715003967,1.5,0.07847934697444241,soft-dominant-test,13
fixed,0.026453422277332567,DFC2018,0016,1,0.007851450704038143,0.3252585530281067,1.5,0.15290621519088746,soft-dominant-test,14
fixed,0.004356084458766414,DFC2018,0016,0,0.005925439298152924,0.30181023478507996,0.0,0.009411562677996699,soft-dominant-test,15
fixed,3.629362648401487e-05,DFC2018,0016,0,0.00750443059951067,0.35001787543296814,0.0,0.00039849040331318974,soft-dominant-test,16
fixed,4.413725370492708e-05,DFC2018,0016,0,0.015501575544476509,0.47927919030189514,0.0,0.0004275320194816838,soft-dominant-test,17
fixed,5.248980717927528e-05,DFC2018,0016,0,0.023629283532500267,0.5531380772590637,0.0,0.0004785603499234033,soft-dominant-test,18
fixed,1.077214128504996e-05,DFC2018,0016,0,0.020537229254841805,0.5220513343811035,0.0,0.0010574552118972254,soft-dominant-test,19
fixed,0.00012881406415902555,DFC2018,0016,0,0.018781473860144615,0.49850061535835266,0.0,0.001486852493447562,soft-dominant-test,20
fixed,0.00015580948443035444,DFC2018,0016,0,0.016232674941420555,0.46590179204940796,0.0,0.0019093116667742531,soft-dominant-test,21
fixed,0.0003438621606051129,DFC2018,0016,0,0.014005536213517189,0.4333806335926056,0.0,0.002418379900821795,soft-dominant-test,22
fixed,0.0007330916966263127,DFC2018,0016,0,0.01810435950756073,0.46940380334854126,0.0,0.002008176141922983,soft-dominant-test,23
fixed,0.0012303738758419058,DFC2018,0016,1,0.029111359268426895,0.5583906769752502,1.5,0.06084804873292645,soft-dominant-test,24
fixed,0.008038497435957007,DFC2018,0016,0,0.044873982667922974,0.6930974125862122,0.0,0.01690122530514297,soft-dominant-test,25
fixed,5.983098962284809e-05,DFC2018,0016,0,0.0655699223279953,0.848005473613739,0.0,0.00013782499748534369,soft-dominant-test,26
fixed,0.0,DFC2018,0016,0,0.1540367603302002,1.2491788864135742,0.0,3.429206844884902e-05,soft-dominant-test,27
fixed,0.0,DFC2018,0016,0,0.10168255865573883,1.0896530151367188,0.0,1.0034581767589165e-05,soft-dominant-test,28
fixed,1.4031936723668537e-10,DFC2018,0016,0,0.0692950040102005,0.8762110471725464,0.0,2.6725912597817353e-07,soft-dominant-test,29
fixed,5.42963903171767e-07,DFC2018,0016,0,0.055756084620952606,0.8039889335632324,0.0,3.00961567821408e-05,soft-dominant-test,30
fixed,4.325062218942429e-06,DFC2018,0016,0,0.05004344880580902,0.7633318901062012,0.0,0.00028322436204083107,soft-dominant-test,31
fixed,0.00021575265989781656,DFC2018,0016,1,0.042792774736881256,0.6913827657699585,1.5,0.025763339814147912,soft-dominant-test,32
fixed,0.0029699004750252784,DFC2018,0016,0,0.014181632548570633,0.4372623562812805,0.0,0.003013623949646179,soft-dominant-test,33
fixed,1.5827155476359305e-05,DFC2018,0016,0,0.020342933014035225,0.5255078673362732,0.0,1.5827155476359305e-05,soft-dominant-test,34
fixed,1.2399167429085385e-06,DFC2018,0016,0,0.06437056511640549,0.8527646064758301,0.0,1.375767608198982e-05,soft-dominant-test,35
fixed,5.432362920979964e-07,DFC2018,0016,0,0.21849341690540314,1.3052442073822021,0.0,5.3304620716213926e-05,soft-dominant-test,36
fixed,2.55146521010996e-06,DFC2018,0016,0,0.48371002078056335,1.684301495552063,0.0,4.2804998398556414e-05,soft-dominant-test,37
fixed,2.033816405992243e-06,DFC2018,0016,0,0.8314878344535828,1.9812036752700806,0.0,0.00023025056347355152,soft-dominant-test,38
fixed,0.00024347698445126298,DFC2018,0016,1,1.1521328687667847,2.187913179397583,1.5,0.01813873676822671,soft-dominant-test,39
fixed,0.008869217010214925,DFC2018,0016,1,1.2233307361602783,2.230163812637329,1.5,0.0793562662244464,soft-dominant-test,40
fixed,0.03821069766612103,DFC2018,0016,1,1.2028592824935913,2.2177906036376953,1.5,0.12704081647098064,soft-dominant-test,41
fixed,0.057069741344700255,DFC2018,0016,1,1.1662838459014893,2.1968536376953125,1.5,0.14806814367572466,soft-dominant-test,42
fixed,0.1414136334011952,DFC2018,0016,1,1.1291459798812866,2.176910400390625,1.5,0.2035169961551825,soft-dominant-test,43
fixed,0.19256330281496048,DFC2018,0016,1,1.1048076152801514,2.1613247394561768,1.5,0.24334566916028658,soft-dominant-test,44
fixed,0.21857534473141035,DFC2018,0016,1,1.0753356218338013,2.1432406902313232,1.5,0.2471039518713951,soft-dominant-test,45
fixed,0.24711191902558008,DFC2018,0016,0,1.0299458503723145,2.1174638271331787,0.0,0.2494972584148248,soft-dominant-test,46
fixed,0.24998562037944794,DFC2018,0016,0,0.9837602972984314,2.0878262519836426,0.0,0.24999638522664705,soft-dominant-test,47
fixed,0.24999967962503433,DFC2018,0016,0,0.957574188709259,2.070343255996704,0.0,0.24999999130765596,soft-dominant-test,48
fixed,0.2498703102270762,DFC2018,0016,0,0.9192991256713867,2.045785903930664,0.0,0.25,soft-dominant-test,49
